,Name,Question,Scores
0,,Q1_1,3
1,,Q1_2,5
2,,Q1_3,3
3,,Q2_1,4
4,,Q2_2,5
5,,Q2_3,4
6,,Q3_1,3
7,,Q3_2,5
8,,Q3_3,4
9,,Q4_1,5
10,,Q4_2,3
11,,Q4_3,6
12,,Q5_1,5
13,,Q5_2,5
14,,Q5_3,3
15,,Q6_1,4
16,,Q6_2,4
17,,Q6_3,3
18,,Q7_1,2
19,,Q7_2,5
20,,Q7_3,3
21,,Q8_1,4
22,,Q8_2,4
23,,Q8_3,3
24,,Q9_1,3
25,,Q9_2,5
26,,Q9_3,3
27,,Q10_1,4
28,,Q10_2,3
29,,Q10_3,3
30,,Q11_1,5
31,,Q11_2,5
32,,Q11_3,3
33,,Q12_1,5
34,,Q12_2,4
35,,Q12_3,3
36,,Q13_1,5
37,,Q13_2,5
38,,Q13_3,4
39,,Q14_1,5
40,,Q14_2,4
41,,Q14_3,3
42,,Q15_1,5
43,,Q15_2,5
44,,Q15_3,3
45,,Q16_1,4
46,,Q16_2,4
47,,Q16_3,3
48,,Q17_1,4
49,,Q17_2,4
50,,Q17_3,5
51,,Q18_1,2
52,,Q18_2,4
53,,Q18_3,4
54,,Q19_1,4
55,,Q19_2,5
56,,Q19_3,4
57,,Q20_1,5
58,,Q20_2,5
59,,Q20_3,3
60,,Q181_1,3
61,,Q181_2,5
62,,Q181_3,2
63,,Q182_1,4
64,,Q182_2,5
65,,Q182_3,3
66,,Q183_1,6
67,,Q183_2,5
68,,Q183_3,4
69,,Q184_1,5
70,,Q184_2,4
71,,Q184_3,4
72,,Q185_1,4
73,,Q185_2,4
74,,Q185_3,3
75,,Q186_1,4
76,,Q186_2,5
77,,Q186_3,4
78,,Q187_1,2
79,,Q187_2,3
80,,Q187_3,3
81,,Q188_1,5
82,,Q188_2,4
83,,Q188_3,4
84,,Q189_1,4
85,,Q189_2,4
86,,Q189_3,3
87,,Q190_1,3
88,,Q190_2,3
89,,Q190_3,3
90,,Q191_1,2
91,,Q191_2,6
92,,Q191_3,1
93,,Q192_1,4
94,,Q192_2,3
95,,Q192_3,3
96,,Q193_1,3
97,,Q193_2,4
98,,Q193_3,3
99,,Q194_1,3
100,,Q194_2,4
101,,Q194_3,3
102,,Q195_1,4
103,,Q195_2,3
104,,Q195_3,3
105,,Q196_1,3
106,,Q196_2,6
107,,Q196_3,7
108,,Q197_1,5
109,,Q197_2,6
110,,Q197_3,3
111,,Q198_1,2
112,,Q198_2,3
113,,Q198_3,3
114,,Q199_1,3
115,,Q199_2,3
116,,Q199_3,3
117,,Q200_1,4
118,,Q200_2,4
119,,Q200_3,3
120,mitubati555,Q1_1,4
121,mitubati555,Q1_2,6
122,mitubati555,Q1_3,3
123,mitubati555,Q2_1,4
124,mitubati555,Q2_2,5
125,mitubati555,Q2_3,3
126,mitubati555,Q3_1,4
127,mitubati555,Q3_2,6
128,mitubati555,Q3_3,3
129,mitubati555,Q4_1,4
130,mitubati555,Q4_2,5
131,mitubati555,Q4_3,5
132,mitubati555,Q5_1,5
133,mitubati555,Q5_2,6
134,mitubati555,Q5_3,4
135,mitubati555,Q6_1,5
136,mitubati555,Q6_2,6
137,mitubati555,Q6_3,3
138,mitubati555,Q7_1,5
139,mitubati555,Q7_2,6
140,mitubati555,Q7_3,5
141,mitubati555,Q8_1,5
142,mitubati555,Q8_2,6
143,mitubati555,Q8_3,4
144,mitubati555,Q9_1,6
145,mitubati555,Q9_2,5
146,mitubati555,Q9_3,3
147,mitubati555,Q10_1,5
148,mitubati555,Q10_2,6
149,mitubati555,Q10_3,3
150,mitubati555,Q11_1,5
151,mitubati555,Q11_2,6
152,mitubati555,Q11_3,3
153,mitubati555,Q12_1,5
154,mitubati555,Q12_2,4
155,mitubati555,Q12_3,6
156,mitubati555,Q13_1,5
157,mitubati555,Q13_2,5
158,mitubati555,Q13_3,4
159,mitubati555,Q14_1,6
160,mitubati555,Q14_2,7
161,mitubati555,Q14_3,4
162,mitubati555,Q15_1,4
163,mitubati555,Q15_2,5
164,mitubati555,Q15_3,3
165,mitubati555,Q16_1,5
166,mitubati555,Q16_2,7
167,mitubati555,Q16_3,2
168,mitubati555,Q17_1,4
169,mitubati555,Q17_2,6
170,mitubati555,Q17_3,3
171,mitubati555,Q18_1,4
172,mitubati555,Q18_2,5
173,mitubati555,Q18_3,2
174,mitubati555,Q19_1,4
175,mitubati555,Q19_2,5
176,mitubati555,Q19_3,3
177,mitubati555,Q20_1,5
178,mitubati555,Q20_2,4
179,mitubati555,Q20_3,4
180,mitubati555,Q181_1,3
181,mitubati555,Q181_2,5
182,mitubati555,Q181_3,2
183,mitubati555,Q182_1,6
184,mitubati555,Q182_2,6
185,mitubati555,Q182_3,4
186,mitubati555,Q183_1,5
187,mitubati555,Q183_2,4
188,mitubati555,Q183_3,2
189,mitubati555,Q184_1,4
190,mitubati555,Q184_2,3
191,mitubati555,Q184_3,3
192,mitubati555,Q185_1,6
193,mitubati555,Q185_2,4
194,mitubati555,Q185_3,3
195,mitubati555,Q186_1,4
196,mitubati555,Q186_2,3
197,mitubati555,Q186_3,2
198,mitubati555,Q187_1,4
199,mitubati555,Q187_2,5
200,mitubati555,Q187_3,2
201,mitubati555,Q188_1,5
202,mitubati555,Q188_2,6
203,mitubati555,Q188_3,5
204,mitubati555,Q189_1,3
205,mitubati555,Q189_2,2
206,mitubati555,Q189_3,2
207,mitubati555,Q190_1,6
208,mitubati555,Q190_2,6
209,mitubati555,Q190_3,5
210,mitubati555,Q191_1,6
211,mitubati555,Q191_2,6
212,mitubati555,Q191_3,3
213,mitubati555,Q192_1,5
214,mitubati555,Q192_2,4
215,mitubati555,Q192_3,4
216,mitubati555,Q193_1,4
217,mitubati555,Q193_2,3
218,mitubati555,Q193_3,2
219,mitubati555,Q194_1,3
220,mitubati555,Q194_2,3
221,mitubati555,Q194_3,1
222,mitubati555,Q195_1,7
223,mitubati555,Q195_2,6
224,mitubati555,Q195_3,3
225,mitubati555,Q196_1,3
226,mitubati555,Q196_2,5
227,mitubati555,Q196_3,2
228,mitubati555,Q197_1,3
229,mitubati555,Q197_2,4
230,mitubati555,Q197_3,1
231,mitubati555,Q198_1,3
232,mitubati555,Q198_2,4
233,mitubati555,Q198_3,3
234,mitubati555,Q199_1,3
235,mitubati555,Q199_2,4
236,mitubati555,Q199_3,4
237,mitubati555,Q200_1,5
238,mitubati555,Q200_2,5
239,mitubati555,Q200_3,3
240,kumiko0402,Q1_1,6
241,kumiko0402,Q1_2,6
242,kumiko0402,Q1_3,3
243,kumiko0402,Q2_1,4
244,kumiko0402,Q2_2,6
245,kumiko0402,Q2_3,3
246,kumiko0402,Q3_1,3
247,kumiko0402,Q3_2,5
248,kumiko0402,Q3_3,5
249,kumiko0402,Q4_1,5
250,kumiko0402,Q4_2,5
251,kumiko0402,Q4_3,2
252,kumiko0402,Q5_1,4
253,kumiko0402,Q5_2,5
254,kumiko0402,Q5_3,4
255,kumiko0402,Q6_1,4
256,kumiko0402,Q6_2,5
257,kumiko0402,Q6_3,3
258,kumiko0402,Q7_1,4
259,kumiko0402,Q7_2,5
260,kumiko0402,Q7_3,4
261,kumiko0402,Q8_1,3
262,kumiko0402,Q8_2,6
263,kumiko0402,Q8_3,3
264,kumiko0402,Q9_1,2
265,kumiko0402,Q9_2,5
266,kumiko0402,Q9_3,3
267,kumiko0402,Q10_1,7
268,kumiko0402,Q10_2,6
269,kumiko0402,Q10_3,3
270,kumiko0402,Q11_1,6
271,kumiko0402,Q11_2,6
272,kumiko0402,Q11_3,4
273,kumiko0402,Q12_1,6
274,kumiko0402,Q12_2,5
275,kumiko0402,Q12_3,3
276,kumiko0402,Q13_1,5
277,kumiko0402,Q13_2,6
278,kumiko0402,Q13_3,5
279,kumiko0402,Q14_1,5
280,kumiko0402,Q14_2,6
281,kumiko0402,Q14_3,5
282,kumiko0402,Q15_1,5
283,kumiko0402,Q15_2,5
284,kumiko0402,Q15_3,5
285,kumiko0402,Q16_1,6
286,kumiko0402,Q16_2,7
287,kumiko0402,Q16_3,3
288,kumiko0402,Q17_1,4
289,kumiko0402,Q17_2,5
290,kumiko0402,Q17_3,3
291,kumiko0402,Q18_1,3
292,kumiko0402,Q18_2,6
293,kumiko0402,Q18_3,2
294,kumiko0402,Q19_1,3
295,kumiko0402,Q19_2,5
296,kumiko0402,Q19_3,4
297,kumiko0402,Q20_1,1
298,kumiko0402,Q20_2,5
299,kumiko0402,Q20_3,1
300,kumiko0402,Q181_1,5
301,kumiko0402,Q181_2,5
302,kumiko0402,Q181_3,4
303,kumiko0402,Q182_1,5
304,kumiko0402,Q182_2,5
305,kumiko0402,Q182_3,2
306,kumiko0402,Q183_1,6
307,kumiko0402,Q183_2,6
308,kumiko0402,Q183_3,5
309,kumiko0402,Q184_1,5
310,kumiko0402,Q184_2,4
311,kumiko0402,Q184_3,4
312,kumiko0402,Q185_1,6
313,kumiko0402,Q185_2,1
314,kumiko0402,Q185_3,5
315,kumiko0402,Q186_1,3
316,kumiko0402,Q186_2,6
317,kumiko0402,Q186_3,5
318,kumiko0402,Q187_1,5
319,kumiko0402,Q187_2,6
320,kumiko0402,Q187_3,3
321,kumiko0402,Q188_1,5
322,kumiko0402,Q188_2,6
323,kumiko0402,Q188_3,5
324,kumiko0402,Q189_1,1
325,kumiko0402,Q189_2,3
326,kumiko0402,Q189_3,3
327,kumiko0402,Q190_1,5
328,kumiko0402,Q190_2,4
329,kumiko0402,Q190_3,5
330,kumiko0402,Q191_1,5
331,kumiko0402,Q191_2,5
332,kumiko0402,Q191_3,2
333,kumiko0402,Q192_1,5
334,kumiko0402,Q192_2,4
335,kumiko0402,Q192_3,6
336,kumiko0402,Q193_1,3
337,kumiko0402,Q193_2,1
338,kumiko0402,Q193_3,5
339,kumiko0402,Q194_1,4
340,kumiko0402,Q194_2,5
341,kumiko0402,Q194_3,4
342,kumiko0402,Q195_1,5
343,kumiko0402,Q195_2,5
344,kumiko0402,Q195_3,4
345,kumiko0402,Q196_1,3
346,kumiko0402,Q196_2,5
347,kumiko0402,Q196_3,4
348,kumiko0402,Q197_1,3
349,kumiko0402,Q197_2,4
350,kumiko0402,Q197_3,4
351,kumiko0402,Q198_1,2
352,kumiko0402,Q198_2,6
353,kumiko0402,Q198_3,3
354,kumiko0402,Q199_1,4
355,kumiko0402,Q199_2,5
356,kumiko0402,Q199_3,6
357,kumiko0402,Q200_1,5
358,kumiko0402,Q200_2,5
359,kumiko0402,Q200_3,6
360,matosa3,Q1_1,5
361,matosa3,Q1_2,6
362,matosa3,Q1_3,4
363,matosa3,Q2_1,5
364,matosa3,Q2_2,5
365,matosa3,Q2_3,4
366,matosa3,Q3_1,5
367,matosa3,Q3_2,5
368,matosa3,Q3_3,4
369,matosa3,Q4_1,4
370,matosa3,Q4_2,5
371,matosa3,Q4_3,4
372,matosa3,Q5_1,5
373,matosa3,Q5_2,5
374,matosa3,Q5_3,4
375,matosa3,Q6_1,5
376,matosa3,Q6_2,5
377,matosa3,Q6_3,4
378,matosa3,Q7_1,4
379,matosa3,Q7_2,5
380,matosa3,Q7_3,3
381,matosa3,Q8_1,4
382,matosa3,Q8_2,5
383,matosa3,Q8_3,3
384,matosa3,Q9_1,5
385,matosa3,Q9_2,6
386,matosa3,Q9_3,3
387,matosa3,Q10_1,5
388,matosa3,Q10_2,4
389,matosa3,Q10_3,3
390,matosa3,Q11_1,6
391,matosa3,Q11_2,5
392,matosa3,Q11_3,4
393,matosa3,Q12_1,4
394,matosa3,Q12_2,4
395,matosa3,Q12_3,4
396,matosa3,Q13_1,5
397,matosa3,Q13_2,5
398,matosa3,Q13_3,4
399,matosa3,Q14_1,6
400,matosa3,Q14_2,5
401,matosa3,Q14_3,5
402,matosa3,Q15_1,4
403,matosa3,Q15_2,4
404,matosa3,Q15_3,3
405,matosa3,Q16_1,5
406,matosa3,Q16_2,5
407,matosa3,Q16_3,4
408,matosa3,Q17_1,3
409,matosa3,Q17_2,5
410,matosa3,Q17_3,2
411,matosa3,Q18_1,3
412,matosa3,Q18_2,5
413,matosa3,Q18_3,3
414,matosa3,Q19_1,5
415,matosa3,Q19_2,6
416,matosa3,Q19_3,4
417,matosa3,Q20_1,4
418,matosa3,Q20_2,4
419,matosa3,Q20_3,3
420,matosa3,Q181_1,5
421,matosa3,Q181_2,5
422,matosa3,Q181_3,4
423,matosa3,Q182_1,5
424,matosa3,Q182_2,5
425,matosa3,Q182_3,3
426,matosa3,Q183_1,6
427,matosa3,Q183_2,6
428,matosa3,Q183_3,4
429,matosa3,Q184_1,4
430,matosa3,Q184_2,4
431,matosa3,Q184_3,4
432,matosa3,Q185_1,4
433,matosa3,Q185_2,3
434,matosa3,Q185_3,4
435,matosa3,Q186_1,3
436,matosa3,Q186_2,5
437,matosa3,Q186_3,4
438,matosa3,Q187_1,3
439,matosa3,Q187_2,4
440,matosa3,Q187_3,3
441,matosa3,Q188_1,5
442,matosa3,Q188_2,5
443,matosa3,Q188_3,5
444,matosa3,Q189_1,3
445,matosa3,Q189_2,4
446,matosa3,Q189_3,4
447,matosa3,Q190_1,5
448,matosa3,Q190_2,3
449,matosa3,Q190_3,5
450,matosa3,Q191_1,5
451,matosa3,Q191_2,5
452,matosa3,Q191_3,3
453,matosa3,Q192_1,6
454,matosa3,Q192_2,5
455,matosa3,Q192_3,5
456,matosa3,Q193_1,2
457,matosa3,Q193_2,2
458,matosa3,Q193_3,2
459,matosa3,Q194_1,4
460,matosa3,Q194_2,4
461,matosa3,Q194_3,4
462,matosa3,Q195_1,5
463,matosa3,Q195_2,5
464,matosa3,Q195_3,4
465,matosa3,Q196_1,5
466,matosa3,Q196_2,3
467,matosa3,Q196_3,4
468,matosa3,Q197_1,4
469,matosa3,Q197_2,4
470,matosa3,Q197_3,3
471,matosa3,Q198_1,4
472,matosa3,Q198_2,5
473,matosa3,Q198_3,3
474,matosa3,Q199_1,4
475,matosa3,Q199_2,4
476,matosa3,Q199_3,5
477,matosa3,Q200_1,5
478,matosa3,Q200_2,5
479,matosa3,Q200_3,5
480,toge7188,Q1_1,6
481,toge7188,Q1_2,6
482,toge7188,Q1_3,6
483,toge7188,Q2_1,4
484,toge7188,Q2_2,5
485,toge7188,Q2_3,5
486,toge7188,Q3_1,4
487,toge7188,Q3_2,5
488,toge7188,Q3_3,5
489,toge7188,Q4_1,5
490,toge7188,Q4_2,6
491,toge7188,Q4_3,5
492,toge7188,Q5_1,4
493,toge7188,Q5_2,6
494,toge7188,Q5_3,4
495,toge7188,Q6_1,4
496,toge7188,Q6_2,6
497,toge7188,Q6_3,4
498,toge7188,Q7_1,3
499,toge7188,Q7_2,5
500,toge7188,Q7_3,5
501,toge7188,Q8_1,5
502,toge7188,Q8_2,6
503,toge7188,Q8_3,5
504,toge7188,Q9_1,5
505,toge7188,Q9_2,7
506,toge7188,Q9_3,5
507,toge7188,Q10_1,6
508,toge7188,Q10_2,6
509,toge7188,Q10_3,6
510,toge7188,Q11_1,5
511,toge7188,Q11_2,7
512,toge7188,Q11_3,6
513,toge7188,Q12_1,6
514,toge7188,Q12_2,6
515,toge7188,Q12_3,6
516,toge7188,Q13_1,5
517,toge7188,Q13_2,6
518,toge7188,Q13_3,6
519,toge7188,Q14_1,5
520,toge7188,Q14_2,6
521,toge7188,Q14_3,6
522,toge7188,Q15_1,5
523,toge7188,Q15_2,5
524,toge7188,Q15_3,6
525,toge7188,Q16_1,4
526,toge7188,Q16_2,7
527,toge7188,Q16_3,5
528,toge7188,Q17_1,4
529,toge7188,Q17_2,5
530,toge7188,Q17_3,4
531,toge7188,Q18_1,5
532,toge7188,Q18_2,7
533,toge7188,Q18_3,6
534,toge7188,Q19_1,6
535,toge7188,Q19_2,6
536,toge7188,Q19_3,5
537,toge7188,Q20_1,4
538,toge7188,Q20_2,6
539,toge7188,Q20_3,4
540,toge7188,Q181_1,5
541,toge7188,Q181_2,6
542,toge7188,Q181_3,6
543,toge7188,Q182_1,5
544,toge7188,Q182_2,6
545,toge7188,Q182_3,6
546,toge7188,Q183_1,6
547,toge7188,Q183_2,6
548,toge7188,Q183_3,6
549,toge7188,Q184_1,6
550,toge7188,Q184_2,5
551,toge7188,Q184_3,6
552,toge7188,Q185_1,5
553,toge7188,Q185_2,4
554,toge7188,Q185_3,5
555,toge7188,Q186_1,4
556,toge7188,Q186_2,5
557,toge7188,Q186_3,5
558,toge7188,Q187_1,5
559,toge7188,Q187_2,4
560,toge7188,Q187_3,5
561,toge7188,Q188_1,5
562,toge7188,Q188_2,5
563,toge7188,Q188_3,5
564,toge7188,Q189_1,4
565,toge7188,Q189_2,4
566,toge7188,Q189_3,4
567,toge7188,Q190_1,4
568,toge7188,Q190_2,5
569,toge7188,Q190_3,4
570,toge7188,Q191_1,4
571,toge7188,Q191_2,6
572,toge7188,Q191_3,4
573,toge7188,Q192_1,5
574,toge7188,Q192_2,2
575,toge7188,Q192_3,4
576,toge7188,Q193_1,4
577,toge7188,Q193_2,5
578,toge7188,Q193_3,4
579,toge7188,Q194_1,4
580,toge7188,Q194_2,2
581,toge7188,Q194_3,2
582,toge7188,Q195_1,5
583,toge7188,Q195_2,4
584,toge7188,Q195_3,3
585,toge7188,Q196_1,4
586,toge7188,Q196_2,5
587,toge7188,Q196_3,3
588,toge7188,Q197_1,4
589,toge7188,Q197_2,4
590,toge7188,Q197_3,4
591,toge7188,Q198_1,2
592,toge7188,Q198_2,5
593,toge7188,Q198_3,2
594,toge7188,Q199_1,3
595,toge7188,Q199_2,2
596,toge7188,Q199_3,3
597,toge7188,Q200_1,5
598,toge7188,Q200_2,6
599,toge7188,Q200_3,5
600,fumygo,Q1_1,5
601,fumygo,Q1_2,6
602,fumygo,Q1_3,5
603,fumygo,Q2_1,5
604,fumygo,Q2_2,6
605,fumygo,Q2_3,5
606,fumygo,Q3_1,5
607,fumygo,Q3_2,6
608,fumygo,Q3_3,5
609,fumygo,Q4_1,5
610,fumygo,Q4_2,6
611,fumygo,Q4_3,5
612,fumygo,Q5_1,6
613,fumygo,Q5_2,7
614,fumygo,Q5_3,6
615,fumygo,Q6_1,5
616,fumygo,Q6_2,6
617,fumygo,Q6_3,5
618,fumygo,Q7_1,5
619,fumygo,Q7_2,6
620,fumygo,Q7_3,5
621,fumygo,Q8_1,5
622,fumygo,Q8_2,6
623,fumygo,Q8_3,5
624,fumygo,Q9_1,6
625,fumygo,Q9_2,7
626,fumygo,Q9_3,5
627,fumygo,Q10_1,6
628,fumygo,Q10_2,6
629,fumygo,Q10_3,5
630,fumygo,Q11_1,5
631,fumygo,Q11_2,6
632,fumygo,Q11_3,5
633,fumygo,Q12_1,6
634,fumygo,Q12_2,6
635,fumygo,Q12_3,5
636,fumygo,Q13_1,6
637,fumygo,Q13_2,6
638,fumygo,Q13_3,5
639,fumygo,Q14_1,5
640,fumygo,Q14_2,5
641,fumygo,Q14_3,4
642,fumygo,Q15_1,6
643,fumygo,Q15_2,6
644,fumygo,Q15_3,5
645,fumygo,Q16_1,5
646,fumygo,Q16_2,6
647,fumygo,Q16_3,5
648,fumygo,Q17_1,5
649,fumygo,Q17_2,7
650,fumygo,Q17_3,5
651,fumygo,Q18_1,6
652,fumygo,Q18_2,6
653,fumygo,Q18_3,5
654,fumygo,Q19_1,6
655,fumygo,Q19_2,7
656,fumygo,Q19_3,6
657,fumygo,Q20_1,5
658,fumygo,Q20_2,6
659,fumygo,Q20_3,5
660,fumygo,Q181_1,5
661,fumygo,Q181_2,6
662,fumygo,Q181_3,5
663,fumygo,Q182_1,6
664,fumygo,Q182_2,6
665,fumygo,Q182_3,5
666,fumygo,Q183_1,5
667,fumygo,Q183_2,7
668,fumygo,Q183_3,5
669,fumygo,Q184_1,6
670,fumygo,Q184_2,6
671,fumygo,Q184_3,5
672,fumygo,Q185_1,6
673,fumygo,Q185_2,6
674,fumygo,Q185_3,5
675,fumygo,Q186_1,5
676,fumygo,Q186_2,6
677,fumygo,Q186_3,5
678,fumygo,Q187_1,4
679,fumygo,Q187_2,6
680,fumygo,Q187_3,5
681,fumygo,Q188_1,6
682,fumygo,Q188_2,6
683,fumygo,Q188_3,5
684,fumygo,Q189_1,5
685,fumygo,Q189_2,6
686,fumygo,Q189_3,5
687,fumygo,Q190_1,4
688,fumygo,Q190_2,5
689,fumygo,Q190_3,5
690,fumygo,Q191_1,6
691,fumygo,Q191_2,6
692,fumygo,Q191_3,5
693,fumygo,Q192_1,6
694,fumygo,Q192_2,4
695,fumygo,Q192_3,5
696,fumygo,Q193_1,5
697,fumygo,Q193_2,4
698,fumygo,Q193_3,4
699,fumygo,Q194_1,5
700,fumygo,Q194_2,4
701,fumygo,Q194_3,5
702,fumygo,Q195_1,7
703,fumygo,Q195_2,6
704,fumygo,Q195_3,4
705,fumygo,Q196_1,5
706,fumygo,Q196_2,5
707,fumygo,Q196_3,5
708,fumygo,Q197_1,6
709,fumygo,Q197_2,6
710,fumygo,Q197_3,4
711,fumygo,Q198_1,3
712,fumygo,Q198_2,5
713,fumygo,Q198_3,4
714,fumygo,Q199_1,6
715,fumygo,Q199_2,4
716,fumygo,Q199_3,5
717,fumygo,Q200_1,5
718,fumygo,Q200_2,6
719,fumygo,Q200_3,5
720,rag_55,Q1_1,5
721,rag_55,Q1_2,7
722,rag_55,Q1_3,2
723,rag_55,Q2_1,4
724,rag_55,Q2_2,6
725,rag_55,Q2_3,3
726,rag_55,Q3_1,4
727,rag_55,Q3_2,6
728,rag_55,Q3_3,3
729,rag_55,Q4_1,4
730,rag_55,Q4_2,3
731,rag_55,Q4_3,5
732,rag_55,Q5_1,6
733,rag_55,Q5_2,6
734,rag_55,Q5_3,4
735,rag_55,Q6_1,5
736,rag_55,Q6_2,6
737,rag_55,Q6_3,3
738,rag_55,Q7_1,3
739,rag_55,Q7_2,6
740,rag_55,Q7_3,3
741,rag_55,Q8_1,4
742,rag_55,Q8_2,6
743,rag_55,Q8_3,4
744,rag_55,Q9_1,5
745,rag_55,Q9_2,5
746,rag_55,Q9_3,3
747,rag_55,Q10_1,4
748,rag_55,Q10_2,5
749,rag_55,Q10_3,4
750,rag_55,Q11_1,6
751,rag_55,Q11_2,7
752,rag_55,Q11_3,3
753,rag_55,Q12_1,5
754,rag_55,Q12_2,5
755,rag_55,Q12_3,5
756,rag_55,Q13_1,6
757,rag_55,Q13_2,6
758,rag_55,Q13_3,4
759,rag_55,Q14_1,5
760,rag_55,Q14_2,5
761,rag_55,Q14_3,4
762,rag_55,Q15_1,5
763,rag_55,Q15_2,6
764,rag_55,Q15_3,3
765,rag_55,Q16_1,4
766,rag_55,Q16_2,6
767,rag_55,Q16_3,3
768,rag_55,Q17_1,4
769,rag_55,Q17_2,6
770,rag_55,Q17_3,3
771,rag_55,Q18_1,5
772,rag_55,Q18_2,6
773,rag_55,Q18_3,4
774,rag_55,Q19_1,5
775,rag_55,Q19_2,6
776,rag_55,Q19_3,4
777,rag_55,Q20_1,4
778,rag_55,Q20_2,5
779,rag_55,Q20_3,4
780,rag_55,Q181_1,5
781,rag_55,Q181_2,6
782,rag_55,Q181_3,3
783,rag_55,Q182_1,4
784,rag_55,Q182_2,5
785,rag_55,Q182_3,4
786,rag_55,Q183_1,7
787,rag_55,Q183_2,7
788,rag_55,Q183_3,3
789,rag_55,Q184_1,5
790,rag_55,Q184_2,3
791,rag_55,Q184_3,4
792,rag_55,Q185_1,5
793,rag_55,Q185_2,5
794,rag_55,Q185_3,4
795,rag_55,Q186_1,2
796,rag_55,Q186_2,6
797,rag_55,Q186_3,5
798,rag_55,Q187_1,5
799,rag_55,Q187_2,3
800,rag_55,Q187_3,4
801,rag_55,Q188_1,6
802,rag_55,Q188_2,5
803,rag_55,Q188_3,5
804,rag_55,Q189_1,3
805,rag_55,Q189_2,6
806,rag_55,Q189_3,4
807,rag_55,Q190_1,4
808,rag_55,Q190_2,6
809,rag_55,Q190_3,4
810,rag_55,Q191_1,5
811,rag_55,Q191_2,6
812,rag_55,Q191_3,3
813,rag_55,Q192_1,5
814,rag_55,Q192_2,3
815,rag_55,Q192_3,5
816,rag_55,Q193_1,4
817,rag_55,Q193_2,5
818,rag_55,Q193_3,4
819,rag_55,Q194_1,4
820,rag_55,Q194_2,4
821,rag_55,Q194_3,3
822,rag_55,Q195_1,5
823,rag_55,Q195_2,6
824,rag_55,Q195_3,2
825,rag_55,Q196_1,3
826,rag_55,Q196_2,4
827,rag_55,Q196_3,3
828,rag_55,Q197_1,5
829,rag_55,Q197_2,6
830,rag_55,Q197_3,3
831,rag_55,Q198_1,3
832,rag_55,Q198_2,5
833,rag_55,Q198_3,3
834,rag_55,Q199_1,3
835,rag_55,Q199_2,3
836,rag_55,Q199_3,5
837,rag_55,Q200_1,6
838,rag_55,Q200_2,5
839,rag_55,Q200_3,3
840,yutapon1967,Q1_1,5
841,yutapon1967,Q1_2,5
842,yutapon1967,Q1_3,2
843,yutapon1967,Q2_1,5
844,yutapon1967,Q2_2,5
845,yutapon1967,Q2_3,3
846,yutapon1967,Q3_1,4
847,yutapon1967,Q3_2,5
848,yutapon1967,Q3_3,3
849,yutapon1967,Q4_1,5
850,yutapon1967,Q4_2,5
851,yutapon1967,Q4_3,7
852,yutapon1967,Q5_1,7
853,yutapon1967,Q5_2,6
854,yutapon1967,Q5_3,4
855,yutapon1967,Q6_1,5
856,yutapon1967,Q6_2,5
857,yutapon1967,Q6_3,2
858,yutapon1967,Q7_1,4
859,yutapon1967,Q7_2,5
860,yutapon1967,Q7_3,3
861,yutapon1967,Q8_1,5
862,yutapon1967,Q8_2,5
863,yutapon1967,Q8_3,3
864,yutapon1967,Q9_1,6
865,yutapon1967,Q9_2,6
866,yutapon1967,Q9_3,3
867,yutapon1967,Q10_1,5
868,yutapon1967,Q10_2,5
869,yutapon1967,Q10_3,3
870,yutapon1967,Q11_1,5
871,yutapon1967,Q11_2,6
872,yutapon1967,Q11_3,3
873,yutapon1967,Q12_1,6
874,yutapon1967,Q12_2,6
875,yutapon1967,Q12_3,4
876,yutapon1967,Q13_1,5
877,yutapon1967,Q13_2,5
878,yutapon1967,Q13_3,4
879,yutapon1967,Q14_1,4
880,yutapon1967,Q14_2,5
881,yutapon1967,Q14_3,5
882,yutapon1967,Q15_1,4
883,yutapon1967,Q15_2,5
884,yutapon1967,Q15_3,3
885,yutapon1967,Q16_1,6
886,yutapon1967,Q16_2,6
887,yutapon1967,Q16_3,3
888,yutapon1967,Q17_1,6
889,yutapon1967,Q17_2,6
890,yutapon1967,Q17_3,3
891,yutapon1967,Q18_1,6
892,yutapon1967,Q18_2,7
893,yutapon1967,Q18_3,4
894,yutapon1967,Q19_1,5
895,yutapon1967,Q19_2,6
896,yutapon1967,Q19_3,4
897,yutapon1967,Q20_1,6
898,yutapon1967,Q20_2,6
899,yutapon1967,Q20_3,2
900,yutapon1967,Q181_1,5
901,yutapon1967,Q181_2,6
902,yutapon1967,Q181_3,3
903,yutapon1967,Q182_1,6
904,yutapon1967,Q182_2,6
905,yutapon1967,Q182_3,3
906,yutapon1967,Q183_1,6
907,yutapon1967,Q183_2,6
908,yutapon1967,Q183_3,4
909,yutapon1967,Q184_1,5
910,yutapon1967,Q184_2,5
911,yutapon1967,Q184_3,4
912,yutapon1967,Q185_1,7
913,yutapon1967,Q185_2,4
914,yutapon1967,Q185_3,2
915,yutapon1967,Q186_1,2
916,yutapon1967,Q186_2,5
917,yutapon1967,Q186_3,5
918,yutapon1967,Q187_1,3
919,yutapon1967,Q187_2,4
920,yutapon1967,Q187_3,4
921,yutapon1967,Q188_1,5
922,yutapon1967,Q188_2,5
923,yutapon1967,Q188_3,3
924,yutapon1967,Q189_1,3
925,yutapon1967,Q189_2,4
926,yutapon1967,Q189_3,4
927,yutapon1967,Q190_1,5
928,yutapon1967,Q190_2,4
929,yutapon1967,Q190_3,4
930,yutapon1967,Q191_1,6
931,yutapon1967,Q191_2,6
932,yutapon1967,Q191_3,3
933,yutapon1967,Q192_1,6
934,yutapon1967,Q192_2,4
935,yutapon1967,Q192_3,4
936,yutapon1967,Q193_1,4
937,yutapon1967,Q193_2,3
938,yutapon1967,Q193_3,2
939,yutapon1967,Q194_1,4
940,yutapon1967,Q194_2,4
941,yutapon1967,Q194_3,4
942,yutapon1967,Q195_1,6
943,yutapon1967,Q195_2,5
944,yutapon1967,Q195_3,3
945,yutapon1967,Q196_1,4
946,yutapon1967,Q196_2,4
947,yutapon1967,Q196_3,3
948,yutapon1967,Q197_1,5
949,yutapon1967,Q197_2,5
950,yutapon1967,Q197_3,2
951,yutapon1967,Q198_1,3
952,yutapon1967,Q198_2,3
953,yutapon1967,Q198_3,2
954,yutapon1967,Q199_1,5
955,yutapon1967,Q199_2,4
956,yutapon1967,Q199_3,6
957,yutapon1967,Q200_1,6
958,yutapon1967,Q200_2,6
959,yutapon1967,Q200_3,4
960,minshle,Q1_1,6
961,minshle,Q1_2,6
962,minshle,Q1_3,1
963,minshle,Q2_1,4
964,minshle,Q2_2,6
965,minshle,Q2_3,3
966,minshle,Q3_1,3
967,minshle,Q3_2,6
968,minshle,Q3_3,4
969,minshle,Q4_1,3
970,minshle,Q4_2,2
971,minshle,Q4_3,6
972,minshle,Q5_1,2
973,minshle,Q5_2,6
974,minshle,Q5_3,3
975,minshle,Q6_1,4
976,minshle,Q6_2,5
977,minshle,Q6_3,3
978,minshle,Q7_1,3
979,minshle,Q7_2,3
980,minshle,Q7_3,6
981,minshle,Q8_1,3
982,minshle,Q8_2,6
983,minshle,Q8_3,2
984,minshle,Q9_1,4
985,minshle,Q9_2,7
986,minshle,Q9_3,1
987,minshle,Q10_1,5
988,minshle,Q10_2,5
989,minshle,Q10_3,5
990,minshle,Q11_1,3
991,minshle,Q11_2,6
992,minshle,Q11_3,3
993,minshle,Q12_1,6
994,minshle,Q12_2,5
995,minshle,Q12_3,6
996,minshle,Q13_1,5
997,minshle,Q13_2,5
998,minshle,Q13_3,5
999,minshle,Q14_1,3
1000,minshle,Q14_2,5
1001,minshle,Q14_3,6
1002,minshle,Q15_1,4
1003,minshle,Q15_2,6
1004,minshle,Q15_3,2
1005,minshle,Q16_1,2
1006,minshle,Q16_2,6
1007,minshle,Q16_3,2
1008,minshle,Q17_1,5
1009,minshle,Q17_2,5
1010,minshle,Q17_3,2
1011,minshle,Q18_1,3
1012,minshle,Q18_2,6
1013,minshle,Q18_3,3
1014,minshle,Q19_1,5
1015,minshle,Q19_2,6
1016,minshle,Q19_3,3
1017,minshle,Q20_1,3
1018,minshle,Q20_2,6
1019,minshle,Q20_3,3
1020,minshle,Q181_1,4
1021,minshle,Q181_2,6
1022,minshle,Q181_3,1
1023,minshle,Q182_1,3
1024,minshle,Q182_2,6
1025,minshle,Q182_3,3
1026,minshle,Q183_1,3
1027,minshle,Q183_2,6
1028,minshle,Q183_3,4
1029,minshle,Q184_1,5
1030,minshle,Q184_2,5
1031,minshle,Q184_3,5
1032,minshle,Q185_1,5
1033,minshle,Q185_2,3
1034,minshle,Q185_3,4
1035,minshle,Q186_1,7
1036,minshle,Q186_2,3
1037,minshle,Q186_3,4
1038,minshle,Q187_1,5
1039,minshle,Q187_2,5
1040,minshle,Q187_3,3
1041,minshle,Q188_1,3
1042,minshle,Q188_2,5
1043,minshle,Q188_3,5
1044,minshle,Q189_1,3
1045,minshle,Q189_2,5
1046,minshle,Q189_3,3
1047,minshle,Q190_1,6
1048,minshle,Q190_2,3
1049,minshle,Q190_3,5
1050,minshle,Q191_1,6
1051,minshle,Q191_2,6
1052,minshle,Q191_3,3
1053,minshle,Q192_1,6
1054,minshle,Q192_2,6
1055,minshle,Q192_3,3
1056,minshle,Q193_1,3
1057,minshle,Q193_2,3
1058,minshle,Q193_3,3
1059,minshle,Q194_1,5
1060,minshle,Q194_2,2
1061,minshle,Q194_3,6
1062,minshle,Q195_1,5
1063,minshle,Q195_2,6
1064,minshle,Q195_3,3
1065,minshle,Q196_1,5
1066,minshle,Q196_2,2
1067,minshle,Q196_3,4
1068,minshle,Q197_1,2
1069,minshle,Q197_2,6
1070,minshle,Q197_3,2
1071,minshle,Q198_1,7
1072,minshle,Q198_2,5
1073,minshle,Q198_3,2
1074,minshle,Q199_1,3
1075,minshle,Q199_2,3
1076,minshle,Q199_3,5
1077,minshle,Q200_1,3
1078,minshle,Q200_2,6
1079,minshle,Q200_3,3
1080,yoimachigusa,Q1_1,7
1081,yoimachigusa,Q1_2,7
1082,yoimachigusa,Q1_3,5
1083,yoimachigusa,Q2_1,7
1084,yoimachigusa,Q2_2,7
1085,yoimachigusa,Q2_3,5
1086,yoimachigusa,Q3_1,6
1087,yoimachigusa,Q3_2,6
1088,yoimachigusa,Q3_3,6
1089,yoimachigusa,Q4_1,7
1090,yoimachigusa,Q4_2,2
1091,yoimachigusa,Q4_3,7
1092,yoimachigusa,Q5_1,7
1093,yoimachigusa,Q5_2,7
1094,yoimachigusa,Q5_3,6
1095,yoimachigusa,Q6_1,2
1096,yoimachigusa,Q6_2,5
1097,yoimachigusa,Q6_3,4
1098,yoimachigusa,Q7_1,6
1099,yoimachigusa,Q7_2,5
1100,yoimachigusa,Q7_3,5
1101,yoimachigusa,Q8_1,5
1102,yoimachigusa,Q8_2,5
1103,yoimachigusa,Q8_3,5
1104,yoimachigusa,Q9_1,4
1105,yoimachigusa,Q9_2,6
1106,yoimachigusa,Q9_3,4
1107,yoimachigusa,Q10_1,7
1108,yoimachigusa,Q10_2,6
1109,yoimachigusa,Q10_3,6
1110,yoimachigusa,Q11_1,7
1111,yoimachigusa,Q11_2,7
1112,yoimachigusa,Q11_3,5
1113,yoimachigusa,Q12_1,6
1114,yoimachigusa,Q12_2,5
1115,yoimachigusa,Q12_3,5
1116,yoimachigusa,Q13_1,7
1117,yoimachigusa,Q13_2,6
1118,yoimachigusa,Q13_3,5
1119,yoimachigusa,Q14_1,7
1120,yoimachigusa,Q14_2,7
1121,yoimachigusa,Q14_3,4
1122,yoimachigusa,Q15_1,6
1123,yoimachigusa,Q15_2,5
1124,yoimachigusa,Q15_3,5
1125,yoimachigusa,Q16_1,5
1126,yoimachigusa,Q16_2,6
1127,yoimachigusa,Q16_3,5
1128,yoimachigusa,Q17_1,3
1129,yoimachigusa,Q17_2,4
1130,yoimachigusa,Q17_3,3
1131,yoimachigusa,Q18_1,3
1132,yoimachigusa,Q18_2,4
1133,yoimachigusa,Q18_3,5
1134,yoimachigusa,Q19_1,7
1135,yoimachigusa,Q19_2,6
1136,yoimachigusa,Q19_3,5
1137,yoimachigusa,Q20_1,7
1138,yoimachigusa,Q20_2,6
1139,yoimachigusa,Q20_3,6
1140,yoimachigusa,Q181_1,6
1141,yoimachigusa,Q181_2,6
1142,yoimachigusa,Q181_3,5
1143,yoimachigusa,Q182_1,6
1144,yoimachigusa,Q182_2,6
1145,yoimachigusa,Q182_3,4
1146,yoimachigusa,Q183_1,7
1147,yoimachigusa,Q183_2,7
1148,yoimachigusa,Q183_3,4
1149,yoimachigusa,Q184_1,7
1150,yoimachigusa,Q184_2,5
1151,yoimachigusa,Q184_3,5
1152,yoimachigusa,Q185_1,3
1153,yoimachigusa,Q185_2,2
1154,yoimachigusa,Q185_3,2
1155,yoimachigusa,Q186_1,4
1156,yoimachigusa,Q186_2,5
1157,yoimachigusa,Q186_3,5
1158,yoimachigusa,Q187_1,4
1159,yoimachigusa,Q187_2,5
1160,yoimachigusa,Q187_3,4
1161,yoimachigusa,Q188_1,5
1162,yoimachigusa,Q188_2,6
1163,yoimachigusa,Q188_3,5
1164,yoimachigusa,Q189_1,4
1165,yoimachigusa,Q189_2,3
1166,yoimachigusa,Q189_3,4
1167,yoimachigusa,Q190_1,2
1168,yoimachigusa,Q190_2,2
1169,yoimachigusa,Q190_3,4
1170,yoimachigusa,Q191_1,6
1171,yoimachigusa,Q191_2,6
1172,yoimachigusa,Q191_3,4
1173,yoimachigusa,Q192_1,6
1174,yoimachigusa,Q192_2,6
1175,yoimachigusa,Q192_3,5
1176,yoimachigusa,Q193_1,2
1177,yoimachigusa,Q193_2,4
1178,yoimachigusa,Q193_3,4
1179,yoimachigusa,Q194_1,3
1180,yoimachigusa,Q194_2,2
1181,yoimachigusa,Q194_3,4
1182,yoimachigusa,Q195_1,6
1183,yoimachigusa,Q195_2,6
1184,yoimachigusa,Q195_3,2
1185,yoimachigusa,Q196_1,5
1186,yoimachigusa,Q196_2,3
1187,yoimachigusa,Q196_3,4
1188,yoimachigusa,Q197_1,3
1189,yoimachigusa,Q197_2,5
1190,yoimachigusa,Q197_3,2
1191,yoimachigusa,Q198_1,1
1192,yoimachigusa,Q198_2,4
1193,yoimachigusa,Q198_3,4
1194,yoimachigusa,Q199_1,5
1195,yoimachigusa,Q199_2,3
1196,yoimachigusa,Q199_3,4
1197,yoimachigusa,Q200_1,7
1198,yoimachigusa,Q200_2,6
1199,yoimachigusa,Q200_3,4
1200,a0508,Q1_1,5
1201,a0508,Q1_2,5
1202,a0508,Q1_3,3
1203,a0508,Q2_1,5
1204,a0508,Q2_2,5
1205,a0508,Q2_3,4
1206,a0508,Q3_1,5
1207,a0508,Q3_2,5
1208,a0508,Q3_3,4
1209,a0508,Q4_1,4
1210,a0508,Q4_2,4
1211,a0508,Q4_3,5
1212,a0508,Q5_1,5
1213,a0508,Q5_2,5
1214,a0508,Q5_3,4
1215,a0508,Q6_1,5
1216,a0508,Q6_2,6
1217,a0508,Q6_3,4
1218,a0508,Q7_1,4
1219,a0508,Q7_2,5
1220,a0508,Q7_3,4
1221,a0508,Q8_1,5
1222,a0508,Q8_2,6
1223,a0508,Q8_3,4
1224,a0508,Q9_1,5
1225,a0508,Q9_2,6
1226,a0508,Q9_3,4
1227,a0508,Q10_1,5
1228,a0508,Q10_2,5
1229,a0508,Q10_3,4
1230,a0508,Q11_1,6
1231,a0508,Q11_2,6
1232,a0508,Q11_3,4
1233,a0508,Q12_1,5
1234,a0508,Q12_2,6
1235,a0508,Q12_3,4
1236,a0508,Q13_1,5
1237,a0508,Q13_2,5
1238,a0508,Q13_3,4
1239,a0508,Q14_1,5
1240,a0508,Q14_2,5
1241,a0508,Q14_3,4
1242,a0508,Q15_1,4
1243,a0508,Q15_2,5
1244,a0508,Q15_3,4
1245,a0508,Q16_1,5
1246,a0508,Q16_2,6
1247,a0508,Q16_3,4
1248,a0508,Q17_1,5
1249,a0508,Q17_2,5
1250,a0508,Q17_3,3
1251,a0508,Q18_1,5
1252,a0508,Q18_2,6
1253,a0508,Q18_3,4
1254,a0508,Q19_1,5
1255,a0508,Q19_2,6
1256,a0508,Q19_3,4
1257,a0508,Q20_1,4
1258,a0508,Q20_2,5
1259,a0508,Q20_3,4
1260,a0508,Q181_1,4
1261,a0508,Q181_2,6
1262,a0508,Q181_3,3
1263,a0508,Q182_1,5
1264,a0508,Q182_2,5
1265,a0508,Q182_3,4
1266,a0508,Q183_1,6
1267,a0508,Q183_2,6
1268,a0508,Q183_3,4
1269,a0508,Q184_1,5
1270,a0508,Q184_2,6
1271,a0508,Q184_3,4
1272,a0508,Q185_1,5
1273,a0508,Q185_2,6
1274,a0508,Q185_3,4
1275,a0508,Q186_1,3
1276,a0508,Q186_2,5
1277,a0508,Q186_3,4
1278,a0508,Q187_1,5
1279,a0508,Q187_2,4
1280,a0508,Q187_3,4
1281,a0508,Q188_1,5
1282,a0508,Q188_2,5
1283,a0508,Q188_3,4
1284,a0508,Q189_1,4
1285,a0508,Q189_2,5
1286,a0508,Q189_3,4
1287,a0508,Q190_1,4
1288,a0508,Q190_2,4
1289,a0508,Q190_3,4
1290,a0508,Q191_1,5
1291,a0508,Q191_2,6
1292,a0508,Q191_3,4
1293,a0508,Q192_1,5
1294,a0508,Q192_2,5
1295,a0508,Q192_3,4
1296,a0508,Q193_1,3
1297,a0508,Q193_2,6
1298,a0508,Q193_3,4
1299,a0508,Q194_1,4
1300,a0508,Q194_2,5
1301,a0508,Q194_3,4
1302,a0508,Q195_1,5
1303,a0508,Q195_2,6
1304,a0508,Q195_3,4
1305,a0508,Q196_1,3
1306,a0508,Q196_2,5
1307,a0508,Q196_3,4
1308,a0508,Q197_1,5
1309,a0508,Q197_2,5
1310,a0508,Q197_3,3
1311,a0508,Q198_1,4
1312,a0508,Q198_2,5
1313,a0508,Q198_3,4
1314,a0508,Q199_1,4
1315,a0508,Q199_2,3
1316,a0508,Q199_3,5
1317,a0508,Q200_1,5
1318,a0508,Q200_2,6
1319,a0508,Q200_3,5
1320,Weetabix,Q1_1,3
1321,Weetabix,Q1_2,6
1322,Weetabix,Q1_3,2
1323,Weetabix,Q2_1,5
1324,Weetabix,Q2_2,6
1325,Weetabix,Q2_3,4
1326,Weetabix,Q3_1,5
1327,Weetabix,Q3_2,6
1328,Weetabix,Q3_3,4
1329,Weetabix,Q4_1,6
1330,Weetabix,Q4_2,6
1331,Weetabix,Q4_3,7
1332,Weetabix,Q5_1,7
1333,Weetabix,Q5_2,7
1334,Weetabix,Q5_3,5
1335,Weetabix,Q6_1,4
1336,Weetabix,Q6_2,6
1337,Weetabix,Q6_3,2
1338,Weetabix,Q7_1,5
1339,Weetabix,Q7_2,7
1340,Weetabix,Q7_3,3
1341,Weetabix,Q8_1,2
1342,Weetabix,Q8_2,7
1343,Weetabix,Q8_3,2
1344,Weetabix,Q9_1,4
1345,Weetabix,Q9_2,7
1346,Weetabix,Q9_3,2
1347,Weetabix,Q10_1,6
1348,Weetabix,Q10_2,7
1349,Weetabix,Q10_3,2
1350,Weetabix,Q11_1,7
1351,Weetabix,Q11_2,7
1352,Weetabix,Q11_3,1
1353,Weetabix,Q12_1,6
1354,Weetabix,Q12_2,6
1355,Weetabix,Q12_3,5
1356,Weetabix,Q13_1,7
1357,Weetabix,Q13_2,7
1358,Weetabix,Q13_3,3
1359,Weetabix,Q14_1,5
1360,Weetabix,Q14_2,7
1361,Weetabix,Q14_3,2
1362,Weetabix,Q15_1,4
1363,Weetabix,Q15_2,7
1364,Weetabix,Q15_3,3
1365,Weetabix,Q16_1,5
1366,Weetabix,Q16_2,7
1367,Weetabix,Q16_3,3
1368,Weetabix,Q17_1,4
1369,Weetabix,Q17_2,6
1370,Weetabix,Q17_3,2
1371,Weetabix,Q18_1,2
1372,Weetabix,Q18_2,7
1373,Weetabix,Q18_3,3
1374,Weetabix,Q19_1,7
1375,Weetabix,Q19_2,7
1376,Weetabix,Q19_3,1
1377,Weetabix,Q20_1,1
1378,Weetabix,Q20_2,7
1379,Weetabix,Q20_3,2
1380,Weetabix,Q181_1,3
1381,Weetabix,Q181_2,7
1382,Weetabix,Q181_3,2
1383,Weetabix,Q182_1,5
1384,Weetabix,Q182_2,6
1385,Weetabix,Q182_3,5
1386,Weetabix,Q183_1,7
1387,Weetabix,Q183_2,7
1388,Weetabix,Q183_3,1
1389,Weetabix,Q184_1,5
1390,Weetabix,Q184_2,6
1391,Weetabix,Q184_3,5
1392,Weetabix,Q185_1,7
1393,Weetabix,Q185_2,7
1394,Weetabix,Q185_3,5
1395,Weetabix,Q186_1,7
1396,Weetabix,Q186_2,5
1397,Weetabix,Q186_3,6
1398,Weetabix,Q187_1,6
1399,Weetabix,Q187_2,7
1400,Weetabix,Q187_3,4
1401,Weetabix,Q188_1,6
1402,Weetabix,Q188_2,7
1403,Weetabix,Q188_3,6
1404,Weetabix,Q189_1,2
1405,Weetabix,Q189_2,6
1406,Weetabix,Q189_3,3
1407,Weetabix,Q190_1,5
1408,Weetabix,Q190_2,3
1409,Weetabix,Q190_3,6
1410,Weetabix,Q191_1,7
1411,Weetabix,Q191_2,6
1412,Weetabix,Q191_3,2
1413,Weetabix,Q192_1,6
1414,Weetabix,Q192_2,5
1415,Weetabix,Q192_3,4
1416,Weetabix,Q193_1,2
1417,Weetabix,Q193_2,5
1418,Weetabix,Q193_3,6
1419,Weetabix,Q194_1,2
1420,Weetabix,Q194_2,4
1421,Weetabix,Q194_3,3
1422,Weetabix,Q195_1,7
1423,Weetabix,Q195_2,6
1424,Weetabix,Q195_3,1
1425,Weetabix,Q196_1,2
1426,Weetabix,Q196_2,6
1427,Weetabix,Q196_3,7
1428,Weetabix,Q197_1,4
1429,Weetabix,Q197_2,7
1430,Weetabix,Q197_3,3
1431,Weetabix,Q198_1,3
1432,Weetabix,Q198_2,7
1433,Weetabix,Q198_3,4
1434,Weetabix,Q199_1,4
1435,Weetabix,Q199_2,5
1436,Weetabix,Q199_3,6
1437,Weetabix,Q200_1,5
1438,Weetabix,Q200_2,7
1439,Weetabix,Q200_3,7
1440,ma20020607 ,Q1_1,6
1441,ma20020607 ,Q1_2,6
1442,ma20020607 ,Q1_3,2
1443,ma20020607 ,Q2_1,4
1444,ma20020607 ,Q2_2,6
1445,ma20020607 ,Q2_3,3
1446,ma20020607 ,Q3_1,5
1447,ma20020607 ,Q3_2,5
1448,ma20020607 ,Q3_3,3
1449,ma20020607 ,Q4_1,5
1450,ma20020607 ,Q4_2,3
1451,ma20020607 ,Q4_3,6
1452,ma20020607 ,Q5_1,4
1453,ma20020607 ,Q5_2,5
1454,ma20020607 ,Q5_3,4
1455,ma20020607 ,Q6_1,5
1456,ma20020607 ,Q6_2,5
1457,ma20020607 ,Q6_3,2
1458,ma20020607 ,Q7_1,3
1459,ma20020607 ,Q7_2,4
1460,ma20020607 ,Q7_3,4
1461,ma20020607 ,Q8_1,4
1462,ma20020607 ,Q8_2,5
1463,ma20020607 ,Q8_3,4
1464,ma20020607 ,Q9_1,5
1465,ma20020607 ,Q9_2,5
1466,ma20020607 ,Q9_3,2
1467,ma20020607 ,Q10_1,6
1468,ma20020607 ,Q10_2,5
1469,ma20020607 ,Q10_3,4
1470,ma20020607 ,Q11_1,6
1471,ma20020607 ,Q11_2,6
1472,ma20020607 ,Q11_3,3
1473,ma20020607 ,Q12_1,6
1474,ma20020607 ,Q12_2,6
1475,ma20020607 ,Q12_3,5
1476,ma20020607 ,Q13_1,5
1477,ma20020607 ,Q13_2,5
1478,ma20020607 ,Q13_3,4
1479,ma20020607 ,Q14_1,5
1480,ma20020607 ,Q14_2,6
1481,ma20020607 ,Q14_3,2
1482,ma20020607 ,Q15_1,4
1483,ma20020607 ,Q15_2,5
1484,ma20020607 ,Q15_3,4
1485,ma20020607 ,Q16_1,5
1486,ma20020607 ,Q16_2,5
1487,ma20020607 ,Q16_3,3
1488,ma20020607 ,Q17_1,5
1489,ma20020607 ,Q17_2,6
1490,ma20020607 ,Q17_3,3
1491,ma20020607 ,Q18_1,5
1492,ma20020607 ,Q18_2,5
1493,ma20020607 ,Q18_3,4
1494,ma20020607 ,Q19_1,6
1495,ma20020607 ,Q19_2,6
1496,ma20020607 ,Q19_3,3
1497,ma20020607 ,Q20_1,4
1498,ma20020607 ,Q20_2,5
1499,ma20020607 ,Q20_3,3
1500,ma20020607 ,Q181_1,4
1501,ma20020607 ,Q181_2,6
1502,ma20020607 ,Q181_3,2
1503,ma20020607 ,Q182_1,5
1504,ma20020607 ,Q182_2,5
1505,ma20020607 ,Q182_3,3
1506,ma20020607 ,Q183_1,6
1507,ma20020607 ,Q183_2,6
1508,ma20020607 ,Q183_3,3
1509,ma20020607 ,Q184_1,5
1510,ma20020607 ,Q184_2,5
1511,ma20020607 ,Q184_3,5
1512,ma20020607 ,Q185_1,5
1513,ma20020607 ,Q185_2,6
1514,ma20020607 ,Q185_3,3
1515,ma20020607 ,Q186_1,4
1516,ma20020607 ,Q186_2,6
1517,ma20020607 ,Q186_3,2
1518,ma20020607 ,Q187_1,4
1519,ma20020607 ,Q187_2,5
1520,ma20020607 ,Q187_3,4
1521,ma20020607 ,Q188_1,6
1522,ma20020607 ,Q188_2,6
1523,ma20020607 ,Q188_3,3
1524,ma20020607 ,Q189_1,3
1525,ma20020607 ,Q189_2,5
1526,ma20020607 ,Q189_3,3
1527,ma20020607 ,Q190_1,3
1528,ma20020607 ,Q190_2,3
1529,ma20020607 ,Q190_3,4
1530,ma20020607 ,Q191_1,5
1531,ma20020607 ,Q191_2,5
1532,ma20020607 ,Q191_3,4
1533,ma20020607 ,Q192_1,5
1534,ma20020607 ,Q192_2,4
1535,ma20020607 ,Q192_3,5
1536,ma20020607 ,Q193_1,3
1537,ma20020607 ,Q193_2,5
1538,ma20020607 ,Q193_3,4
1539,ma20020607 ,Q194_1,3
1540,ma20020607 ,Q194_2,3
1541,ma20020607 ,Q194_3,5
1542,ma20020607 ,Q195_1,6
1543,ma20020607 ,Q195_2,6
1544,ma20020607 ,Q195_3,2
1545,ma20020607 ,Q196_1,4
1546,ma20020607 ,Q196_2,5
1547,ma20020607 ,Q196_3,4
1548,ma20020607 ,Q197_1,5
1549,ma20020607 ,Q197_2,6
1550,ma20020607 ,Q197_3,3
1551,ma20020607 ,Q198_1,3
1552,ma20020607 ,Q198_2,4
1553,ma20020607 ,Q198_3,4
1554,ma20020607 ,Q199_1,3
1555,ma20020607 ,Q199_2,4
1556,ma20020607 ,Q199_3,4
1557,ma20020607 ,Q200_1,5
1558,ma20020607 ,Q200_2,5
1559,ma20020607 ,Q200_3,4
1560,from201905,Q1_1,5
1561,from201905,Q1_2,6
1562,from201905,Q1_3,4
1563,from201905,Q2_1,4
1564,from201905,Q2_2,5
1565,from201905,Q2_3,4
1566,from201905,Q3_1,4
1567,from201905,Q3_2,5
1568,from201905,Q3_3,4
1569,from201905,Q4_1,5
1570,from201905,Q4_2,4
1571,from201905,Q4_3,5
1572,from201905,Q5_1,5
1573,from201905,Q5_2,4
1574,from201905,Q5_3,4
1575,from201905,Q6_1,4
1576,from201905,Q6_2,5
1577,from201905,Q6_3,4
1578,from201905,Q7_1,4
1579,from201905,Q7_2,6
1580,from201905,Q7_3,3
1581,from201905,Q8_1,5
1582,from201905,Q8_2,5
1583,from201905,Q8_3,3
1584,from201905,Q9_1,4
1585,from201905,Q9_2,6
1586,from201905,Q9_3,3
1587,from201905,Q10_1,5
1588,from201905,Q10_2,6
1589,from201905,Q10_3,4
1590,from201905,Q11_1,5
1591,from201905,Q11_2,5
1592,from201905,Q11_3,4
1593,from201905,Q12_1,5
1594,from201905,Q12_2,5
1595,from201905,Q12_3,4
1596,from201905,Q13_1,5
1597,from201905,Q13_2,5
1598,from201905,Q13_3,5
1599,from201905,Q14_1,6
1600,from201905,Q14_2,5
1601,from201905,Q14_3,4
1602,from201905,Q15_1,5
1603,from201905,Q15_2,5
1604,from201905,Q15_3,3
1605,from201905,Q16_1,6
1606,from201905,Q16_2,6
1607,from201905,Q16_3,3
1608,from201905,Q17_1,5
1609,from201905,Q17_2,6
1610,from201905,Q17_3,3
1611,from201905,Q18_1,4
1612,from201905,Q18_2,6
1613,from201905,Q18_3,4
1614,from201905,Q19_1,5
1615,from201905,Q19_2,5
1616,from201905,Q19_3,4
1617,from201905,Q20_1,4
1618,from201905,Q20_2,5
1619,from201905,Q20_3,3
1620,from201905,Q181_1,5
1621,from201905,Q181_2,6
1622,from201905,Q181_3,4
1623,from201905,Q182_1,5
1624,from201905,Q182_2,6
1625,from201905,Q182_3,4
1626,from201905,Q183_1,6
1627,from201905,Q183_2,6
1628,from201905,Q183_3,3
1629,from201905,Q184_1,5
1630,from201905,Q184_2,5
1631,from201905,Q184_3,4
1632,from201905,Q185_1,5
1633,from201905,Q185_2,5
1634,from201905,Q185_3,4
1635,from201905,Q186_1,5
1636,from201905,Q186_2,4
1637,from201905,Q186_3,5
1638,from201905,Q187_1,4
1639,from201905,Q187_2,5
1640,from201905,Q187_3,4
1641,from201905,Q188_1,6
1642,from201905,Q188_2,5
1643,from201905,Q188_3,4
1644,from201905,Q189_1,6
1645,from201905,Q189_2,5
1646,from201905,Q189_3,4
1647,from201905,Q190_1,5
1648,from201905,Q190_2,4
1649,from201905,Q190_3,4
1650,from201905,Q191_1,6
1651,from201905,Q191_2,6
1652,from201905,Q191_3,3
1653,from201905,Q192_1,5
1654,from201905,Q192_2,4
1655,from201905,Q192_3,4
1656,from201905,Q193_1,5
1657,from201905,Q193_2,4
1658,from201905,Q193_3,4
1659,from201905,Q194_1,4
1660,from201905,Q194_2,5
1661,from201905,Q194_3,4
1662,from201905,Q195_1,4
1663,from201905,Q195_2,6
1664,from201905,Q195_3,3
1665,from201905,Q196_1,3
1666,from201905,Q196_2,3
1667,from201905,Q196_3,4
1668,from201905,Q197_1,5
1669,from201905,Q197_2,5
1670,from201905,Q197_3,3
1671,from201905,Q198_1,2
1672,from201905,Q198_2,4
1673,from201905,Q198_3,4
1674,from201905,Q199_1,3
1675,from201905,Q199_2,4
1676,from201905,Q199_3,4
1677,from201905,Q200_1,5
1678,from201905,Q200_2,5
1679,from201905,Q200_3,4
1680,とんとん囃�,Q1_1,6
1681,とんとん囃�,Q1_2,6
1682,とんとん囃�,Q1_3,3
1683,とんとん囃�,Q2_1,7
1684,とんとん囃�,Q2_2,6
1685,とんとん囃�,Q2_3,4
1686,とんとん囃�,Q3_1,6
1687,とんとん囃�,Q3_2,6
1688,とんとん囃�,Q3_3,4
1689,とんとん囃�,Q4_1,7
1690,とんとん囃�,Q4_2,4
1691,とんとん囃�,Q4_3,6
1692,とんとん囃�,Q5_1,7
1693,とんとん囃�,Q5_2,7
1694,とんとん囃�,Q5_3,4
1695,とんとん囃�,Q6_1,6
1696,とんとん囃�,Q6_2,4
1697,とんとん囃�,Q6_3,4
1698,とんとん囃�,Q7_1,6
1699,とんとん囃�,Q7_2,7
1700,とんとん囃�,Q7_3,4
1701,とんとん囃�,Q8_1,7
1702,とんとん囃�,Q8_2,7
1703,とんとん囃�,Q8_3,3
1704,とんとん囃�,Q9_1,5
1705,とんとん囃�,Q9_2,7
1706,とんとん囃�,Q9_3,4
1707,とんとん囃�,Q10_1,7
1708,とんとん囃�,Q10_2,7
1709,とんとん囃�,Q10_3,5
1710,とんとん囃�,Q11_1,7
1711,とんとん囃�,Q11_2,7
1712,とんとん囃�,Q11_3,4
1713,とんとん囃�,Q12_1,7
1714,とんとん囃�,Q12_2,5
1715,とんとん囃�,Q12_3,5
1716,とんとん囃�,Q13_1,7
1717,とんとん囃�,Q13_2,7
1718,とんとん囃�,Q13_3,4
1719,とんとん囃�,Q14_1,7
1720,とんとん囃�,Q14_2,6
1721,とんとん囃�,Q14_3,6
1722,とんとん囃�,Q15_1,7
1723,とんとん囃�,Q15_2,7
1724,とんとん囃�,Q15_3,3
1725,とんとん囃�,Q16_1,6
1726,とんとん囃�,Q16_2,6
1727,とんとん囃�,Q16_3,4
1728,とんとん囃�,Q17_1,5
1729,とんとん囃�,Q17_2,6
1730,とんとん囃�,Q17_3,4
1731,とんとん囃�,Q18_1,5
1732,とんとん囃�,Q18_2,6
1733,とんとん囃�,Q18_3,4
1734,とんとん囃�,Q19_1,7
1735,とんとん囃�,Q19_2,7
1736,とんとん囃�,Q19_3,3
1737,とんとん囃�,Q20_1,5
1738,とんとん囃�,Q20_2,6
1739,とんとん囃�,Q20_3,3
1740,とんとん囃�,Q181_1,7
1741,とんとん囃�,Q181_2,7
1742,とんとん囃�,Q181_3,3
1743,とんとん囃�,Q182_1,5
1744,とんとん囃�,Q182_2,6
1745,とんとん囃�,Q182_3,4
1746,とんとん囃�,Q183_1,7
1747,とんとん囃�,Q183_2,7
1748,とんとん囃�,Q183_3,4
1749,とんとん囃�,Q184_1,7
1750,とんとん囃�,Q184_2,5
1751,とんとん囃�,Q184_3,4
1752,とんとん囃�,Q185_1,7
1753,とんとん囃�,Q185_2,2
1754,とんとん囃�,Q185_3,4
1755,とんとん囃�,Q186_1,5
1756,とんとん囃�,Q186_2,6
1757,とんとん囃�,Q186_3,4
1758,とんとん囃�,Q187_1,7
1759,とんとん囃�,Q187_2,6
1760,とんとん囃�,Q187_3,6
1761,とんとん囃�,Q188_1,7
1762,とんとん囃�,Q188_2,7
1763,とんとん囃�,Q188_3,4
1764,とんとん囃�,Q189_1,6
1765,とんとん囃�,Q189_2,5
1766,とんとん囃�,Q189_3,4
1767,とんとん囃�,Q190_1,5
1768,とんとん囃�,Q190_2,4
1769,とんとん囃�,Q190_3,4
1770,とんとん囃�,Q191_1,7
1771,とんとん囃�,Q191_2,6
1772,とんとん囃�,Q191_3,4
1773,とんとん囃�,Q192_1,7
1774,とんとん囃�,Q192_2,2
1775,とんとん囃�,Q192_3,3
1776,とんとん囃�,Q193_1,6
1777,とんとん囃�,Q193_2,3
1778,とんとん囃�,Q193_3,3
1779,とんとん囃�,Q194_1,5
1780,とんとん囃�,Q194_2,4
1781,とんとん囃�,Q194_3,4
1782,とんとん囃�,Q195_1,7
1783,とんとん囃�,Q195_2,3
1784,とんとん囃�,Q195_3,3
1785,とんとん囃�,Q196_1,4
1786,とんとん囃�,Q196_2,2
1787,とんとん囃�,Q196_3,4
1788,とんとん囃�,Q197_1,7
1789,とんとん囃�,Q197_2,7
1790,とんとん囃�,Q197_3,3
1791,とんとん囃�,Q198_1,5
1792,とんとん囃�,Q198_2,2
1793,とんとん囃�,Q198_3,3
1794,とんとん囃�,Q199_1,3
1795,とんとん囃�,Q199_2,3
1796,とんとん囃�,Q199_3,4
1797,とんとん囃�,Q200_1,3
1798,とんとん囃�,Q200_2,5
1799,とんとん囃�,Q200_3,3
1800,Ralphy,Q1_1,5
1801,Ralphy,Q1_2,4
1802,Ralphy,Q1_3,3
1803,Ralphy,Q2_1,4
1804,Ralphy,Q2_2,5
1805,Ralphy,Q2_3,5
1806,Ralphy,Q3_1,2
1807,Ralphy,Q3_2,4
1808,Ralphy,Q3_3,4
1809,Ralphy,Q4_1,3
1810,Ralphy,Q4_2,5
1811,Ralphy,Q4_3,5
1812,Ralphy,Q5_1,5
1813,Ralphy,Q5_2,3
1814,Ralphy,Q5_3,3
1815,Ralphy,Q6_1,4
1816,Ralphy,Q6_2,5
1817,Ralphy,Q6_3,4
1818,Ralphy,Q7_1,2
1819,Ralphy,Q7_2,5
1820,Ralphy,Q7_3,4
1821,Ralphy,Q8_1,5
1822,Ralphy,Q8_2,6
1823,Ralphy,Q8_3,4
1824,Ralphy,Q9_1,5
1825,Ralphy,Q9_2,5
1826,Ralphy,Q9_3,4
1827,Ralphy,Q10_1,5
1828,Ralphy,Q10_2,3
1829,Ralphy,Q10_3,2
1830,Ralphy,Q11_1,6
1831,Ralphy,Q11_2,6
1832,Ralphy,Q11_3,4
1833,Ralphy,Q12_1,7
1834,Ralphy,Q12_2,6
1835,Ralphy,Q12_3,5
1836,Ralphy,Q13_1,7
1837,Ralphy,Q13_2,6
1838,Ralphy,Q13_3,5
1839,Ralphy,Q14_1,4
1840,Ralphy,Q14_2,3
1841,Ralphy,Q14_3,5
1842,Ralphy,Q15_1,2
1843,Ralphy,Q15_2,3
1844,Ralphy,Q15_3,4
1845,Ralphy,Q16_1,3
1846,Ralphy,Q16_2,4
1847,Ralphy,Q16_3,5
1848,Ralphy,Q17_1,6
1849,Ralphy,Q17_2,6
1850,Ralphy,Q17_3,3
1851,Ralphy,Q18_1,5
1852,Ralphy,Q18_2,6
1853,Ralphy,Q18_3,2
1854,Ralphy,Q19_1,3
1855,Ralphy,Q19_2,5
1856,Ralphy,Q19_3,4
1857,Ralphy,Q20_1,2
1858,Ralphy,Q20_2,3
1859,Ralphy,Q20_3,2
1860,Ralphy,Q181_1,6
1861,Ralphy,Q181_2,4
1862,Ralphy,Q181_3,5
1863,Ralphy,Q182_1,6
1864,Ralphy,Q182_2,5
1865,Ralphy,Q182_3,3
1866,Ralphy,Q183_1,5
1867,Ralphy,Q183_2,6
1868,Ralphy,Q183_3,4
1869,Ralphy,Q184_1,6
1870,Ralphy,Q184_2,6
1871,Ralphy,Q184_3,4
1872,Ralphy,Q185_1,4
1873,Ralphy,Q185_2,5
1874,Ralphy,Q185_3,4
1875,Ralphy,Q186_1,1
1876,Ralphy,Q186_2,1
1877,Ralphy,Q186_3,3
1878,Ralphy,Q187_1,3
1879,Ralphy,Q187_2,4
1880,Ralphy,Q187_3,3
1881,Ralphy,Q188_1,4
1882,Ralphy,Q188_2,3
1883,Ralphy,Q188_3,5
1884,Ralphy,Q189_1,3
1885,Ralphy,Q189_2,3
1886,Ralphy,Q189_3,2
1887,Ralphy,Q190_1,3
1888,Ralphy,Q190_2,4
1889,Ralphy,Q190_3,3
1890,Ralphy,Q191_1,5
1891,Ralphy,Q191_2,4
1892,Ralphy,Q191_3,3
1893,Ralphy,Q192_1,6
1894,Ralphy,Q192_2,4
1895,Ralphy,Q192_3,4
1896,Ralphy,Q193_1,3
1897,Ralphy,Q193_2,3
1898,Ralphy,Q193_3,2
1899,Ralphy,Q194_1,5
1900,Ralphy,Q194_2,4
1901,Ralphy,Q194_3,3
1902,Ralphy,Q195_1,5
1903,Ralphy,Q195_2,5
1904,Ralphy,Q195_3,4
1905,Ralphy,Q196_1,4
1906,Ralphy,Q196_2,2
1907,Ralphy,Q196_3,3
1908,Ralphy,Q197_1,4
1909,Ralphy,Q197_2,3
1910,Ralphy,Q197_3,4
1911,Ralphy,Q198_1,5
1912,Ralphy,Q198_2,5
1913,Ralphy,Q198_3,3
1914,Ralphy,Q199_1,2
1915,Ralphy,Q199_2,2
1916,Ralphy,Q199_3,2
1917,Ralphy,Q200_1,4
1918,Ralphy,Q200_2,5
1919,Ralphy,Q200_3,4
1920,itu1,Q1_1,5
1921,itu1,Q1_2,6
1922,itu1,Q1_3,2
1923,itu1,Q2_1,3
1924,itu1,Q2_2,4
1925,itu1,Q2_3,4
1926,itu1,Q3_1,5
1927,itu1,Q3_2,5
1928,itu1,Q3_3,4
1929,itu1,Q4_1,6
1930,itu1,Q4_2,3
1931,itu1,Q4_3,6
1932,itu1,Q5_1,5
1933,itu1,Q5_2,5
1934,itu1,Q5_3,3
1935,itu1,Q6_1,5
1936,itu1,Q6_2,5
1937,itu1,Q6_3,2
1938,itu1,Q7_1,5
1939,itu1,Q7_2,5
1940,itu1,Q7_3,3
1941,itu1,Q8_1,5
1942,itu1,Q8_2,5
1943,itu1,Q8_3,4
1944,itu1,Q9_1,2
1945,itu1,Q9_2,6
1946,itu1,Q9_3,2
1947,itu1,Q10_1,6
1948,itu1,Q10_2,4
1949,itu1,Q10_3,4
1950,itu1,Q11_1,6
1951,itu1,Q11_2,6
1952,itu1,Q11_3,3
1953,itu1,Q12_1,5
1954,itu1,Q12_2,4
1955,itu1,Q12_3,4
1956,itu1,Q13_1,3
1957,itu1,Q13_2,6
1958,itu1,Q13_3,2
1959,itu1,Q14_1,6
1960,itu1,Q14_2,6
1961,itu1,Q14_3,4
1962,itu1,Q15_1,3
1963,itu1,Q15_2,6
1964,itu1,Q15_3,2
1965,itu1,Q16_1,5
1966,itu1,Q16_2,7
1967,itu1,Q16_3,3
1968,itu1,Q17_1,3
1969,itu1,Q17_2,6
1970,itu1,Q17_3,3
1971,itu1,Q18_1,2
1972,itu1,Q18_2,7
1973,itu1,Q18_3,2
1974,itu1,Q19_1,5
1975,itu1,Q19_2,5
1976,itu1,Q19_3,2
1977,itu1,Q20_1,2
1978,itu1,Q20_2,6
1979,itu1,Q20_3,3
1980,itu1,Q181_1,6
1981,itu1,Q181_2,6
1982,itu1,Q181_3,3
1983,itu1,Q182_1,3
1984,itu1,Q182_2,5
1985,itu1,Q182_3,3
1986,itu1,Q183_1,6
1987,itu1,Q183_2,5
1988,itu1,Q183_3,3
1989,itu1,Q184_1,6
1990,itu1,Q184_2,4
1991,itu1,Q184_3,4
1992,itu1,Q185_1,5
1993,itu1,Q185_2,5
1994,itu1,Q185_3,4
1995,itu1,Q186_1,5
1996,itu1,Q186_2,5
1997,itu1,Q186_3,3
1998,itu1,Q187_1,4
1999,itu1,Q187_2,4
2000,itu1,Q187_3,3
2001,itu1,Q188_1,6
2002,itu1,Q188_2,4
2003,itu1,Q188_3,6
2004,itu1,Q189_1,3
2005,itu1,Q189_2,7
2006,itu1,Q189_3,2
2007,itu1,Q190_1,5
2008,itu1,Q190_2,3
2009,itu1,Q190_3,6
2010,itu1,Q191_1,5
2011,itu1,Q191_2,4
2012,itu1,Q191_3,3
2013,itu1,Q192_1,6
2014,itu1,Q192_2,4
2015,itu1,Q192_3,4
2016,itu1,Q193_1,3
2017,itu1,Q193_2,4
2018,itu1,Q193_3,4
2019,itu1,Q194_1,3
2020,itu1,Q194_2,4
2021,itu1,Q194_3,3
2022,itu1,Q195_1,2
2023,itu1,Q195_2,5
2024,itu1,Q195_3,2
2025,itu1,Q196_1,3
2026,itu1,Q196_2,5
2027,itu1,Q196_3,3
2028,itu1,Q197_1,5
2029,itu1,Q197_2,5
2030,itu1,Q197_3,3
2031,itu1,Q198_1,3
2032,itu1,Q198_2,5
2033,itu1,Q198_3,3
2034,itu1,Q199_1,4
2035,itu1,Q199_2,3
2036,itu1,Q199_3,6
2037,itu1,Q200_1,6
2038,itu1,Q200_2,4
2039,itu1,Q200_3,4
2040,mirin036,Q1_1,5
2041,mirin036,Q1_2,7
2042,mirin036,Q1_3,2
2043,mirin036,Q2_1,5
2044,mirin036,Q2_2,6
2045,mirin036,Q2_3,3
2046,mirin036,Q3_1,5
2047,mirin036,Q3_2,6
2048,mirin036,Q3_3,4
2049,mirin036,Q4_1,6
2050,mirin036,Q4_2,3
2051,mirin036,Q4_3,5
2052,mirin036,Q5_1,3
2053,mirin036,Q5_2,6
2054,mirin036,Q5_3,3
2055,mirin036,Q6_1,5
2056,mirin036,Q6_2,6
2057,mirin036,Q6_3,4
2058,mirin036,Q7_1,6
2059,mirin036,Q7_2,6
2060,mirin036,Q7_3,4
2061,mirin036,Q8_1,5
2062,mirin036,Q8_2,6
2063,mirin036,Q8_3,4
2064,mirin036,Q9_1,6
2065,mirin036,Q9_2,7
2066,mirin036,Q9_3,4
2067,mirin036,Q10_1,6
2068,mirin036,Q10_2,6
2069,mirin036,Q10_3,4
2070,mirin036,Q11_1,7
2071,mirin036,Q11_2,7
2072,mirin036,Q11_3,4
2073,mirin036,Q12_1,5
2074,mirin036,Q12_2,6
2075,mirin036,Q12_3,4
2076,mirin036,Q13_1,7
2077,mirin036,Q13_2,7
2078,mirin036,Q13_3,3
2079,mirin036,Q14_1,6
2080,mirin036,Q14_2,7
2081,mirin036,Q14_3,4
2082,mirin036,Q15_1,5
2083,mirin036,Q15_2,6
2084,mirin036,Q15_3,4
2085,mirin036,Q16_1,6
2086,mirin036,Q16_2,6
2087,mirin036,Q16_3,4
2088,mirin036,Q17_1,4
2089,mirin036,Q17_2,5
2090,mirin036,Q17_3,2
2091,mirin036,Q18_1,5
2092,mirin036,Q18_2,6
2093,mirin036,Q18_3,3
2094,mirin036,Q19_1,6
2095,mirin036,Q19_2,6
2096,mirin036,Q19_3,4
2097,mirin036,Q20_1,5
2098,mirin036,Q20_2,6
2099,mirin036,Q20_3,4
2100,mirin036,Q181_1,5
2101,mirin036,Q181_2,7
2102,mirin036,Q181_3,2
2103,mirin036,Q182_1,5
2104,mirin036,Q182_2,5
2105,mirin036,Q182_3,4
2106,mirin036,Q183_1,7
2107,mirin036,Q183_2,7
2108,mirin036,Q183_3,2
2109,mirin036,Q184_1,6
2110,mirin036,Q184_2,6
2111,mirin036,Q184_3,4
2112,mirin036,Q185_1,6
2113,mirin036,Q185_2,3
2114,mirin036,Q185_3,4
2115,mirin036,Q186_1,5
2116,mirin036,Q186_2,2
2117,mirin036,Q186_3,4
2118,mirin036,Q187_1,5
2119,mirin036,Q187_2,5
2120,mirin036,Q187_3,5
2121,mirin036,Q188_1,7
2122,mirin036,Q188_2,7
2123,mirin036,Q188_3,4
2124,mirin036,Q189_1,3
2125,mirin036,Q189_2,4
2126,mirin036,Q189_3,4
2127,mirin036,Q190_1,5
2128,mirin036,Q190_2,3
2129,mirin036,Q190_3,3
2130,mirin036,Q191_1,5
2131,mirin036,Q191_2,6
2132,mirin036,Q191_3,3
2133,mirin036,Q192_1,5
2134,mirin036,Q192_2,4
2135,mirin036,Q192_3,4
2136,mirin036,Q193_1,4
2137,mirin036,Q193_2,2
2138,mirin036,Q193_3,3
2139,mirin036,Q194_1,4
2140,mirin036,Q194_2,4
2141,mirin036,Q194_3,4
2142,mirin036,Q195_1,7
2143,mirin036,Q195_2,7
2144,mirin036,Q195_3,3
2145,mirin036,Q196_1,4
2146,mirin036,Q196_2,5
2147,mirin036,Q196_3,3
2148,mirin036,Q197_1,4
2149,mirin036,Q197_2,5
2150,mirin036,Q197_3,4
2151,mirin036,Q198_1,2
2152,mirin036,Q198_2,2
2153,mirin036,Q198_3,2
2154,mirin036,Q199_1,4
2155,mirin036,Q199_2,4
2156,mirin036,Q199_3,4
2157,mirin036,Q200_1,7
2158,mirin036,Q200_2,7
2159,mirin036,Q200_3,4
2160,perimakko37,Q1_1,5
2161,perimakko37,Q1_2,7
2162,perimakko37,Q1_3,2
2163,perimakko37,Q2_1,7
2164,perimakko37,Q2_2,6
2165,perimakko37,Q2_3,6
2166,perimakko37,Q3_1,4
2167,perimakko37,Q3_2,6
2168,perimakko37,Q3_3,2
2169,perimakko37,Q4_1,4
2170,perimakko37,Q4_2,2
2171,perimakko37,Q4_3,5
2172,perimakko37,Q5_1,4
2173,perimakko37,Q5_2,5
2174,perimakko37,Q5_3,2
2175,perimakko37,Q6_1,4
2176,perimakko37,Q6_2,6
2177,perimakko37,Q6_3,4
2178,perimakko37,Q7_1,3
2179,perimakko37,Q7_2,5
2180,perimakko37,Q7_3,2
2181,perimakko37,Q8_1,4
2182,perimakko37,Q8_2,5
2183,perimakko37,Q8_3,3
2184,perimakko37,Q9_1,5
2185,perimakko37,Q9_2,5
2186,perimakko37,Q9_3,4
2187,perimakko37,Q10_1,5
2188,perimakko37,Q10_2,4
2189,perimakko37,Q10_3,5
2190,perimakko37,Q11_1,5
2191,perimakko37,Q11_2,6
2192,perimakko37,Q11_3,3
2193,perimakko37,Q12_1,5
2194,perimakko37,Q12_2,4
2195,perimakko37,Q12_3,3
2196,perimakko37,Q13_1,5
2197,perimakko37,Q13_2,6
2198,perimakko37,Q13_3,2
2199,perimakko37,Q14_1,6
2200,perimakko37,Q14_2,4
2201,perimakko37,Q14_3,5
2202,perimakko37,Q15_1,3
2203,perimakko37,Q15_2,5
2204,perimakko37,Q15_3,4
2205,perimakko37,Q16_1,6
2206,perimakko37,Q16_2,6
2207,perimakko37,Q16_3,3
2208,perimakko37,Q17_1,3
2209,perimakko37,Q17_2,5
2210,perimakko37,Q17_3,3
2211,perimakko37,Q18_1,5
2212,perimakko37,Q18_2,5
2213,perimakko37,Q18_3,3
2214,perimakko37,Q19_1,5
2215,perimakko37,Q19_2,6
2216,perimakko37,Q19_3,2
2217,perimakko37,Q20_1,3
2218,perimakko37,Q20_2,5
2219,perimakko37,Q20_3,2
2220,perimakko37,Q181_1,4
2221,perimakko37,Q181_2,7
2222,perimakko37,Q181_3,2
2223,perimakko37,Q182_1,5
2224,perimakko37,Q182_2,6
2225,perimakko37,Q182_3,3
2226,perimakko37,Q183_1,5
2227,perimakko37,Q183_2,6
2228,perimakko37,Q183_3,2
2229,perimakko37,Q184_1,5
2230,perimakko37,Q184_2,3
2231,perimakko37,Q184_3,3
2232,perimakko37,Q185_1,5
2233,perimakko37,Q185_2,5
2234,perimakko37,Q185_3,3
2235,perimakko37,Q186_1,2
2236,perimakko37,Q186_2,4
2237,perimakko37,Q186_3,4
2238,perimakko37,Q187_1,4
2239,perimakko37,Q187_2,3
2240,perimakko37,Q187_3,5
2241,perimakko37,Q188_1,5
2242,perimakko37,Q188_2,6
2243,perimakko37,Q188_3,3
2244,perimakko37,Q189_1,3
2245,perimakko37,Q189_2,6
2246,perimakko37,Q189_3,3
2247,perimakko37,Q190_1,4
2248,perimakko37,Q190_2,2
2249,perimakko37,Q190_3,5
2250,perimakko37,Q191_1,6
2251,perimakko37,Q191_2,5
2252,perimakko37,Q191_3,3
2253,perimakko37,Q192_1,5
2254,perimakko37,Q192_2,4
2255,perimakko37,Q192_3,3
2256,perimakko37,Q193_1,2
2257,perimakko37,Q193_2,5
2258,perimakko37,Q193_3,2
2259,perimakko37,Q194_1,3
2260,perimakko37,Q194_2,2
2261,perimakko37,Q194_3,3
2262,perimakko37,Q195_1,5
2263,perimakko37,Q195_2,7
2264,perimakko37,Q195_3,2
2265,perimakko37,Q196_1,3
2266,perimakko37,Q196_2,6
2267,perimakko37,Q196_3,4
2268,perimakko37,Q197_1,6
2269,perimakko37,Q197_2,7
2270,perimakko37,Q197_3,2
2271,perimakko37,Q198_1,1
2272,perimakko37,Q198_2,5
2273,perimakko37,Q198_3,1
2274,perimakko37,Q199_1,3
2275,perimakko37,Q199_2,4
2276,perimakko37,Q199_3,4
2277,perimakko37,Q200_1,5
2278,perimakko37,Q200_2,3
2279,perimakko37,Q200_3,3
2280,ISHICN,Q1_1,4
2281,ISHICN,Q1_2,4
2282,ISHICN,Q1_3,5
2283,ISHICN,Q2_1,4
2284,ISHICN,Q2_2,5
2285,ISHICN,Q2_3,4
2286,ISHICN,Q3_1,4
2287,ISHICN,Q3_2,5
2288,ISHICN,Q3_3,5
2289,ISHICN,Q4_1,4
2290,ISHICN,Q4_2,5
2291,ISHICN,Q4_3,5
2292,ISHICN,Q5_1,4
2293,ISHICN,Q5_2,5
2294,ISHICN,Q5_3,5
2295,ISHICN,Q6_1,3
2296,ISHICN,Q6_2,5
2297,ISHICN,Q6_3,4
2298,ISHICN,Q7_1,4
2299,ISHICN,Q7_2,5
2300,ISHICN,Q7_3,4
2301,ISHICN,Q8_1,4
2302,ISHICN,Q8_2,5
2303,ISHICN,Q8_3,4
2304,ISHICN,Q9_1,4
2305,ISHICN,Q9_2,5
2306,ISHICN,Q9_3,5
2307,ISHICN,Q10_1,4
2308,ISHICN,Q10_2,5
2309,ISHICN,Q10_3,5
2310,ISHICN,Q11_1,5
2311,ISHICN,Q11_2,5
2312,ISHICN,Q11_3,5
2313,ISHICN,Q12_1,5
2314,ISHICN,Q12_2,5
2315,ISHICN,Q12_3,5
2316,ISHICN,Q13_1,4
2317,ISHICN,Q13_2,5
2318,ISHICN,Q13_3,5
2319,ISHICN,Q14_1,4
2320,ISHICN,Q14_2,4
2321,ISHICN,Q14_3,5
2322,ISHICN,Q15_1,4
2323,ISHICN,Q15_2,4
2324,ISHICN,Q15_3,4
2325,ISHICN,Q16_1,4
2326,ISHICN,Q16_2,5
2327,ISHICN,Q16_3,5
2328,ISHICN,Q17_1,3
2329,ISHICN,Q17_2,4
2330,ISHICN,Q17_3,4
2331,ISHICN,Q18_1,3
2332,ISHICN,Q18_2,5
2333,ISHICN,Q18_3,5
2334,ISHICN,Q19_1,4
2335,ISHICN,Q19_2,5
2336,ISHICN,Q19_3,5
2337,ISHICN,Q20_1,4
2338,ISHICN,Q20_2,4
2339,ISHICN,Q20_3,4
2340,ISHICN,Q181_1,4
2341,ISHICN,Q181_2,5
2342,ISHICN,Q181_3,5
2343,ISHICN,Q182_1,4
2344,ISHICN,Q182_2,5
2345,ISHICN,Q182_3,5
2346,ISHICN,Q183_1,5
2347,ISHICN,Q183_2,5
2348,ISHICN,Q183_3,5
2349,ISHICN,Q184_1,4
2350,ISHICN,Q184_2,5
2351,ISHICN,Q184_3,5
2352,ISHICN,Q185_1,4
2353,ISHICN,Q185_2,4
2354,ISHICN,Q185_3,4
2355,ISHICN,Q186_1,4
2356,ISHICN,Q186_2,5
2357,ISHICN,Q186_3,4
2358,ISHICN,Q187_1,4
2359,ISHICN,Q187_2,5
2360,ISHICN,Q187_3,5
2361,ISHICN,Q188_1,5
2362,ISHICN,Q188_2,5
2363,ISHICN,Q188_3,5
2364,ISHICN,Q189_1,4
2365,ISHICN,Q189_2,3
2366,ISHICN,Q189_3,4
2367,ISHICN,Q190_1,4
2368,ISHICN,Q190_2,4
2369,ISHICN,Q190_3,4
2370,ISHICN,Q191_1,4
2371,ISHICN,Q191_2,4
2372,ISHICN,Q191_3,4
2373,ISHICN,Q192_1,4
2374,ISHICN,Q192_2,3
2375,ISHICN,Q192_3,3
2376,ISHICN,Q193_1,4
2377,ISHICN,Q193_2,3
2378,ISHICN,Q193_3,4
2379,ISHICN,Q194_1,4
2380,ISHICN,Q194_2,3
2381,ISHICN,Q194_3,4
2382,ISHICN,Q195_1,4
2383,ISHICN,Q195_2,4
2384,ISHICN,Q195_3,3
2385,ISHICN,Q196_1,4
2386,ISHICN,Q196_2,4
2387,ISHICN,Q196_3,4
2388,ISHICN,Q197_1,4
2389,ISHICN,Q197_2,3
2390,ISHICN,Q197_3,4
2391,ISHICN,Q198_1,3
2392,ISHICN,Q198_2,4
2393,ISHICN,Q198_3,3
2394,ISHICN,Q199_1,3
2395,ISHICN,Q199_2,4
2396,ISHICN,Q199_3,4
2397,ISHICN,Q200_1,5
2398,ISHICN,Q200_2,5
2399,ISHICN,Q200_3,5
2400,ranbt2943,Q1_1,5
2401,ranbt2943,Q1_2,6
2402,ranbt2943,Q1_3,3
2403,ranbt2943,Q2_1,5
2404,ranbt2943,Q2_2,5
2405,ranbt2943,Q2_3,3
2406,ranbt2943,Q3_1,4
2407,ranbt2943,Q3_2,5
2408,ranbt2943,Q3_3,3
2409,ranbt2943,Q4_1,5
2410,ranbt2943,Q4_2,6
2411,ranbt2943,Q4_3,7
2412,ranbt2943,Q5_1,6
2413,ranbt2943,Q5_2,6
2414,ranbt2943,Q5_3,4
2415,ranbt2943,Q6_1,5
2416,ranbt2943,Q6_2,6
2417,ranbt2943,Q6_3,3
2418,ranbt2943,Q7_1,4
2419,ranbt2943,Q7_2,5
2420,ranbt2943,Q7_3,3
2421,ranbt2943,Q8_1,5
2422,ranbt2943,Q8_2,6
2423,ranbt2943,Q8_3,3
2424,ranbt2943,Q9_1,5
2425,ranbt2943,Q9_2,7
2426,ranbt2943,Q9_3,4
2427,ranbt2943,Q10_1,6
2428,ranbt2943,Q10_2,6
2429,ranbt2943,Q10_3,5
2430,ranbt2943,Q11_1,6
2431,ranbt2943,Q11_2,7
2432,ranbt2943,Q11_3,3
2433,ranbt2943,Q12_1,5
2434,ranbt2943,Q12_2,5
2435,ranbt2943,Q12_3,4
2436,ranbt2943,Q13_1,5
2437,ranbt2943,Q13_2,6
2438,ranbt2943,Q13_3,5
2439,ranbt2943,Q14_1,5
2440,ranbt2943,Q14_2,6
2441,ranbt2943,Q14_3,5
2442,ranbt2943,Q15_1,4
2443,ranbt2943,Q15_2,5
2444,ranbt2943,Q15_3,4
2445,ranbt2943,Q16_1,6
2446,ranbt2943,Q16_2,6
2447,ranbt2943,Q16_3,3
2448,ranbt2943,Q17_1,6
2449,ranbt2943,Q17_2,6
2450,ranbt2943,Q17_3,3
2451,ranbt2943,Q18_1,5
2452,ranbt2943,Q18_2,7
2453,ranbt2943,Q18_3,3
2454,ranbt2943,Q19_1,6
2455,ranbt2943,Q19_2,7
2456,ranbt2943,Q19_3,4
2457,ranbt2943,Q20_1,5
2458,ranbt2943,Q20_2,6
2459,ranbt2943,Q20_3,3
2460,ranbt2943,Q181_1,6
2461,ranbt2943,Q181_2,7
2462,ranbt2943,Q181_3,3
2463,ranbt2943,Q182_1,5
2464,ranbt2943,Q182_2,5
2465,ranbt2943,Q182_3,4
2466,ranbt2943,Q183_1,6
2467,ranbt2943,Q183_2,7
2468,ranbt2943,Q183_3,3
2469,ranbt2943,Q184_1,5
2470,ranbt2943,Q184_2,6
2471,ranbt2943,Q184_3,5
2472,ranbt2943,Q185_1,6
2473,ranbt2943,Q185_2,2
2474,ranbt2943,Q185_3,2
2475,ranbt2943,Q186_1,3
2476,ranbt2943,Q186_2,6
2477,ranbt2943,Q186_3,6
2478,ranbt2943,Q187_1,4
2479,ranbt2943,Q187_2,4
2480,ranbt2943,Q187_3,4
2481,ranbt2943,Q188_1,5
2482,ranbt2943,Q188_2,5
2483,ranbt2943,Q188_3,4
2484,ranbt2943,Q189_1,3
2485,ranbt2943,Q189_2,4
2486,ranbt2943,Q189_3,4
2487,ranbt2943,Q190_1,4
2488,ranbt2943,Q190_2,3
2489,ranbt2943,Q190_3,3
2490,ranbt2943,Q191_1,7
2491,ranbt2943,Q191_2,6
2492,ranbt2943,Q191_3,3
2493,ranbt2943,Q192_1,6
2494,ranbt2943,Q192_2,4
2495,ranbt2943,Q192_3,3
2496,ranbt2943,Q193_1,3
2497,ranbt2943,Q193_2,2
2498,ranbt2943,Q193_3,2
2499,ranbt2943,Q194_1,5
2500,ranbt2943,Q194_2,4
2501,ranbt2943,Q194_3,4
2502,ranbt2943,Q195_1,6
2503,ranbt2943,Q195_2,5
2504,ranbt2943,Q195_3,2
2505,ranbt2943,Q196_1,4
2506,ranbt2943,Q196_2,4
2507,ranbt2943,Q196_3,3
2508,ranbt2943,Q197_1,5
2509,ranbt2943,Q197_2,5
2510,ranbt2943,Q197_3,3
2511,ranbt2943,Q198_1,2
2512,ranbt2943,Q198_2,3
2513,ranbt2943,Q198_3,3
2514,ranbt2943,Q199_1,3
2515,ranbt2943,Q199_2,4
2516,ranbt2943,Q199_3,6
2517,ranbt2943,Q200_1,5
2518,ranbt2943,Q200_2,6
2519,ranbt2943,Q200_3,4
2520,adagietto,Q1_1,6
2521,adagietto,Q1_2,6
2522,adagietto,Q1_3,3
2523,adagietto,Q2_1,5
2524,adagietto,Q2_2,5
2525,adagietto,Q2_3,4
2526,adagietto,Q3_1,6
2527,adagietto,Q3_2,5
2528,adagietto,Q3_3,4
2529,adagietto,Q4_1,6
2530,adagietto,Q4_2,5
2531,adagietto,Q4_3,5
2532,adagietto,Q5_1,6
2533,adagietto,Q5_2,5
2534,adagietto,Q5_3,4
2535,adagietto,Q6_1,6
2536,adagietto,Q6_2,6
2537,adagietto,Q6_3,4
2538,adagietto,Q7_1,5
2539,adagietto,Q7_2,5
2540,adagietto,Q7_3,4
2541,adagietto,Q8_1,6
2542,adagietto,Q8_2,6
2543,adagietto,Q8_3,3
2544,adagietto,Q9_1,6
2545,adagietto,Q9_2,5
2546,adagietto,Q9_3,3
2547,adagietto,Q10_1,6
2548,adagietto,Q10_2,6
2549,adagietto,Q10_3,4
2550,adagietto,Q11_1,6
2551,adagietto,Q11_2,5
2552,adagietto,Q11_3,2
2553,adagietto,Q12_1,6
2554,adagietto,Q12_2,5
2555,adagietto,Q12_3,4
2556,adagietto,Q13_1,7
2557,adagietto,Q13_2,5
2558,adagietto,Q13_3,4
2559,adagietto,Q14_1,6
2560,adagietto,Q14_2,6
2561,adagietto,Q14_3,3
2562,adagietto,Q15_1,6
2563,adagietto,Q15_2,6
2564,adagietto,Q15_3,4
2565,adagietto,Q16_1,6
2566,adagietto,Q16_2,6
2567,adagietto,Q16_3,4
2568,adagietto,Q17_1,4
2569,adagietto,Q17_2,4
2570,adagietto,Q17_3,3
2571,adagietto,Q18_1,6
2572,adagietto,Q18_2,5
2573,adagietto,Q18_3,4
2574,adagietto,Q19_1,6
2575,adagietto,Q19_2,6
2576,adagietto,Q19_3,4
2577,adagietto,Q20_1,6
2578,adagietto,Q20_2,6
2579,adagietto,Q20_3,4
2580,adagietto,Q181_1,5
2581,adagietto,Q181_2,5
2582,adagietto,Q181_3,3
2583,adagietto,Q182_1,5
2584,adagietto,Q182_2,5
2585,adagietto,Q182_3,4
2586,adagietto,Q183_1,6
2587,adagietto,Q183_2,6
2588,adagietto,Q183_3,4
2589,adagietto,Q184_1,6
2590,adagietto,Q184_2,6
2591,adagietto,Q184_3,5
2592,adagietto,Q185_1,6
2593,adagietto,Q185_2,6
2594,adagietto,Q185_3,4
2595,adagietto,Q186_1,3
2596,adagietto,Q186_2,5
2597,adagietto,Q186_3,4
2598,adagietto,Q187_1,4
2599,adagietto,Q187_2,4
2600,adagietto,Q187_3,4
2601,adagietto,Q188_1,6
2602,adagietto,Q188_2,6
2603,adagietto,Q188_3,4
2604,adagietto,Q189_1,5
2605,adagietto,Q189_2,5
2606,adagietto,Q189_3,4
2607,adagietto,Q190_1,5
2608,adagietto,Q190_2,5
2609,adagietto,Q190_3,4
2610,adagietto,Q191_1,6
2611,adagietto,Q191_2,6
2612,adagietto,Q191_3,4
2613,adagietto,Q192_1,6
2614,adagietto,Q192_2,5
2615,adagietto,Q192_3,4
2616,adagietto,Q193_1,4
2617,adagietto,Q193_2,5
2618,adagietto,Q193_3,4
2619,adagietto,Q194_1,5
2620,adagietto,Q194_2,4
2621,adagietto,Q194_3,4
2622,adagietto,Q195_1,7
2623,adagietto,Q195_2,6
2624,adagietto,Q195_3,4
2625,adagietto,Q196_1,4
2626,adagietto,Q196_2,4
2627,adagietto,Q196_3,4
2628,adagietto,Q197_1,6
2629,adagietto,Q197_2,6
2630,adagietto,Q197_3,4
2631,adagietto,Q198_1,2
2632,adagietto,Q198_2,4
2633,adagietto,Q198_3,3
2634,adagietto,Q199_1,6
2635,adagietto,Q199_2,5
2636,adagietto,Q199_3,5
2637,adagietto,Q200_1,6
2638,adagietto,Q200_2,5
2639,adagietto,Q200_3,5
2640,kamihamuroabu,Q1_1,6
2641,kamihamuroabu,Q1_2,5
2642,kamihamuroabu,Q1_3,2
2643,kamihamuroabu,Q2_1,4
2644,kamihamuroabu,Q2_2,5
2645,kamihamuroabu,Q2_3,4
2646,kamihamuroabu,Q3_1,4
2647,kamihamuroabu,Q3_2,5
2648,kamihamuroabu,Q3_3,4
2649,kamihamuroabu,Q4_1,5
2650,kamihamuroabu,Q4_2,3
2651,kamihamuroabu,Q4_3,5
2652,kamihamuroabu,Q5_1,5
2653,kamihamuroabu,Q5_2,6
2654,kamihamuroabu,Q5_3,4
2655,kamihamuroabu,Q6_1,5
2656,kamihamuroabu,Q6_2,4
2657,kamihamuroabu,Q6_3,4
2658,kamihamuroabu,Q7_1,5
2659,kamihamuroabu,Q7_2,4
2660,kamihamuroabu,Q7_3,4
2661,kamihamuroabu,Q8_1,5
2662,kamihamuroabu,Q8_2,4
2663,kamihamuroabu,Q8_3,4
2664,kamihamuroabu,Q9_1,5
2665,kamihamuroabu,Q9_2,5
2666,kamihamuroabu,Q9_3,3
2667,kamihamuroabu,Q10_1,6
2668,kamihamuroabu,Q10_2,4
2669,kamihamuroabu,Q10_3,4
2670,kamihamuroabu,Q11_1,4
2671,kamihamuroabu,Q11_2,5
2672,kamihamuroabu,Q11_3,2
2673,kamihamuroabu,Q12_1,5
2674,kamihamuroabu,Q12_2,3
2675,kamihamuroabu,Q12_3,5
2676,kamihamuroabu,Q13_1,4
2677,kamihamuroabu,Q13_2,4
2678,kamihamuroabu,Q13_3,5
2679,kamihamuroabu,Q14_1,5
2680,kamihamuroabu,Q14_2,4
2681,kamihamuroabu,Q14_3,4
2682,kamihamuroabu,Q15_1,4
2683,kamihamuroabu,Q15_2,5
2684,kamihamuroabu,Q15_3,5
2685,kamihamuroabu,Q16_1,6
2686,kamihamuroabu,Q16_2,5
2687,kamihamuroabu,Q16_3,4
2688,kamihamuroabu,Q17_1,5
2689,kamihamuroabu,Q17_2,5
2690,kamihamuroabu,Q17_3,4
2691,kamihamuroabu,Q18_1,3
2692,kamihamuroabu,Q18_2,5
2693,kamihamuroabu,Q18_3,3
2694,kamihamuroabu,Q19_1,7
2695,kamihamuroabu,Q19_2,7
2696,kamihamuroabu,Q19_3,5
2697,kamihamuroabu,Q20_1,3
2698,kamihamuroabu,Q20_2,5
2699,kamihamuroabu,Q20_3,3
2700,kamihamuroabu,Q181_1,4
2701,kamihamuroabu,Q181_2,4
2702,kamihamuroabu,Q181_3,2
2703,kamihamuroabu,Q182_1,4
2704,kamihamuroabu,Q182_2,4
2705,kamihamuroabu,Q182_3,3
2706,kamihamuroabu,Q183_1,5
2707,kamihamuroabu,Q183_2,6
2708,kamihamuroabu,Q183_3,3
2709,kamihamuroabu,Q184_1,5
2710,kamihamuroabu,Q184_2,5
2711,kamihamuroabu,Q184_3,6
2712,kamihamuroabu,Q185_1,4
2713,kamihamuroabu,Q185_2,5
2714,kamihamuroabu,Q185_3,4
2715,kamihamuroabu,Q186_1,6
2716,kamihamuroabu,Q186_2,6
2717,kamihamuroabu,Q186_3,5
2718,kamihamuroabu,Q187_1,5
2719,kamihamuroabu,Q187_2,4
2720,kamihamuroabu,Q187_3,2
2721,kamihamuroabu,Q188_1,5
2722,kamihamuroabu,Q188_2,4
2723,kamihamuroabu,Q188_3,5
2724,kamihamuroabu,Q189_1,6
2725,kamihamuroabu,Q189_2,6
2726,kamihamuroabu,Q189_3,4
2727,kamihamuroabu,Q190_1,5
2728,kamihamuroabu,Q190_2,4
2729,kamihamuroabu,Q190_3,6
2730,kamihamuroabu,Q191_1,6
2731,kamihamuroabu,Q191_2,4
2732,kamihamuroabu,Q191_3,4
2733,kamihamuroabu,Q192_1,6
2734,kamihamuroabu,Q192_2,4
2735,kamihamuroabu,Q192_3,5
2736,kamihamuroabu,Q193_1,4
2737,kamihamuroabu,Q193_2,2
2738,kamihamuroabu,Q193_3,4
2739,kamihamuroabu,Q194_1,5
2740,kamihamuroabu,Q194_2,4
2741,kamihamuroabu,Q194_3,5
2742,kamihamuroabu,Q195_1,4
2743,kamihamuroabu,Q195_2,2
2744,kamihamuroabu,Q195_3,4
2745,kamihamuroabu,Q196_1,4
2746,kamihamuroabu,Q196_2,4
2747,kamihamuroabu,Q196_3,6
2748,kamihamuroabu,Q197_1,4
2749,kamihamuroabu,Q197_2,4
2750,kamihamuroabu,Q197_3,3
2751,kamihamuroabu,Q198_1,5
2752,kamihamuroabu,Q198_2,6
2753,kamihamuroabu,Q198_3,4
2754,kamihamuroabu,Q199_1,3
2755,kamihamuroabu,Q199_2,4
2756,kamihamuroabu,Q199_3,5
2757,kamihamuroabu,Q200_1,4
2758,kamihamuroabu,Q200_2,4
2759,kamihamuroabu,Q200_3,6
2760,109960,Q1_1,6
2761,109960,Q1_2,6
2762,109960,Q1_3,5
2763,109960,Q2_1,5
2764,109960,Q2_2,5
2765,109960,Q2_3,4
2766,109960,Q3_1,6
2767,109960,Q3_2,6
2768,109960,Q3_3,5
2769,109960,Q4_1,6
2770,109960,Q4_2,4
2771,109960,Q4_3,5
2772,109960,Q5_1,7
2773,109960,Q5_2,6
2774,109960,Q5_3,5
2775,109960,Q6_1,6
2776,109960,Q6_2,6
2777,109960,Q6_3,4
2778,109960,Q7_1,5
2779,109960,Q7_2,5
2780,109960,Q7_3,4
2781,109960,Q8_1,6
2782,109960,Q8_2,6
2783,109960,Q8_3,5
2784,109960,Q9_1,5
2785,109960,Q9_2,6
2786,109960,Q9_3,4
2787,109960,Q10_1,7
2788,109960,Q10_2,6
2789,109960,Q10_3,5
2790,109960,Q11_1,7
2791,109960,Q11_2,6
2792,109960,Q11_3,4
2793,109960,Q12_1,6
2794,109960,Q12_2,5
2795,109960,Q12_3,4
2796,109960,Q13_1,6
2797,109960,Q13_2,6
2798,109960,Q13_3,5
2799,109960,Q14_1,6
2800,109960,Q14_2,6
2801,109960,Q14_3,4
2802,109960,Q15_1,6
2803,109960,Q15_2,6
2804,109960,Q15_3,5
2805,109960,Q16_1,6
2806,109960,Q16_2,6
2807,109960,Q16_3,4
2808,109960,Q17_1,4
2809,109960,Q17_2,5
2810,109960,Q17_3,4
2811,109960,Q18_1,6
2812,109960,Q18_2,6
2813,109960,Q18_3,4
2814,109960,Q19_1,6
2815,109960,Q19_2,6
2816,109960,Q19_3,4
2817,109960,Q20_1,4
2818,109960,Q20_2,5
2819,109960,Q20_3,4
2820,109960,Q181_1,7
2821,109960,Q181_2,6
2822,109960,Q181_3,4
2823,109960,Q182_1,6
2824,109960,Q182_2,6
2825,109960,Q182_3,4
2826,109960,Q183_1,7
2827,109960,Q183_2,6
2828,109960,Q183_3,5
2829,109960,Q184_1,6
2830,109960,Q184_2,5
2831,109960,Q184_3,5
2832,109960,Q185_1,6
2833,109960,Q185_2,6
2834,109960,Q185_3,5
2835,109960,Q186_1,5
2836,109960,Q186_2,6
2837,109960,Q186_3,5
2838,109960,Q187_1,6
2839,109960,Q187_2,5
2840,109960,Q187_3,4
2841,109960,Q188_1,6
2842,109960,Q188_2,6
2843,109960,Q188_3,5
2844,109960,Q189_1,6
2845,109960,Q189_2,6
2846,109960,Q189_3,5
2847,109960,Q190_1,5
2848,109960,Q190_2,5
2849,109960,Q190_3,4
2850,109960,Q191_1,6
2851,109960,Q191_2,6
2852,109960,Q191_3,4
2853,109960,Q192_1,6
2854,109960,Q192_2,5
2855,109960,Q192_3,5
2856,109960,Q193_1,5
2857,109960,Q193_2,5
2858,109960,Q193_3,4
2859,109960,Q194_1,6
2860,109960,Q194_2,5
2861,109960,Q194_3,4
2862,109960,Q195_1,6
2863,109960,Q195_2,6
2864,109960,Q195_3,4
2865,109960,Q196_1,5
2866,109960,Q196_2,5
2867,109960,Q196_3,6
2868,109960,Q197_1,6
2869,109960,Q197_2,6
2870,109960,Q197_3,5
2871,109960,Q198_1,5
2872,109960,Q198_2,4
2873,109960,Q198_3,4
2874,109960,Q199_1,6
2875,109960,Q199_2,5
2876,109960,Q199_3,4
2877,109960,Q200_1,7
2878,109960,Q200_2,6
2879,109960,Q200_3,5
2880,mikalemon,Q1_1,5
2881,mikalemon,Q1_2,7
2882,mikalemon,Q1_3,4
2883,mikalemon,Q2_1,6
2884,mikalemon,Q2_2,5
2885,mikalemon,Q2_3,4
2886,mikalemon,Q3_1,5
2887,mikalemon,Q3_2,5
2888,mikalemon,Q3_3,5
2889,mikalemon,Q4_1,5
2890,mikalemon,Q4_2,3
2891,mikalemon,Q4_3,7
2892,mikalemon,Q5_1,6
2893,mikalemon,Q5_2,5
2894,mikalemon,Q5_3,5
2895,mikalemon,Q6_1,5
2896,mikalemon,Q6_2,6
2897,mikalemon,Q6_3,4
2898,mikalemon,Q7_1,6
2899,mikalemon,Q7_2,5
2900,mikalemon,Q7_3,5
2901,mikalemon,Q8_1,5
2902,mikalemon,Q8_2,6
2903,mikalemon,Q8_3,4
2904,mikalemon,Q9_1,5
2905,mikalemon,Q9_2,7
2906,mikalemon,Q9_3,4
2907,mikalemon,Q10_1,7
2908,mikalemon,Q10_2,5
2909,mikalemon,Q10_3,5
2910,mikalemon,Q11_1,6
2911,mikalemon,Q11_2,6
2912,mikalemon,Q11_3,5
2913,mikalemon,Q12_1,6
2914,mikalemon,Q12_2,5
2915,mikalemon,Q12_3,5
2916,mikalemon,Q13_1,6
2917,mikalemon,Q13_2,6
2918,mikalemon,Q13_3,5
2919,mikalemon,Q14_1,5
2920,mikalemon,Q14_2,5
2921,mikalemon,Q14_3,5
2922,mikalemon,Q15_1,6
2923,mikalemon,Q15_2,5
2924,mikalemon,Q15_3,5
2925,mikalemon,Q16_1,5
2926,mikalemon,Q16_2,6
2927,mikalemon,Q16_3,5
2928,mikalemon,Q17_1,7
2929,mikalemon,Q17_2,7
2930,mikalemon,Q17_3,4
2931,mikalemon,Q18_1,4
2932,mikalemon,Q18_2,6
2933,mikalemon,Q18_3,4
2934,mikalemon,Q19_1,6
2935,mikalemon,Q19_2,7
2936,mikalemon,Q19_3,5
2937,mikalemon,Q20_1,3
2938,mikalemon,Q20_2,6
2939,mikalemon,Q20_3,4
2940,mikalemon,Q181_1,6
2941,mikalemon,Q181_2,7
2942,mikalemon,Q181_3,4
2943,mikalemon,Q182_1,5
2944,mikalemon,Q182_2,5
2945,mikalemon,Q182_3,4
2946,mikalemon,Q183_1,7
2947,mikalemon,Q183_2,6
2948,mikalemon,Q183_3,5
2949,mikalemon,Q184_1,6
2950,mikalemon,Q184_2,5
2951,mikalemon,Q184_3,5
2952,mikalemon,Q185_1,6
2953,mikalemon,Q185_2,5
2954,mikalemon,Q185_3,5
2955,mikalemon,Q186_1,1
2956,mikalemon,Q186_2,4
2957,mikalemon,Q186_3,4
2958,mikalemon,Q187_1,4
2959,mikalemon,Q187_2,4
2960,mikalemon,Q187_3,4
2961,mikalemon,Q188_1,5
2962,mikalemon,Q188_2,5
2963,mikalemon,Q188_3,6
2964,mikalemon,Q189_1,2
2965,mikalemon,Q189_2,5
2966,mikalemon,Q189_3,4
2967,mikalemon,Q190_1,4
2968,mikalemon,Q190_2,5
2969,mikalemon,Q190_3,5
2970,mikalemon,Q191_1,5
2971,mikalemon,Q191_2,5
2972,mikalemon,Q191_3,5
2973,mikalemon,Q192_1,4
2974,mikalemon,Q192_2,3
2975,mikalemon,Q192_3,4
2976,mikalemon,Q193_1,4
2977,mikalemon,Q193_2,5
2978,mikalemon,Q193_3,4
2979,mikalemon,Q194_1,5
2980,mikalemon,Q194_2,3
2981,mikalemon,Q194_3,4
2982,mikalemon,Q195_1,6
2983,mikalemon,Q195_2,7
2984,mikalemon,Q195_3,4
2985,mikalemon,Q196_1,2
2986,mikalemon,Q196_2,4
2987,mikalemon,Q196_3,4
2988,mikalemon,Q197_1,5
2989,mikalemon,Q197_2,5
2990,mikalemon,Q197_3,4
2991,mikalemon,Q198_1,2
2992,mikalemon,Q198_2,4
2993,mikalemon,Q198_3,4
2994,mikalemon,Q199_1,3
2995,mikalemon,Q199_2,3
2996,mikalemon,Q199_3,4
2997,mikalemon,Q200_1,5
2998,mikalemon,Q200_2,6
2999,mikalemon,Q200_3,4
3000,sr15,Q1_1,6
3001,sr15,Q1_2,7
3002,sr15,Q1_3,2
3003,sr15,Q2_1,5
3004,sr15,Q2_2,5
3005,sr15,Q2_3,4
3006,sr15,Q3_1,3
3007,sr15,Q3_2,6
3008,sr15,Q3_3,4
3009,sr15,Q4_1,7
3010,sr15,Q4_2,3
3011,sr15,Q4_3,5
3012,sr15,Q5_1,3
3013,sr15,Q5_2,6
3014,sr15,Q5_3,2
3015,sr15,Q6_1,5
3016,sr15,Q6_2,7
3017,sr15,Q6_3,4
3018,sr15,Q7_1,3
3019,sr15,Q7_2,5
3020,sr15,Q7_3,4
3021,sr15,Q8_1,5
3022,sr15,Q8_2,7
3023,sr15,Q8_3,4
3024,sr15,Q9_1,3
3025,sr15,Q9_2,6
3026,sr15,Q9_3,4
3027,sr15,Q10_1,6
3028,sr15,Q10_2,6
3029,sr15,Q10_3,3
3030,sr15,Q11_1,5
3031,sr15,Q11_2,7
3032,sr15,Q11_3,5
3033,sr15,Q12_1,6
3034,sr15,Q12_2,4
3035,sr15,Q12_3,4
3036,sr15,Q13_1,7
3037,sr15,Q13_2,5
3038,sr15,Q13_3,5
3039,sr15,Q14_1,7
3040,sr15,Q14_2,5
3041,sr15,Q14_3,5
3042,sr15,Q15_1,6
3043,sr15,Q15_2,5
3044,sr15,Q15_3,5
3045,sr15,Q16_1,7
3046,sr15,Q16_2,6
3047,sr15,Q16_3,5
3048,sr15,Q17_1,6
3049,sr15,Q17_2,7
3050,sr15,Q17_3,4
3051,sr15,Q18_1,6
3052,sr15,Q18_2,7
3053,sr15,Q18_3,4
3054,sr15,Q19_1,7
3055,sr15,Q19_2,7
3056,sr15,Q19_3,4
3057,sr15,Q20_1,4
3058,sr15,Q20_2,7
3059,sr15,Q20_3,3
3060,sr15,Q181_1,6
3061,sr15,Q181_2,7
3062,sr15,Q181_3,4
3063,sr15,Q182_1,6
3064,sr15,Q182_2,7
3065,sr15,Q182_3,4
3066,sr15,Q183_1,6
3067,sr15,Q183_2,7
3068,sr15,Q183_3,4
3069,sr15,Q184_1,7
3070,sr15,Q184_2,5
3071,sr15,Q184_3,5
3072,sr15,Q185_1,6
3073,sr15,Q185_2,6
3074,sr15,Q185_3,3
3075,sr15,Q186_1,5
3076,sr15,Q186_2,6
3077,sr15,Q186_3,4
3078,sr15,Q187_1,7
3079,sr15,Q187_2,6
3080,sr15,Q187_3,4
3081,sr15,Q188_1,6
3082,sr15,Q188_2,6
3083,sr15,Q188_3,5
3084,sr15,Q189_1,6
3085,sr15,Q189_2,6
3086,sr15,Q189_3,3
3087,sr15,Q190_1,6
3088,sr15,Q190_2,5
3089,sr15,Q190_3,6
3090,sr15,Q191_1,7
3091,sr15,Q191_2,7
3092,sr15,Q191_3,2
3093,sr15,Q192_1,6
3094,sr15,Q192_2,7
3095,sr15,Q192_3,2
3096,sr15,Q193_1,6
3097,sr15,Q193_2,5
3098,sr15,Q193_3,2
3099,sr15,Q194_1,3
3100,sr15,Q194_2,6
3101,sr15,Q194_3,2
3102,sr15,Q195_1,6
3103,sr15,Q195_2,7
3104,sr15,Q195_3,1
3105,sr15,Q196_1,4
3106,sr15,Q196_2,5
3107,sr15,Q196_3,5
3108,sr15,Q197_1,5
3109,sr15,Q197_2,7
3110,sr15,Q197_3,3
3111,sr15,Q198_1,3
3112,sr15,Q198_2,6
3113,sr15,Q198_3,4
3114,sr15,Q199_1,4
3115,sr15,Q199_2,3
3116,sr15,Q199_3,5
3117,sr15,Q200_1,6
3118,sr15,Q200_2,6
3119,sr15,Q200_3,5
3120,daizu810,Q1_1,5
3121,daizu810,Q1_2,6
3122,daizu810,Q1_3,6
3123,daizu810,Q2_1,6
3124,daizu810,Q2_2,7
3125,daizu810,Q2_3,2
3126,daizu810,Q3_1,6
3127,daizu810,Q3_2,5
3128,daizu810,Q3_3,4
3129,daizu810,Q4_1,6
3130,daizu810,Q4_2,4
3131,daizu810,Q4_3,6
3132,daizu810,Q5_1,5
3133,daizu810,Q5_2,3
3134,daizu810,Q5_3,2
3135,daizu810,Q6_1,6
3136,daizu810,Q6_2,5
3137,daizu810,Q6_3,4
3138,daizu810,Q7_1,6
3139,daizu810,Q7_2,6
3140,daizu810,Q7_3,4
3141,daizu810,Q8_1,6
3142,daizu810,Q8_2,4
3143,daizu810,Q8_3,5
3144,daizu810,Q9_1,5
3145,daizu810,Q9_2,3
3146,daizu810,Q9_3,4
3147,daizu810,Q10_1,7
3148,daizu810,Q10_2,7
3149,daizu810,Q10_3,3
3150,daizu810,Q11_1,6
3151,daizu810,Q11_2,7
3152,daizu810,Q11_3,5
3153,daizu810,Q12_1,6
3154,daizu810,Q12_2,5
3155,daizu810,Q12_3,7
3156,daizu810,Q13_1,7
3157,daizu810,Q13_2,3
3158,daizu810,Q13_3,5
3159,daizu810,Q14_1,6
3160,daizu810,Q14_2,4
3161,daizu810,Q14_3,4
3162,daizu810,Q15_1,7
3163,daizu810,Q15_2,3
3164,daizu810,Q15_3,6
3165,daizu810,Q16_1,7
3166,daizu810,Q16_2,7
3167,daizu810,Q16_3,2
3168,daizu810,Q17_1,7
3169,daizu810,Q17_2,6
3170,daizu810,Q17_3,2
3171,daizu810,Q18_1,5
3172,daizu810,Q18_2,5
3173,daizu810,Q18_3,4
3174,daizu810,Q19_1,7
3175,daizu810,Q19_2,6
3176,daizu810,Q19_3,4
3177,daizu810,Q20_1,5
3178,daizu810,Q20_2,4
3179,daizu810,Q20_3,1
3180,daizu810,Q181_1,5
3181,daizu810,Q181_2,6
3182,daizu810,Q181_3,5
3183,daizu810,Q182_1,6
3184,daizu810,Q182_2,4
3185,daizu810,Q182_3,5
3186,daizu810,Q183_1,5
3187,daizu810,Q183_2,6
3188,daizu810,Q183_3,4
3189,daizu810,Q184_1,5
3190,daizu810,Q184_2,4
3191,daizu810,Q184_3,3
3192,daizu810,Q185_1,7
3193,daizu810,Q185_2,4
3194,daizu810,Q185_3,3
3195,daizu810,Q186_1,2
3196,daizu810,Q186_2,4
3197,daizu810,Q186_3,4
3198,daizu810,Q187_1,6
3199,daizu810,Q187_2,1
3200,daizu810,Q187_3,6
3201,daizu810,Q188_1,6
3202,daizu810,Q188_2,5
3203,daizu810,Q188_3,3
3204,daizu810,Q189_1,5
3205,daizu810,Q189_2,3
3206,daizu810,Q189_3,4
3207,daizu810,Q190_1,5
3208,daizu810,Q190_2,2
3209,daizu810,Q190_3,4
3210,daizu810,Q191_1,6
3211,daizu810,Q191_2,4
3212,daizu810,Q191_3,1
3213,daizu810,Q192_1,5
3214,daizu810,Q192_2,2
3215,daizu810,Q192_3,6
3216,daizu810,Q193_1,4
3217,daizu810,Q193_2,4
3218,daizu810,Q193_3,3
3219,daizu810,Q194_1,4
3220,daizu810,Q194_2,2
3221,daizu810,Q194_3,1
3222,daizu810,Q195_1,6
3223,daizu810,Q195_2,4
3224,daizu810,Q195_3,3
3225,daizu810,Q196_1,3
3226,daizu810,Q196_2,2
3227,daizu810,Q196_3,4
3228,daizu810,Q197_1,5
3229,daizu810,Q197_2,6
3230,daizu810,Q197_3,4
3231,daizu810,Q198_1,3
3232,daizu810,Q198_2,2
3233,daizu810,Q198_3,4
3234,daizu810,Q199_1,4
3235,daizu810,Q199_2,2
3236,daizu810,Q199_3,6
3237,daizu810,Q200_1,6
3238,daizu810,Q200_2,2
3239,daizu810,Q200_3,3
3240,摩天楼さ�,Q1_1,5
3241,摩天楼さ�,Q1_2,7
3242,摩天楼さ�,Q1_3,2
3243,摩天楼さ�,Q2_1,5
3244,摩天楼さ�,Q2_2,4
3245,摩天楼さ�,Q2_3,4
3246,摩天楼さ�,Q3_1,4
3247,摩天楼さ�,Q3_2,5
3248,摩天楼さ�,Q3_3,4
3249,摩天楼さ�,Q4_1,5
3250,摩天楼さ�,Q4_2,3
3251,摩天楼さ�,Q4_3,5
3252,摩天楼さ�,Q5_1,5
3253,摩天楼さ�,Q5_2,6
3254,摩天楼さ�,Q5_3,4
3255,摩天楼さ�,Q6_1,4
3256,摩天楼さ�,Q6_2,6
3257,摩天楼さ�,Q6_3,4
3258,摩天楼さ�,Q7_1,3
3259,摩天楼さ�,Q7_2,5
3260,摩天楼さ�,Q7_3,5
3261,摩天楼さ�,Q8_1,4
3262,摩天楼さ�,Q8_2,5
3263,摩天楼さ�,Q8_3,3
3264,摩天楼さ�,Q9_1,5
3265,摩天楼さ�,Q9_2,7
3266,摩天楼さ�,Q9_3,2
3267,摩天楼さ�,Q10_1,6
3268,摩天楼さ�,Q10_2,4
3269,摩天楼さ�,Q10_3,2
3270,摩天楼さ�,Q11_1,5
3271,摩天楼さ�,Q11_2,7
3272,摩天楼さ�,Q11_3,4
3273,摩天楼さ�,Q12_1,6
3274,摩天楼さ�,Q12_2,6
3275,摩天楼さ�,Q12_3,5
3276,摩天楼さ�,Q13_1,5
3277,摩天楼さ�,Q13_2,6
3278,摩天楼さ�,Q13_3,5
3279,摩天楼さ�,Q14_1,5
3280,摩天楼さ�,Q14_2,6
3281,摩天楼さ�,Q14_3,4
3282,摩天楼さ�,Q15_1,5
3283,摩天楼さ�,Q15_2,6
3284,摩天楼さ�,Q15_3,3
3285,摩天楼さ�,Q16_1,5
3286,摩天楼さ�,Q16_2,7
3287,摩天楼さ�,Q16_3,3
3288,摩天楼さ�,Q17_1,5
3289,摩天楼さ�,Q17_2,6
3290,摩天楼さ�,Q17_3,2
3291,摩天楼さ�,Q18_1,3
3292,摩天楼さ�,Q18_2,6
3293,摩天楼さ�,Q18_3,3
3294,摩天楼さ�,Q19_1,5
3295,摩天楼さ�,Q19_2,6
3296,摩天楼さ�,Q19_3,4
3297,摩天楼さ�,Q20_1,3
3298,摩天楼さ�,Q20_2,5
3299,摩天楼さ�,Q20_3,2
3300,摩天楼さ�,Q181_1,6
3301,摩天楼さ�,Q181_2,7
3302,摩天楼さ�,Q181_3,3
3303,摩天楼さ�,Q182_1,5
3304,摩天楼さ�,Q182_2,6
3305,摩天楼さ�,Q182_3,4
3306,摩天楼さ�,Q183_1,5
3307,摩天楼さ�,Q183_2,6
3308,摩天楼さ�,Q183_3,2
3309,摩天楼さ�,Q184_1,6
3310,摩天楼さ�,Q184_2,5
3311,摩天楼さ�,Q184_3,5
3312,摩天楼さ�,Q185_1,5
3313,摩天楼さ�,Q185_2,3
3314,摩天楼さ�,Q185_3,3
3315,摩天楼さ�,Q186_1,4
3316,摩天楼さ�,Q186_2,6
3317,摩天楼さ�,Q186_3,6
3318,摩天楼さ�,Q187_1,5
3319,摩天楼さ�,Q187_2,5
3320,摩天楼さ�,Q187_3,4
3321,摩天楼さ�,Q188_1,4
3322,摩天楼さ�,Q188_2,6
3323,摩天楼さ�,Q188_3,3
3324,摩天楼さ�,Q189_1,5
3325,摩天楼さ�,Q189_2,6
3326,摩天楼さ�,Q189_3,3
3327,摩天楼さ�,Q190_1,5
3328,摩天楼さ�,Q190_2,3
3329,摩天楼さ�,Q190_3,4
3330,摩天楼さ�,Q191_1,6
3331,摩天楼さ�,Q191_2,6
3332,摩天楼さ�,Q191_3,2
3333,摩天楼さ�,Q192_1,5
3334,摩天楼さ�,Q192_2,3
3335,摩天楼さ�,Q192_3,5
3336,摩天楼さ�,Q193_1,5
3337,摩天楼さ�,Q193_2,2
3338,摩天楼さ�,Q193_3,2
3339,摩天楼さ�,Q194_1,6
3340,摩天楼さ�,Q194_2,4
3341,摩天楼さ�,Q194_3,5
3342,摩天楼さ�,Q195_1,6
3343,摩天楼さ�,Q195_2,5
3344,摩天楼さ�,Q195_3,2
3345,摩天楼さ�,Q196_1,3
3346,摩天楼さ�,Q196_2,4
3347,摩天楼さ�,Q196_3,3
3348,摩天楼さ�,Q197_1,5
3349,摩天楼さ�,Q197_2,6
3350,摩天楼さ�,Q197_3,3
3351,摩天楼さ�,Q198_1,3
3352,摩天楼さ�,Q198_2,3
3353,摩天楼さ�,Q198_3,4
3354,摩天楼さ�,Q199_1,5
3355,摩天楼さ�,Q199_2,4
3356,摩天楼さ�,Q199_3,5
3357,摩天楼さ�,Q200_1,5
3358,摩天楼さ�,Q200_2,6
3359,摩天楼さ�,Q200_3,5
3360,soshisoyamama,Q1_1,5
3361,soshisoyamama,Q1_2,7
3362,soshisoyamama,Q1_3,5
3363,soshisoyamama,Q2_1,4
3364,soshisoyamama,Q2_2,4
3365,soshisoyamama,Q2_3,4
3366,soshisoyamama,Q3_1,5
3367,soshisoyamama,Q3_2,6
3368,soshisoyamama,Q3_3,5
3369,soshisoyamama,Q4_1,5
3370,soshisoyamama,Q4_2,5
3371,soshisoyamama,Q4_3,5
3372,soshisoyamama,Q5_1,4
3373,soshisoyamama,Q5_2,5
3374,soshisoyamama,Q5_3,4
3375,soshisoyamama,Q6_1,4
3376,soshisoyamama,Q6_2,6
3377,soshisoyamama,Q6_3,5
3378,soshisoyamama,Q7_1,4
3379,soshisoyamama,Q7_2,4
3380,soshisoyamama,Q7_3,3
3381,soshisoyamama,Q8_1,4
3382,soshisoyamama,Q8_2,6
3383,soshisoyamama,Q8_3,5
3384,soshisoyamama,Q9_1,5
3385,soshisoyamama,Q9_2,7
3386,soshisoyamama,Q9_3,6
3387,soshisoyamama,Q10_1,6
3388,soshisoyamama,Q10_2,7
3389,soshisoyamama,Q10_3,5
3390,soshisoyamama,Q11_1,5
3391,soshisoyamama,Q11_2,7
3392,soshisoyamama,Q11_3,5
3393,soshisoyamama,Q12_1,6
3394,soshisoyamama,Q12_2,5
3395,soshisoyamama,Q12_3,6
3396,soshisoyamama,Q13_1,6
3397,soshisoyamama,Q13_2,5
3398,soshisoyamama,Q13_3,5
3399,soshisoyamama,Q14_1,6
3400,soshisoyamama,Q14_2,5
3401,soshisoyamama,Q14_3,5
3402,soshisoyamama,Q15_1,5
3403,soshisoyamama,Q15_2,4
3404,soshisoyamama,Q15_3,5
3405,soshisoyamama,Q16_1,5
3406,soshisoyamama,Q16_2,6
3407,soshisoyamama,Q16_3,5
3408,soshisoyamama,Q17_1,3
3409,soshisoyamama,Q17_2,7
3410,soshisoyamama,Q17_3,5
3411,soshisoyamama,Q18_1,4
3412,soshisoyamama,Q18_2,6
3413,soshisoyamama,Q18_3,5
3414,soshisoyamama,Q19_1,6
3415,soshisoyamama,Q19_2,7
3416,soshisoyamama,Q19_3,5
3417,soshisoyamama,Q20_1,4
3418,soshisoyamama,Q20_2,6
3419,soshisoyamama,Q20_3,4
3420,soshisoyamama,Q181_1,5
3421,soshisoyamama,Q181_2,6
3422,soshisoyamama,Q181_3,5
3423,soshisoyamama,Q182_1,5
3424,soshisoyamama,Q182_2,4
3425,soshisoyamama,Q182_3,4
3426,soshisoyamama,Q183_1,7
3427,soshisoyamama,Q183_2,7
3428,soshisoyamama,Q183_3,5
3429,soshisoyamama,Q184_1,5
3430,soshisoyamama,Q184_2,5
3431,soshisoyamama,Q184_3,5
3432,soshisoyamama,Q185_1,4
3433,soshisoyamama,Q185_2,2
3434,soshisoyamama,Q185_3,4
3435,soshisoyamama,Q186_1,1
3436,soshisoyamama,Q186_2,3
3437,soshisoyamama,Q186_3,3
3438,soshisoyamama,Q187_1,3
3439,soshisoyamama,Q187_2,3
3440,soshisoyamama,Q187_3,4
3441,soshisoyamama,Q188_1,6
3442,soshisoyamama,Q188_2,5
3443,soshisoyamama,Q188_3,5
3444,soshisoyamama,Q189_1,3
3445,soshisoyamama,Q189_2,2
3446,soshisoyamama,Q189_3,3
3447,soshisoyamama,Q190_1,3
3448,soshisoyamama,Q190_2,4
3449,soshisoyamama,Q190_3,5
3450,soshisoyamama,Q191_1,6
3451,soshisoyamama,Q191_2,4
3452,soshisoyamama,Q191_3,5
3453,soshisoyamama,Q192_1,5
3454,soshisoyamama,Q192_2,4
3455,soshisoyamama,Q192_3,5
3456,soshisoyamama,Q193_1,2
3457,soshisoyamama,Q193_2,3
3458,soshisoyamama,Q193_3,4
3459,soshisoyamama,Q194_1,4
3460,soshisoyamama,Q194_2,4
3461,soshisoyamama,Q194_3,4
3462,soshisoyamama,Q195_1,5
3463,soshisoyamama,Q195_2,5
3464,soshisoyamama,Q195_3,5
3465,soshisoyamama,Q196_1,1
3466,soshisoyamama,Q196_2,2
3467,soshisoyamama,Q196_3,3
3468,soshisoyamama,Q197_1,3
3469,soshisoyamama,Q197_2,4
3470,soshisoyamama,Q197_3,4
3471,soshisoyamama,Q198_1,1
3472,soshisoyamama,Q198_2,2
3473,soshisoyamama,Q198_3,3
3474,soshisoyamama,Q199_1,3
3475,soshisoyamama,Q199_2,3
3476,soshisoyamama,Q199_3,4
3477,soshisoyamama,Q200_1,5
3478,soshisoyamama,Q200_2,6
3479,soshisoyamama,Q200_3,5
3480,heidi1001,Q1_1,2
3481,heidi1001,Q1_2,2
3482,heidi1001,Q1_3,2
3483,heidi1001,Q2_1,5
3484,heidi1001,Q2_2,5
3485,heidi1001,Q2_3,3
3486,heidi1001,Q3_1,5
3487,heidi1001,Q3_2,6
3488,heidi1001,Q3_3,4
3489,heidi1001,Q4_1,6
3490,heidi1001,Q4_2,3
3491,heidi1001,Q4_3,4
3492,heidi1001,Q5_1,6
3493,heidi1001,Q5_2,6
3494,heidi1001,Q5_3,4
3495,heidi1001,Q6_1,3
3496,heidi1001,Q6_2,4
3497,heidi1001,Q6_3,3
3498,heidi1001,Q7_1,5
3499,heidi1001,Q7_2,4
3500,heidi1001,Q7_3,3
3501,heidi1001,Q8_1,5
3502,heidi1001,Q8_2,4
3503,heidi1001,Q8_3,4
3504,heidi1001,Q9_1,4
3505,heidi1001,Q9_2,5
3506,heidi1001,Q9_3,3
3507,heidi1001,Q10_1,6
3508,heidi1001,Q10_2,5
3509,heidi1001,Q10_3,3
3510,heidi1001,Q11_1,6
3511,heidi1001,Q11_2,5
3512,heidi1001,Q11_3,4
3513,heidi1001,Q12_1,6
3514,heidi1001,Q12_2,3
3515,heidi1001,Q12_3,4
3516,heidi1001,Q13_1,7
3517,heidi1001,Q13_2,6
3518,heidi1001,Q13_3,5
3519,heidi1001,Q14_1,6
3520,heidi1001,Q14_2,5
3521,heidi1001,Q14_3,4
3522,heidi1001,Q15_1,5
3523,heidi1001,Q15_2,4
3524,heidi1001,Q15_3,3
3525,heidi1001,Q16_1,5
3526,heidi1001,Q16_2,5
3527,heidi1001,Q16_3,4
3528,heidi1001,Q17_1,3
3529,heidi1001,Q17_2,4
3530,heidi1001,Q17_3,3
3531,heidi1001,Q18_1,5
3532,heidi1001,Q18_2,6
3533,heidi1001,Q18_3,4
3534,heidi1001,Q19_1,3
3535,heidi1001,Q19_2,7
3536,heidi1001,Q19_3,4
3537,heidi1001,Q20_1,1
3538,heidi1001,Q20_2,2
3539,heidi1001,Q20_3,2
3540,heidi1001,Q181_1,2
3541,heidi1001,Q181_2,4
3542,heidi1001,Q181_3,1
3543,heidi1001,Q182_1,5
3544,heidi1001,Q182_2,5
3545,heidi1001,Q182_3,3
3546,heidi1001,Q183_1,6
3547,heidi1001,Q183_2,4
3548,heidi1001,Q183_3,3
3549,heidi1001,Q184_1,6
3550,heidi1001,Q184_2,5
3551,heidi1001,Q184_3,6
3552,heidi1001,Q185_1,6
3553,heidi1001,Q185_2,6
3554,heidi1001,Q185_3,4
3555,heidi1001,Q186_1,6
3556,heidi1001,Q186_2,6
3557,heidi1001,Q186_3,5
3558,heidi1001,Q187_1,5
3559,heidi1001,Q187_2,4
3560,heidi1001,Q187_3,4
3561,heidi1001,Q188_1,7
3562,heidi1001,Q188_2,5
3563,heidi1001,Q188_3,5
3564,heidi1001,Q189_1,5
3565,heidi1001,Q189_2,6
3566,heidi1001,Q189_3,4
3567,heidi1001,Q190_1,5
3568,heidi1001,Q190_2,5
3569,heidi1001,Q190_3,6
3570,heidi1001,Q191_1,6
3571,heidi1001,Q191_2,5
3572,heidi1001,Q191_3,2
3573,heidi1001,Q192_1,5
3574,heidi1001,Q192_2,3
3575,heidi1001,Q192_3,5
3576,heidi1001,Q193_1,3
3577,heidi1001,Q193_2,5
3578,heidi1001,Q193_3,2
3579,heidi1001,Q194_1,3
3580,heidi1001,Q194_2,4
3581,heidi1001,Q194_3,3
3582,heidi1001,Q195_1,7
3583,heidi1001,Q195_2,6
3584,heidi1001,Q195_3,2
3585,heidi1001,Q196_1,5
3586,heidi1001,Q196_2,3
3587,heidi1001,Q196_3,3
3588,heidi1001,Q197_1,4
3589,heidi1001,Q197_2,5
3590,heidi1001,Q197_3,3
3591,heidi1001,Q198_1,2
3592,heidi1001,Q198_2,5
3593,heidi1001,Q198_3,3
3594,heidi1001,Q199_1,5
3595,heidi1001,Q199_2,4
3596,heidi1001,Q199_3,5
3597,heidi1001,Q200_1,5
3598,heidi1001,Q200_2,4
3599,heidi1001,Q200_3,5
3600,rssk,Q1_1,4
3601,rssk,Q1_2,4
3602,rssk,Q1_3,2
3603,rssk,Q2_1,4
3604,rssk,Q2_2,3
3605,rssk,Q2_3,3
3606,rssk,Q3_1,4
3607,rssk,Q3_2,4
3608,rssk,Q3_3,3
3609,rssk,Q4_1,4
3610,rssk,Q4_2,3
3611,rssk,Q4_3,4
3612,rssk,Q5_1,4
3613,rssk,Q5_2,4
3614,rssk,Q5_3,3
3615,rssk,Q6_1,5
3616,rssk,Q6_2,5
3617,rssk,Q6_3,3
3618,rssk,Q7_1,4
3619,rssk,Q7_2,4
3620,rssk,Q7_3,3
3621,rssk,Q8_1,5
3622,rssk,Q8_2,4
3623,rssk,Q8_3,3
3624,rssk,Q9_1,5
3625,rssk,Q9_2,5
3626,rssk,Q9_3,3
3627,rssk,Q10_1,5
3628,rssk,Q10_2,4
3629,rssk,Q10_3,3
3630,rssk,Q11_1,5
3631,rssk,Q11_2,5
3632,rssk,Q11_3,4
3633,rssk,Q12_1,5
3634,rssk,Q12_2,4
3635,rssk,Q12_3,3
3636,rssk,Q13_1,5
3637,rssk,Q13_2,5
3638,rssk,Q13_3,3
3639,rssk,Q14_1,4
3640,rssk,Q14_2,3
3641,rssk,Q14_3,3
3642,rssk,Q15_1,5
3643,rssk,Q15_2,5
3644,rssk,Q15_3,3
3645,rssk,Q16_1,5
3646,rssk,Q16_2,5
3647,rssk,Q16_3,3
3648,rssk,Q17_1,2
3649,rssk,Q17_2,1
3650,rssk,Q17_3,1
3651,rssk,Q18_1,3
3652,rssk,Q18_2,3
3653,rssk,Q18_3,2
3654,rssk,Q19_1,5
3655,rssk,Q19_2,5
3656,rssk,Q19_3,3
3657,rssk,Q20_1,5
3658,rssk,Q20_2,4
3659,rssk,Q20_3,3
3660,rssk,Q181_1,3
3661,rssk,Q181_2,2
3662,rssk,Q181_3,2
3663,rssk,Q182_1,4
3664,rssk,Q182_2,4
3665,rssk,Q182_3,3
3666,rssk,Q183_1,5
3667,rssk,Q183_2,5
3668,rssk,Q183_3,3
3669,rssk,Q184_1,5
3670,rssk,Q184_2,4
3671,rssk,Q184_3,4
3672,rssk,Q185_1,5
3673,rssk,Q185_2,3
3674,rssk,Q185_3,3
3675,rssk,Q186_1,3
3676,rssk,Q186_2,2
3677,rssk,Q186_3,2
3678,rssk,Q187_1,4
3679,rssk,Q187_2,3
3680,rssk,Q187_3,3
3681,rssk,Q188_1,5
3682,rssk,Q188_2,4
3683,rssk,Q188_3,4
3684,rssk,Q189_1,2
3685,rssk,Q189_2,1
3686,rssk,Q189_3,1
3687,rssk,Q190_1,4
3688,rssk,Q190_2,3
3689,rssk,Q190_3,3
3690,rssk,Q191_1,4
3691,rssk,Q191_2,3
3692,rssk,Q191_3,3
3693,rssk,Q192_1,4
3694,rssk,Q192_2,3
3695,rssk,Q192_3,2
3696,rssk,Q193_1,2
3697,rssk,Q193_2,1
3698,rssk,Q193_3,1
3699,rssk,Q194_1,2
3700,rssk,Q194_2,1
3701,rssk,Q194_3,1
3702,rssk,Q195_1,5
3703,rssk,Q195_2,5
3704,rssk,Q195_3,3
3705,rssk,Q196_1,3
3706,rssk,Q196_2,2
3707,rssk,Q196_3,1
3708,rssk,Q197_1,3
3709,rssk,Q197_2,2
3710,rssk,Q197_3,2
3711,rssk,Q198_1,1
3712,rssk,Q198_2,1
3713,rssk,Q198_3,1
3714,rssk,Q199_1,2
3715,rssk,Q199_2,1
3716,rssk,Q199_3,1
3717,rssk,Q200_1,4
3718,rssk,Q200_2,3
3719,rssk,Q200_3,3
3720,����N,Q1_1,4
3721,����N,Q1_2,4
3722,����N,Q1_3,2
3723,����N,Q2_1,4
3724,����N,Q2_2,3
3725,����N,Q2_3,3
3726,����N,Q3_1,5
3727,����N,Q3_2,4
3728,����N,Q3_3,3
3729,����N,Q4_1,5
3730,����N,Q4_2,4
3731,����N,Q4_3,3
3732,����N,Q5_1,5
3733,����N,Q5_2,4
3734,����N,Q5_3,4
3735,����N,Q6_1,5
3736,����N,Q6_2,4
3737,����N,Q6_3,3
3738,����N,Q7_1,3
3739,����N,Q7_2,3
3740,����N,Q7_3,2
3741,����N,Q8_1,5
3742,����N,Q8_2,4
3743,����N,Q8_3,4
3744,����N,Q9_1,5
3745,����N,Q9_2,4
3746,����N,Q9_3,2
3747,����N,Q10_1,6
3748,����N,Q10_2,4
3749,����N,Q10_3,3
3750,����N,Q11_1,6
3751,����N,Q11_2,4
3752,����N,Q11_3,2
3753,����N,Q12_1,5
3754,����N,Q12_2,4
3755,����N,Q12_3,3
3756,����N,Q13_1,5
3757,����N,Q13_2,4
3758,����N,Q13_3,2
3759,����N,Q14_1,4
3760,����N,Q14_2,4
3761,����N,Q14_3,3
3762,����N,Q15_1,5
3763,����N,Q15_2,4
3764,����N,Q15_3,4
3765,����N,Q16_1,5
3766,����N,Q16_2,4
3767,����N,Q16_3,3
3768,����N,Q17_1,5
3769,����N,Q17_2,4
3770,����N,Q17_3,2
3771,����N,Q18_1,4
3772,����N,Q18_2,3
3773,����N,Q18_3,2
3774,����N,Q19_1,5
3775,����N,Q19_2,4
3776,����N,Q19_3,3
3777,����N,Q20_1,5
3778,����N,Q20_2,4
3779,����N,Q20_3,2
3780,����N,Q181_1,5
3781,����N,Q181_2,4
3782,����N,Q181_3,2
3783,����N,Q182_1,5
3784,����N,Q182_2,4
3785,����N,Q182_3,3
3786,����N,Q183_1,5
3787,����N,Q183_2,4
3788,����N,Q183_3,2
3789,����N,Q184_1,5
3790,����N,Q184_2,4
3791,����N,Q184_3,3
3792,����N,Q185_1,6
3793,����N,Q185_2,4
3794,����N,Q185_3,3
3795,����N,Q186_1,2
3796,����N,Q186_2,2
3797,����N,Q186_3,2
3798,����N,Q187_1,5
3799,����N,Q187_2,3
3800,����N,Q187_3,2
3801,����N,Q188_1,5
3802,����N,Q188_2,4
3803,����N,Q188_3,4
3804,����N,Q189_1,2
3805,����N,Q189_2,3
3806,����N,Q189_3,2
3807,����N,Q190_1,3
3808,����N,Q190_2,3
3809,����N,Q190_3,2
3810,����N,Q191_1,5
3811,����N,Q191_2,4
3812,����N,Q191_3,2
3813,����N,Q192_1,4
3814,����N,Q192_2,3
3815,����N,Q192_3,3
3816,����N,Q193_1,3
3817,����N,Q193_2,2
3818,����N,Q193_3,2
3819,����N,Q194_1,3
3820,����N,Q194_2,2
3821,����N,Q194_3,2
3822,����N,Q195_1,5
3823,����N,Q195_2,3
3824,����N,Q195_3,2
3825,����N,Q196_1,2
3826,����N,Q196_2,1
3827,����N,Q196_3,1
3828,����N,Q197_1,5
3829,����N,Q197_2,4
3830,����N,Q197_3,3
3831,����N,Q198_1,1
3832,����N,Q198_2,2
3833,����N,Q198_3,1
3834,����N,Q199_1,3
3835,����N,Q199_2,2
3836,����N,Q199_3,2
3837,����N,Q200_1,6
3838,����N,Q200_2,4
3839,����N,Q200_3,3
