file,F0semitoneFrom27.5Hz_sma3nz_amean,F0semitoneFrom27.5Hz_sma3nz_stddevNorm,F0semitoneFrom27.5Hz_sma3nz_percentile20.0,F0semitoneFrom27.5Hz_sma3nz_percentile50.0,F0semitoneFrom27.5Hz_sma3nz_percentile80.0,F0semitoneFrom27.5Hz_sma3nz_pctlrange0-2,F0semitoneFrom27.5Hz_sma3nz_meanRisingSlope,F0semitoneFrom27.5Hz_sma3nz_stddevRisingSlope,F0semitoneFrom27.5Hz_sma3nz_meanFallingSlope,F0semitoneFrom27.5Hz_sma3nz_stddevFallingSlope,loudness_sma3_amean,loudness_sma3_stddevNorm,loudness_sma3_percentile20.0,loudness_sma3_percentile50.0,loudness_sma3_percentile80.0,loudness_sma3_pctlrange0-2,loudness_sma3_meanRisingSlope,loudness_sma3_stddevRisingSlope,loudness_sma3_meanFallingSlope,loudness_sma3_stddevFallingSlope,spectralFlux_sma3_amean,spectralFlux_sma3_stddevNorm,mfcc1_sma3_amean,mfcc1_sma3_stddevNorm,mfcc2_sma3_amean,mfcc2_sma3_stddevNorm,mfcc3_sma3_amean,mfcc3_sma3_stddevNorm,mfcc4_sma3_amean,mfcc4_sma3_stddevNorm,jitterLocal_sma3nz_amean,jitterLocal_sma3nz_stddevNorm,shimmerLocaldB_sma3nz_amean,shimmerLocaldB_sma3nz_stddevNorm,HNRdBACF_sma3nz_amean,HNRdBACF_sma3nz_stddevNorm,logRelF0-H1-H2_sma3nz_amean,logRelF0-H1-H2_sma3nz_stddevNorm,logRelF0-H1-A3_sma3nz_amean,logRelF0-H1-A3_sma3nz_stddevNorm,F1frequency_sma3nz_amean,F1frequency_sma3nz_stddevNorm,F1bandwidth_sma3nz_amean,F1bandwidth_sma3nz_stddevNorm,F1amplitudeLogRelF0_sma3nz_amean,F1amplitudeLogRelF0_sma3nz_stddevNorm,F2frequency_sma3nz_amean,F2frequency_sma3nz_stddevNorm,F2bandwidth_sma3nz_amean,F2bandwidth_sma3nz_stddevNorm,F2amplitudeLogRelF0_sma3nz_amean,F2amplitudeLogRelF0_sma3nz_stddevNorm,F3frequency_sma3nz_amean,F3frequency_sma3nz_stddevNorm,F3bandwidth_sma3nz_amean,F3bandwidth_sma3nz_stddevNorm,F3amplitudeLogRelF0_sma3nz_amean,F3amplitudeLogRelF0_sma3nz_stddevNorm,alphaRatioV_sma3nz_amean,alphaRatioV_sma3nz_stddevNorm,hammarbergIndexV_sma3nz_amean,hammarbergIndexV_sma3nz_stddevNorm,slopeV0-500_sma3nz_amean,slopeV0-500_sma3nz_stddevNorm,slopeV500-1500_sma3nz_amean,slopeV500-1500_sma3nz_stddevNorm,spectralFluxV_sma3nz_amean,spectralFluxV_sma3nz_stddevNorm,mfcc1V_sma3nz_amean,mfcc1V_sma3nz_stddevNorm,mfcc2V_sma3nz_amean,mfcc2V_sma3nz_stddevNorm,mfcc3V_sma3nz_amean,mfcc3V_sma3nz_stddevNorm,mfcc4V_sma3nz_amean,mfcc4V_sma3nz_stddevNorm,alphaRatioUV_sma3nz_amean,hammarbergIndexUV_sma3nz_amean,slopeUV0-500_sma3nz_amean,slopeUV500-1500_sma3nz_amean,spectralFluxUV_sma3nz_amean,loudnessPeaksPerSec,VoicedSegmentsPerSec,MeanVoicedSegmentLengthSec,StddevVoicedSegmentLengthSec,MeanUnvoicedSegmentLength,StddevUnvoicedSegmentLength,equivalentSoundLevel_dBp,mean
./experiment/wav/K001/K001_004/K001_004_IC01_cut004.wav,36.566544,0.107457094,34.04902,36.366734,39.583828,5.534809,83.95327,55.83998,25.800812,10.6326,0.40671825,0.43526682,0.2833632,0.33517256,0.5302741,0.2469109,3.4655948,1.6842079,4.342789,2.6161845,0.10041324,0.6781816,23.902096,0.23883893,-9.266348,-0.85317945,-20.188627,-0.5206572,-5.357504,-1.6678333,0.030744977,1.057102,1.1257178,0.6113672,5.174315,0.8428382,3.1808665,2.0221765,26.376604,0.31263238,767.1882,0.26723588,1498.6465,0.17003055,-41.738018,-1.7993654,1675.5569,0.13373324,1161.1963,0.2023961,-38.028748,-1.7720352,2783.2588,0.0923561,1105.8795,0.26515046,-52.60053,-1.1596743,-7.092856,-0.77326643,21.980549,0.27796343,0.07645965,0.17466399,-0.010235251,-1.5823773,0.11217505,0.61356246,24.989983,0.20550168,-7.746607,-0.9822607,-22.197037,-0.46563637,-7.1634173,-1.1092464,-2.1430726,11.653051,0.05289545,0.00056454336,0.056588743,2.222222,0.7692308,1.1,0.0,0.085,0.035,-33.73893,5.153846153846154
./experiment/wav/K001/K001_004/K001_004_IC01_cut063.wav,37.98113,0.08282407,34.947758,38.382656,41.47641,6.528652,93.97387,77.25466,19.568733,17.214104,0.38944334,0.52764386,0.1669651,0.3654096,0.61770153,0.45073643,3.6063817,0.96926415,3.887817,1.5678668,0.10597725,0.64355433,18.640993,0.5136014,-4.763187,-1.4801757,-7.9901204,-1.4538441,-19.998747,-0.72134787,0.02383135,1.677797,0.898561,0.720988,6.5553465,0.59089166,3.2601447,1.7505684,22.604002,0.33757898,817.24396,0.21001805,1462.1915,0.42485458,-79.97135,-1.1410398,1835.2883,0.13427407,1061.0184,0.36476794,-81.374954,-1.0434501,2838.5562,0.088161334,1018.3733,0.50363433,-84.80612,-0.97181714,-9.871857,-0.57465833,20.025476,0.47512648,0.05992832,0.3047755,-0.021595744,-0.60200536,0.14054364,0.40762445,20.635422,0.4958885,-6.0377545,-1.2132696,-13.029453,-0.80983716,-26.40107,-0.46449655,-5.914035,12.055334,0.043883573,-0.008798985,0.052714616,3.8251367,3.3707867,0.17833334,0.19064946,0.08285714,0.040607627,-33.72016,5.0
./experiment/wav/K001/K001_004/K001_004_IC01_cut079.wav,35.41541,0.10485163,33.4183,35.409325,38.365143,4.946842,106.65889,120.2072,154.93904,187.19894,0.54936725,0.5456353,0.2468377,0.544416,0.76603377,0.51919603,6.8746567,2.5488904,4.163644,3.764257,0.19194,0.8376203,23.490633,0.53685105,-4.4238477,-2.6565835,-1.9642613,-7.571657,-15.344964,-0.9834553,0.026993684,1.2565478,0.9231204,0.7967332,6.880424,0.4557497,4.7975006,1.6539478,22.521318,0.3019463,736.1088,0.26448488,1457.7704,0.112586945,-54.13742,-1.5422899,1763.2906,0.13618538,1202.1943,0.46466827,-53.46638,-1.4010842,2744.5615,0.10482103,916.61053,0.320204,-56.280773,-1.3073334,-10.198149,-0.47044945,20.025671,0.363334,0.06573475,0.27492827,-0.025050325,-0.4581173,0.24544455,0.62778187,28.376259,0.25879037,-7.6831827,-1.4182609,-2.2058558,-7.5130715,-21.033424,-0.6449297,-2.8884995,8.713616,0.027611924,-0.002341255,0.042061,3.8834953,2.0618558,0.37,0.12,0.095,0.044999998,-28.149334,5.384615384615385
./experiment/wav/K001/K001_004/K001_004_IC01_cut092.wav,33.3846,0.109024234,31.920675,32.860874,37.929882,6.009207,792.5973,499.24808,73.48648,50.854084,0.5457748,0.69534,0.14364311,0.42706352,0.9804595,0.83681643,6.755899,4.4670486,1.7335324,4.389254,0.15486676,0.83533263,14.067859,0.897237,-7.1625924,-1.216325,-2.3311732,-5.253604,-10.780631,-1.2042001,0.04807826,1.596908,1.589888,0.6246112,2.992858,1.3638341,1.6257144,3.4189775,14.035792,0.7265139,772.5766,0.20048827,1419.8678,0.12047127,-117.61706,-0.79980385,1725.0261,0.11414566,1061.1069,0.19152556,-118.23853,-0.7681368,2777.0552,0.080724485,1090.7986,0.4664589,-120.24647,-0.73668015,-4.860658,-0.759842,13.962375,0.67082846,0.053218633,0.39962837,-0.019311128,-0.5925073,0.21857794,0.5174518,19.29909,0.6496579,-6.7246017,-1.267963,-6.029893,-2.6530247,-18.206491,-0.478687,-1.8770652,9.660537,0.023818571,-0.0005716341,0.11692974,3.125,3.2520325,0.12,0.052440442,0.1625,0.08104782,-30.84331,4.923076923076923
./experiment/wav/K001/K001_004/K001_004_IC01_cut098.wav,36.381413,0.124652244,31.61073,36.38076,38.810867,7.200138,31.265522,0.0,53.24515,0.0,0.5490291,0.5787887,0.18630157,0.5454686,0.85853964,0.67223805,7.5893693,5.8477283,9.643709,4.7720504,0.2334704,1.0094668,17.091612,0.5916019,-13.71321,-0.650818,-6.386485,-1.3958126,-17.403072,-0.60357696,0.026036965,0.8897047,1.6078156,0.61099106,3.3220317,0.6822095,0.44338188,13.54545,15.974041,0.65072787,872.68066,0.17110017,1447.8364,0.15320203,-118.95489,-0.7823524,1781.689,0.07673579,1118.7816,0.1700399,-117.11945,-0.7625908,2812.17,0.059590936,822.8225,0.18993428,-118.57171,-0.743039,-5.9732723,-0.8281379,15.552476,0.57005954,0.06745772,0.21711956,-0.016529694,-0.67469054,0.2926681,0.76089835,19.618608,0.37993616,-15.750747,-0.4988571,-6.8516407,-1.4238398,-23.256783,-0.35480937,-2.6044252,12.885339,0.039321475,-0.005695195,0.21247225,5.607477,3.9215686,0.099999994,0.042426404,0.106,0.062482,-29.197306,4.769230769230769
./experiment/wav/K001/K001_004/K001_004_IC01_cut099.wav,42.438248,0.12619764,36.2764,43.253113,48.03544,11.759037,172.90247,117.02609,43.563538,18.857779,0.9558183,0.64070207,0.33052844,0.8421805,1.5738235,1.243295,16.385626,6.6941833,12.611754,6.7055254,0.6033609,0.8067951,15.729247,0.5014884,-16.734802,-0.7942905,-2.45467,-5.0533915,-26.918594,-0.5195044,0.031682964,0.575235,1.5954542,0.5639909,5.86024,0.432033,11.200819,0.59447694,20.629608,0.35388944,745.8485,0.22250484,1331.0789,0.23339187,-119.643654,-0.73834974,1736.0192,0.13084908,959.3562,0.3086338,-109.11992,-0.771455,2755.4604,0.07511717,899.2421,0.45918077,-110.59544,-0.74924237,-7.7359176,-0.5800158,15.972025,0.3553071,0.07835643,0.474077,-0.01777667,-0.8064323,0.70411026,0.7340909,15.506358,0.40696436,-17.265184,-0.7119121,-4.5662603,-2.4358728,-31.947174,-0.44097793,-4.345482,15.366248,0.054873083,-0.013630725,0.5539597,7.692308,5.109489,0.087142855,0.035742845,0.07625,0.04240799,-21.17643,4.6923076923076925
./experiment/wav/K001/K001_009/K001_009_IC01_cut005.wav,45.08065,0.1009768,40.555984,43.984695,49.8315,9.2755165,26.91828,6.6208057,40.964752,0.0,0.85748047,0.38620287,0.522643,0.8856611,1.1265398,0.6038968,6.026393,3.5697465,5.3963923,2.9733,0.43635675,0.6170422,21.375526,0.33799902,-8.8740835,-1.1756755,-4.107109,-3.965462,-18.061367,-0.7186023,0.010659383,1.0091412,0.68926525,0.6074246,10.305705,0.2819893,9.684015,0.80428714,22.851925,0.45012784,682.80945,0.2876934,1223.7009,0.1117001,-54.64242,-1.6369692,1688.7345,0.11238703,1178.0167,0.28303415,-48.809566,-1.3475479,2664.6523,0.13432437,917.2089,0.32328033,-53.331814,-1.2045959,-10.261309,-0.61026895,20.764132,0.48703495,-0.009774388,-3.7731457,-0.021429596,-0.6838963,0.49058357,0.55597425,21.636274,0.27643737,-11.351616,-0.7498473,-7.210292,-2.3621447,-21.800419,-0.4696013,-16.15115,23.341597,-0.036991917,-0.011087798,0.27393824,4.0,3.1578948,0.25,0.086023256,0.065,0.015,-21.565989,5.615384615384615
./experiment/wav/K001/K001_009/K001_009_IC01_cut006.wav,39.401268,0.10321183,36.803986,39.32891,41.518795,4.7148094,51.61725,2.942679,38.703007,8.627381,0.53296816,0.5715828,0.24460065,0.5344162,0.7615204,0.51691973,10.033219,4.8862534,6.258547,4.1775336,0.22134519,0.6493635,20.571808,0.53986,-10.887543,-1.2630996,-1.8847716,-5.688622,-18.270737,-0.7553478,0.02777977,1.3231859,1.2338985,0.8663424,7.5521803,0.47768292,4.627008,2.2161176,20.521986,0.45137203,707.2217,0.29065853,1421.316,0.21789528,-81.32918,-1.1596304,1661.3452,0.13781478,1180.6284,0.39474067,-75.459335,-1.1257955,2676.1338,0.08660391,1088.416,0.4028077,-80.48276,-1.0062724,-9.268746,-0.5793884,20.22567,0.35695627,0.018295744,1.4334186,-0.014048263,-0.84910005,0.27969146,0.5210433,22.867374,0.41273636,-16.168175,-0.79249525,-6.158857,-1.6311803,-25.13378,-0.45450243,-10.3675375,19.94695,-0.00653856,-0.0043132547,0.119973734,5.7971015,5.2631583,0.11285714,0.06942916,0.068333335,0.021921577,-29.02258,5.384615384615385
./experiment/wav/K001/K001_009/K001_009_IC01_cut020.wav,36.991405,0.085423835,33.45605,36.289654,40.1193,6.66325,26.515188,11.710736,25.00438,25.236332,0.40605804,0.4921488,0.20938951,0.3964243,0.60563993,0.39625043,5.3288846,1.6329734,4.3337607,1.6871312,0.21275468,0.80263317,21.177122,0.25633395,-1.1246651,-9.92423,3.9384398,3.3466,-15.83702,-0.8883742,0.019354682,1.0251878,1.0151236,0.5037516,5.827751,0.3680375,4.630775,1.234059,19.572496,0.29725644,694.8994,0.20157927,1314.2367,0.15148382,-119.58495,-0.78606105,1666.1342,0.09978851,1122.1316,0.27257404,-118.90631,-0.75771123,2818.8335,0.06570588,861.25226,0.4773144,-123.284256,-0.6909805,-7.8542976,-0.85353744,21.672152,0.22248897,-0.017202977,-1.3058993,-0.0068686134,-1.9648938,0.23280132,0.662271,22.51936,0.21372351,-8.033297,-1.3560033,-6.401216,-1.5949857,-23.557945,-0.2879882,-16.225687,25.632357,-0.031241167,-0.0073835896,0.20202717,5.3254437,4.2944784,0.087142855,0.052837834,0.12571429,0.14974809,-30.191269,5.384615384615385
./experiment/wav/K001/K001_009/K001_009_IC01_cut024.wav,38.462254,0.08881404,34.1157,38.543346,42.604336,8.488636,146.43625,79.92294,33.771366,6.8247643,0.688451,0.64385235,0.29334462,0.5594118,1.0523216,0.75897694,10.262823,6.0573626,7.5945296,3.4597554,0.33594435,0.85427105,17.44866,0.55507267,-5.887882,-2.64655,1.8802083,7.450529,-22.292368,-0.66593385,0.016524978,0.8824083,0.8667429,0.89104867,6.972156,0.41893718,2.7786715,2.821212,21.63368,0.46373144,810.83856,0.22558366,1284.3679,0.12385978,-93.70723,-1.0404521,1897.348,0.1010833,1005.9001,0.20665489,-96.625595,-0.9360142,2828.912,0.09516625,1213.5273,0.5088091,-99.01926,-0.88827056,-10.325309,-0.7605899,19.658827,0.40128306,0.017186504,1.7057239,-0.024901168,-0.6281768,0.29109535,0.6941036,18.168316,0.46182698,-7.111703,-2.4777908,-5.337443,-2.6046224,-29.626217,-0.39803356,-10.012938,19.593052,-0.0050257496,-0.013608488,0.420588,6.557377,3.478261,0.1475,0.13423394,0.12,0.07968688,-26.075586,5.153846153846154
./experiment/wav/K001/K001_009/K001_009_IC01_cut027.wav,36.29658,0.063698746,34.1856,36.57531,38.614845,4.429245,46.659527,43.538555,135.12077,62.98324,0.6353569,0.7748174,0.22298321,0.49847662,1.0202351,0.7972518,9.385409,7.3204517,5.092686,4.186059,0.32080275,0.7911371,17.144295,0.5871569,-2.4461598,-4.97202,4.584233,2.3079443,-11.721437,-1.2481235,0.02588032,0.8744665,0.93197083,0.51842225,5.9527793,0.327448,3.5642934,2.0415177,20.000645,0.35978553,572.2192,0.3031493,1393.0176,0.15455258,-158.00449,-0.49084723,1609.8505,0.145765,1031.7252,0.2607098,-155.60307,-0.48801517,2647.0488,0.06594646,923.22974,0.23096712,-156.50125,-0.47630507,-9.524267,-0.6495138,19.383112,0.43141875,0.0167121,1.7804209,-0.022586945,-0.5988795,0.38689378,0.47812134,21.115616,0.46824875,-7.207955,-1.419964,-0.5179233,-17.219292,-23.714535,-0.5416123,-10.189103,20.813976,-0.014189184,-0.0080428235,0.30557927,3.5353537,3.626943,0.052857142,0.024907993,0.19999999,0.1456022,-26.731628,4.538461538461538
./experiment/wav/K001/K001_010/K001_010_IC01_cut084.wav,36.62718,0.12037215,33.80831,37.615025,40.25905,6.450737,126.17604,156.54233,24.490097,4.1394687,0.71267927,0.47512183,0.4106623,0.6826427,1.0063711,0.59570885,11.404129,7.82913,10.333698,5.917156,0.35680687,0.7187351,21.43225,0.4531081,-7.3953853,-1.6837299,-9.448893,-1.16299,-17.927649,-0.7594857,0.037350826,1.6071181,1.2698133,0.66407955,5.908682,0.81652313,6.5042853,0.8519949,23.729261,0.39505383,713.20215,0.32597953,1449.7639,0.23924309,-36.40675,-1.9333267,1707.8492,0.1480387,1078.6007,0.33953843,-35.9343,-1.6509702,2774.4878,0.11317143,1023.3868,0.5523167,-42.516193,-1.3355521,-10.26261,-0.6675791,21.114235,0.34643933,0.080028616,0.41489112,-0.023078546,-0.67858803,0.38500357,0.67736065,21.98508,0.3939471,-6.9594574,-1.6800383,-10.723139,-1.0220823,-21.442848,-0.5093074,-5.5167317,16.877203,0.03471826,-0.013618393,0.26983076,7.432432,3.4965036,0.236,0.11551622,0.03,0.0063245553,-32.097977,5.230769230769231
./experiment/wav/K001/K001_010/K001_010_IC01_cut094.wav,40.878113,0.09187806,38.11993,39.288715,43.659534,5.539604,123.221016,84.155304,102.525375,86.31329,1.0727049,0.4381578,0.5645509,1.1082759,1.5047842,0.94023335,6.0686507,4.331478,8.916189,4.745849,0.5374629,0.6404262,17.427801,0.68032736,-12.747384,-0.905473,-7.1866913,-2.0892406,-10.6142,-1.4992719,0.045048796,1.2331738,1.3481174,0.53586364,4.980095,1.0237178,7.815821,0.8722538,17.235168,0.750992,595.5704,0.3829576,1350.8387,0.21031311,-41.325893,-1.6484367,1539.7395,0.15060821,1072.4396,0.253647,-32.66285,-1.6843641,2586.614,0.10514098,1093.0511,0.47257754,-41.574566,-1.2666705,-6.813081,-1.0699462,21.696476,0.4395969,0.07450227,0.65701514,-0.01204915,-1.1014643,0.60938954,0.5320666,20.230293,0.46896172,-11.8026705,-0.9515485,-8.372863,-1.8082403,-13.646838,-1.1174233,0.57432973,10.696472,-0.035627507,0.007873576,0.14758626,4.2016807,1.7699115,0.49499997,0.42499998,0.049999997,0.03,-27.777891,5.769230769230769
./experiment/wav/K001/K001_010/K001_010_IC01_cut099.wav,37.28616,0.060478892,35.92344,37.29666,39.273506,3.3500671,25.95946,22.400946,86.787025,65.45068,0.8177295,0.4749971,0.50209165,0.6932237,1.1153309,0.6132393,11.279086,6.8587637,7.2409096,3.169412,0.2861012,0.63415825,28.36391,0.2028067,-7.8226495,-1.3951565,-9.666537,-1.0289292,-22.723888,-0.37555346,0.010985499,1.1959914,0.8663897,1.0876899,9.843692,0.45635876,7.920121,0.37233502,29.069786,0.1924582,649.32086,0.36225602,1429.5864,0.15386358,-8.211772,-3.0212657,1577.4989,0.15681617,1130.0468,0.21847098,-16.054142,-1.316273,2701.8164,0.13757487,950.97845,0.41797054,-28.129677,-0.6630251,-11.676911,-0.5490453,24.943941,0.30011246,0.08078548,0.36847645,-0.01834632,-0.63776344,0.28847608,0.66341734,28.454323,0.20640038,-6.907435,-1.4955647,-10.524357,-0.9136705,-23.538122,-0.35320443,-8.827836,15.641752,0.059779614,-0.020962834,0.3560691,5.050505,2.1276596,0.45,0.11,0.0,0.0,-31.621058,4.615384615384615
./experiment/wav/K001/K001_010/K001_010_IC01_cut103.wav,34.7847,0.13015361,31.100546,33.513596,36.487713,5.387167,103.05554,71.89571,32.453484,39.290054,0.6858033,0.61543953,0.33671996,0.5654927,1.1129103,0.7761903,7.861579,5.7960544,4.620825,2.892309,0.2938995,0.88336885,25.657574,0.43238062,-12.932407,-0.79923093,-10.162928,-0.90965724,-13.561191,-0.91245115,0.018270513,1.1093196,1.1443189,0.7713156,6.08621,0.604562,3.6567428,1.6041465,23.278791,0.3655408,652.8558,0.38953567,1411.1216,0.18579787,-40.527985,-1.899505,1607.4785,0.1585999,1120.364,0.18689388,-39.55555,-1.6419904,2646.817,0.14539264,976.6423,0.49920395,-47.262684,-1.3031732,-7.9306855,-0.7002782,21.782705,0.27078527,0.072942115,0.38257104,-0.015109065,-0.8256701,0.34197643,0.7851886,27.624506,0.31784973,-13.7557125,-0.72749174,-11.843082,-0.7759542,-16.873075,-0.65490055,-2.8950841,13.149981,0.017615661,-0.0057554673,0.100093216,4.7619047,3.846154,0.20571429,0.13916662,0.0525,0.012990381,-32.132957,4.769230769230769
./experiment/wav/K001/K001_011/K001_011_IC01_cut002.wav,34.176483,0.046849404,32.546295,34.55596,35.32084,2.7745438,101.65875,52.287132,28.841856,17.090797,0.10911337,0.5932965,0.036273573,0.101949796,0.16869552,0.13242196,2.2287202,1.2551874,1.4907085,0.6779217,0.022126192,0.7751125,16.622581,0.914853,12.72849,0.59770644,1.6906188,6.6900973,-4.6706944,-1.8059328,0.023924777,1.0349134,1.458855,0.8839883,8.060994,0.30933037,7.927204,0.84423167,26.436071,0.2977213,665.96924,0.19658872,1332.285,0.14341533,-112.38045,-0.771856,1683.5719,0.12426835,958.7497,0.23033135,-117.53258,-0.6835853,2821.2278,0.08577295,790.0361,0.43770188,-120.03176,-0.6500446,-13.501439,-0.3912689,23.453276,0.3093817,0.02530472,0.6452747,-0.012099556,-1.1538023,0.032572497,0.5111901,26.465693,0.33600518,8.957294,0.7639549,-2.5991528,-4.4158287,-7.368243,-0.9087097,-16.252478,27.697573,-0.015460558,0.013576292,0.013701605,6.8493156,5.714286,0.0725,0.029047374,0.09571428,0.061611023,-46.967228,3.6153846153846154
./experiment/wav/K001/K001_011/K001_011_IC01_cut083.wav,33.664276,0.09836952,31.878368,33.981586,34.639854,2.761486,605.6975,552.68085,14.259763,10.295233,0.12174075,0.57859105,0.058432758,0.1016948,0.18275072,0.12431796,1.7063929,0.83099246,0.88907284,0.62228227,0.016555421,0.99704605,21.589144,0.39514878,21.616306,0.415146,7.7440467,2.2368243,-7.9026766,-1.4029809,0.011198751,1.503605,0.6706233,0.8297017,10.250105,0.21503423,9.759028,0.6426122,30.750294,0.26712912,683.4987,0.2687204,1331.8489,0.10003923,-41.426952,-1.563413,1801.087,0.12308274,1058.7456,0.61600065,-55.4318,-1.0505145,2871.3574,0.0792308,824.77954,0.3929206,-57.88691,-0.97890884,-17.380672,-0.39570037,25.928549,0.2836427,0.025309365,0.66897184,-0.009577586,-1.3353492,0.018717319,0.9521903,23.488085,0.33268777,21.440239,0.4405285,4.133885,4.1246586,-11.863129,-0.66100854,-20.390331,29.125666,-0.008008145,0.00737487,0.009085283,4.761905,2.8985507,0.28,0.16911535,0.053333335,0.018856179,-44.830513,3.3076923076923075
./experiment/wav/K001/K001_011/K001_011_IC01_cut110.wav,37.34395,0.0680995,35.20722,36.591965,39.408707,4.2014885,29.727076,7.472867,12.507227,7.4228916,0.12839557,0.471722,0.077362634,0.12864326,0.1773936,0.100030966,1.7369907,0.7715716,1.5520461,1.2429757,0.018803498,0.66236806,22.273197,0.37194434,13.124041,0.9575226,-0.35548002,-39.36152,-8.889899,-1.4875735,0.01412519,0.9660188,0.8247714,0.88877046,11.142548,0.21103607,12.47788,0.8858472,29.18846,0.30069163,708.2239,0.24483567,1359.7302,0.19501613,-45.957066,-1.4946231,1777.0277,0.13070805,1017.4693,0.30527312,-53.80521,-1.1262714,2845.9,0.071046025,873.5932,0.34665406,-60.018017,-0.96371704,-16.204332,-0.38896045,27.70874,0.28386545,0.03744514,0.49863195,-0.00544157,-2.7378972,0.020944301,0.5890994,23.562943,0.3260463,11.826495,1.1104583,-1.843192,-7.99857,-11.502394,-1.129596,-21.430994,33.86402,-0.010988074,0.00870361,0.009572589,5.5248623,2.2857144,0.3575,0.34744602,0.06,0.018708287,-45.253315,3.5384615384615383
./experiment/wav/K001/K001_011/K001_011_IC01_cut123.wav,40.773533,0.09832312,35.565903,42.608803,44.255806,8.689903,15.449366,0.0,-16.307104,0.0,0.21113066,0.38218293,0.14400771,0.19340067,0.27149662,0.12748891,1.8169391,1.0031556,1.1302235,0.9256081,0.044508055,0.73998874,20.70367,0.5547646,7.0579934,1.6967442,1.958062,7.864275,-12.165711,-1.8470114,0.015855955,1.228041,0.65203905,0.8709107,11.635866,0.34215412,7.1797247,0.79640377,18.86531,0.6021299,775.5033,0.22602373,1335.659,0.111825205,-54.742496,-1.3120359,1810.0015,0.11570443,992.025,0.38469696,-55.135284,-1.0786554,2870.1018,0.06547861,953.90686,0.5609095,-59.240112,-0.96486616,-16.195042,-0.4900061,27.765085,0.24746493,0.0279194,1.2702471,-4.310577e-06,-2082.8174,0.044583764,0.78038555,23.388529,0.36212003,6.5872726,1.8387946,2.7316096,6.139776,-17.581295,-1.194632,-11.430643,22.34099,-0.014992508,0.0098315235,0.054383814,4.0404043,3.2258065,0.25,0.26419687,0.055,0.035,-38.014393,3.3076923076923075
./experiment/wav/K001/K001_014/K001_014_IC01_cut078.wav,35.63894,0.0762044,33.698353,34.861916,38.322697,4.624344,34.65485,26.585135,36.87722,4.869495,0.55992806,0.26673722,0.42671177,0.5401611,0.6908163,0.26410452,6.983697,4.8369365,3.8892539,1.8765333,0.16497396,0.6830875,18.96656,0.7210638,-1.5390525,-5.4215436,-15.244421,-0.77661353,-10.959675,-0.9720403,0.014421759,0.60711867,1.1471515,0.8748061,7.406682,0.40635243,0.6805541,5.584356,23.320728,0.3144363,661.75256,0.31818858,1522.9823,0.18748866,-56.560272,-1.4946989,1603.1448,0.12680484,1141.9023,0.21276923,-55.543056,-1.3481747,2707.9053,0.092914976,906.7853,0.54911095,-64.434105,-1.0909628,-8.183942,-0.7103231,20.327196,0.3443714,0.0594532,0.34452072,-0.009819762,-1.3919357,0.18737896,0.7566077,24.156757,0.25420395,-1.9030995,-4.474644,-14.675071,-0.8445289,-13.265781,-0.62185615,1.0455904,7.1791987,0.03721958,0.007828823,0.10465463,6.837607,3.5714285,0.205,0.17727098,0.07666666,0.024944384,-30.189405,5.923076923076923
./experiment/wav/K001/K001_014/K001_014_IC01_cut102.wav,37.949505,0.07451958,35.17169,37.44983,40.531036,5.3593445,22.778822,6.843944,35.485397,1.8086526,0.53388315,0.3417559,0.3750245,0.5412822,0.6845025,0.30947798,5.793807,3.624675,4.134696,3.4475293,0.1510846,0.6002787,19.741148,0.48735613,-4.9591784,-2.1351228,-9.013557,-1.5651661,-21.774652,-0.7133938,0.018564697,1.2692223,0.85345525,0.8386339,8.385472,0.29797897,2.9426637,1.7581925,23.271326,0.32937333,762.59296,0.19187303,1411.9379,0.13117932,-49.77848,-1.612241,1778.9271,0.11955626,1164.117,0.22715774,-56.74103,-1.2725146,2774.608,0.07545505,970.49567,0.39591798,-60.03033,-1.1742953,-9.726775,-0.69304353,20.78292,0.3775206,0.054815993,0.3421998,-0.020219108,-0.8243896,0.1672239,0.5801897,22.673637,0.33351448,-5.5645947,-1.9752626,-11.064367,-1.3022006,-26.069925,-0.5002258,-4.4101844,10.902483,0.025754347,-0.006147038,0.104534246,5.4054055,2.7972028,0.26999998,0.2155226,0.09333333,0.018856179,-30.273695,5.076923076923077
./experiment/wav/K001/K001_014/K001_014_IC01_cut130.wav,35.584255,0.09889407,32.254177,34.830505,38.94846,6.6942825,212.95499,407.3329,56.316654,42.92171,0.58921564,0.55745214,0.3190717,0.5262466,0.9414295,0.6223578,7.1212487,2.8960571,3.380479,2.9592168,0.24296993,0.95672995,20.662352,0.2906398,-6.157177,-1.2785438,-13.839047,-0.81823796,-8.513866,-1.2422341,0.026113804,0.8193284,1.098654,0.5837835,4.881732,0.79228115,-0.6451133,-7.919477,19.406513,0.41391075,659.41376,0.33867443,1537.0952,0.122324355,-62.884235,-1.4004222,1608.8595,0.1363945,1188.6509,0.22992021,-56.63736,-1.3471948,2603.0269,0.10737263,1116.8704,0.29992065,-63.271408,-1.1575253,-7.7456546,-0.6039196,20.283756,0.29122382,0.049295828,0.58910924,-0.014423591,-0.72715354,0.23412813,1.0332079,23.220747,0.14918621,-7.687403,-1.1133256,-13.684908,-0.856217,-9.175276,-1.0504386,-4.141631,17.222624,0.038903445,-0.0034345938,0.23716742,6.19469,5.555556,0.12333333,0.11671428,0.045999996,0.038781438,-27.461378,4.6923076923076925
./experiment/wav/K001/K001_017/K001_017_IC01_cut013.wav,39.813824,0.11800921,35.17041,41.160522,43.25017,8.0797615,47.38114,58.164413,14.554344,0.0,0.45312354,0.4734269,0.2847086,0.4385951,0.55291337,0.26820478,6.3742423,3.5357118,3.9905293,2.1700745,0.14123958,1.0754236,12.266523,1.0202405,-5.3838696,-2.0103025,-4.5442157,-1.7125298,-25.249228,-0.49803287,0.01669528,0.6218162,1.0894604,0.62840426,7.776727,0.5107826,7.8991385,1.033325,21.962608,0.34248927,805.4326,0.2097684,1374.1641,0.19109079,-96.32946,-0.9592616,1823.1506,0.105677105,1079.1727,0.26902378,-95.58495,-0.8997041,2806.6262,0.0772544,949.62036,0.3445962,-97.84002,-0.85849476,-9.059303,-0.7666911,17.963066,0.4942079,0.0524041,0.28677982,-0.015867397,-0.51559216,0.18071637,1.0128028,16.61916,0.663306,-7.969774,-1.3244388,-4.728115,-1.8997091,-31.898024,-0.32018575,-0.8288886,7.643267,0.03164126,-0.0040211454,0.093831114,5.1282053,3.97351,0.13333333,0.07608475,0.09833333,0.043748014,-31.100391,5.6923076923076925
./experiment/wav/K001/K001_017/K001_017_IC01_cut016.wav,39.118927,0.12956014,33.14472,38.99784,44.59463,11.449913,182.0173,143.91754,68.68229,52.265255,0.48017925,0.6135136,0.24312131,0.3438076,0.70921636,0.46609503,8.573426,4.388112,5.521448,2.985675,0.21752901,1.0763847,19.263268,0.41870716,-8.726468,-1.0584391,-15.553076,-0.78131545,-6.388014,-1.7448244,0.02054792,0.8436737,1.243381,0.93540686,6.144472,0.6739843,3.6957262,2.5063496,25.512934,0.27178138,798.5872,0.22898285,1412.343,0.107822746,-103.31819,-0.9008032,1729.2596,0.10142463,1081.668,0.1582749,-99.21728,-0.86695623,2793.8535,0.08780286,1033.2007,0.34925264,-105.23608,-0.767893,-7.856991,-0.53385,20.612144,0.31305438,0.05716462,0.3165569,-0.013903134,-0.6427589,0.32252857,0.9028609,22.254057,0.24943478,-12.663396,-0.68085116,-22.164734,-0.49997926,-8.083199,-1.2659457,-5.742104,12.605329,0.04105177,-0.0081511,0.12494438,5.4054055,6.603774,0.07,0.03422614,0.086,0.047999997,-29.157732,4.615384615384615
./experiment/wav/K001/K001_017/K001_017_IC01_cut058.wav,37.830242,0.15124987,32.62138,35.723625,43.528397,10.907017,128.87978,104.56989,76.78243,43.91592,0.49446827,0.5832208,0.22600926,0.40018788,0.7348099,0.5088006,9.353723,3.3118958,4.181739,1.9725821,0.16567633,0.7563377,15.723894,0.4673406,-13.205231,-0.8162568,-2.843103,-3.855777,-19.606302,-0.8384518,0.025965529,0.84076196,1.2656283,0.6834168,5.11714,0.6038909,0.31481943,29.667469,16.07408,0.62944496,830.5222,0.29962182,1437.81,0.15020727,-113.429504,-0.8100825,1743.495,0.10264644,1099.3838,0.2524915,-107.34257,-0.8271524,2750.2876,0.08314723,856.95654,0.24171703,-110.16854,-0.78136957,-5.3799386,-0.72496396,12.535714,0.42631602,0.052518055,0.34675193,-0.016526762,-0.6880331,0.23505135,0.49432504,16.173794,0.43430522,-18.06394,-0.59972835,-1.2981832,-9.356923,-27.107607,-0.5124036,-5.2374496,12.974973,0.038096987,-0.007286937,0.10943201,5.2356024,5.945946,0.07,0.048053,0.09333333,0.060369235,-30.614742,5.153846153846154
./experiment/wav/K001/K001_017/K001_017_IC01_cut092.wav,38.67334,0.04209397,37.487015,38.295456,39.431316,1.9443016,15.536255,11.04287,9.862846,2.2978594,0.60578,0.6072838,0.3238292,0.43964264,0.8303182,0.50648904,9.73763,5.661843,4.185994,2.3644207,0.2143618,0.91004723,20.72643,0.30679488,-18.11343,-0.6267974,-14.1877575,-0.762898,-13.6431,-1.0414379,0.01673297,1.287226,0.9071663,0.53921604,7.763147,0.3330823,-4.5024123,-2.0130002,16.168283,0.47954914,758.3105,0.36140928,1383.5317,0.15371129,-73.449554,-1.2391908,1673.7603,0.14177625,1260.2355,0.1942309,-64.14057,-1.3061616,2717.1885,0.12694164,1014.38965,0.259634,-71.48718,-1.1085888,-4.0136433,-1.3752311,17.924643,0.31369638,0.04335062,0.5249307,-0.004943301,-1.8904761,0.2190692,0.85542136,21.778465,0.26200274,-20.305185,-0.5773436,-15.8872175,-0.6381147,-15.641037,-0.7549346,-3.6781936,16.666506,0.02598122,-0.0012507264,0.23287973,5.633803,5.109489,0.12428571,0.06543418,0.05142857,0.023560602,-26.511759,4.923076923076923
./experiment/wav/K001/K001_017/K001_017_IC01_cut134.wav,39.94809,0.11975864,35.284645,38.84217,45.845688,10.561043,34.194225,34.298214,23.440348,1.1794643,0.56367785,0.49163774,0.2807708,0.5347842,0.8524515,0.57168067,5.493659,3.2472432,1.37452,2.8462203,0.14903039,0.72885025,21.72575,0.30740467,-3.8289225,-2.2314026,-20.491419,-0.6201412,-8.292661,-0.835279,0.01413572,0.6822269,1.0531695,0.72882736,8.989197,0.3594512,2.1914232,3.0213046,25.693834,0.38219795,802.02576,0.2190827,1403.7068,0.20181097,-42.977146,-1.6675156,1759.1847,0.10609778,1143.8369,0.17914495,-46.662113,-1.3713171,2802.7656,0.0995634,1055.3569,0.38191065,-56.444664,-1.0709312,-10.367465,-0.48102832,25.087582,0.31141073,0.06528056,0.43846193,-0.009256686,-1.1839267,0.16384186,0.6605418,23.209902,0.26288873,-3.0667062,-2.7139328,-22.899021,-0.55844325,-9.474405,-0.73328775,-5.402148,14.437654,0.037428264,-0.0032322472,0.07353332,3.968254,3.3333335,0.24,0.1939072,0.08,0.03,-27.604382,5.3076923076923075
./experiment/wav/T008/T008_004/T008_004_IC01_cut007.wav,34.442543,0.11028358,31.127213,33.27963,38.51357,7.3863564,111.51047,141.62753,264.60107,207.17607,0.32636553,0.46402544,0.2034474,0.27990317,0.4549517,0.2515043,5.018362,2.7251732,4.0955267,2.8062608,0.1144243,0.8178729,25.391764,0.46732736,-3.3906865,-2.5495286,-4.774047,-1.8319714,-22.301813,-0.8315067,0.024888849,0.9925773,1.4620703,0.62964916,6.346959,0.45293856,2.2376134,4.370546,23.55357,0.34686834,599.4239,0.32173374,1460.3417,0.1464526,-89.62221,-1.0056968,1655.1832,0.17709586,1159.3248,0.18971139,-84.2739,-0.9843493,2698.485,0.12243431,1076.9512,0.4220384,-88.24846,-0.9065247,-12.155058,-0.43388554,22.473722,0.256092,0.04824715,0.3954457,-0.021481244,-0.5954099,0.13158183,0.7474511,29.294546,0.27554289,-5.1771164,-1.6438785,-4.637803,-2.21263,-23.911982,-0.77617407,-5.9040103,16.798195,0.025516463,-0.012876876,0.09523014,7.692308,5.050505,0.111999996,0.120896645,0.064,0.052383203,-34.35348,4.923076923076923
./experiment/wav/T008/T008_004/T008_004_IC01_cut029.wav,31.34917,0.06709596,29.490225,30.180437,33.568348,4.078123,8.0679655,4.0041614,-4.3965387,11.079555,0.13976255,0.36775407,0.086633086,0.14203909,0.18940035,0.10276726,2.0017898,1.5069214,1.6854625,1.1236426,0.022377562,0.6825529,28.784023,0.40126306,0.6220061,14.83054,-2.8487546,-3.1849473,-14.110814,-1.0470262,0.007698122,0.6321539,0.666073,0.65321106,8.4544525,0.2091427,-4.9774704,-1.4006252,21.159388,0.5261027,634.0228,0.30894038,1385.7925,0.17409219,-72.19515,-1.2144016,1642.1907,0.17222907,1156.7195,0.15759552,-80.51407,-1.0074089,2734.55,0.10307115,1021.847,0.23357792,-86.86425,-0.88121045,-13.077575,-0.5409017,25.838287,0.28534955,0.031089375,0.80092794,-0.01289902,-1.3397706,0.023924237,0.7139331,33.00443,0.25190052,2.1928983,4.177355,-3.9309683,-2.1827514,-16.02776,-1.0795325,-8.229421,16.795076,0.022872416,-0.00071614585,0.020761546,6.8750005,3.2467532,0.19399999,0.17130089,0.094,0.053141322,-46.00709,2.8461538461538463
./experiment/wav/T008/T008_004/T008_004_IC01_cut030.wav,38.091866,0.062242586,35.77641,37.994286,40.746624,4.970215,36.279472,0.0,-8.591082,16.860361,0.55007404,0.99338573,0.16729252,0.34494236,0.7849112,0.6176187,14.34572,14.397356,7.1813827,2.6187086,0.28191584,1.2592019,21.435637,0.53319156,-9.982849,-1.1189494,-13.016405,-0.7674231,-15.760728,-1.1790813,0.033193093,1.0435401,1.7478707,0.66599315,5.7312617,0.70719093,-2.2912998,-2.4597323,21.949974,0.44097307,654.4993,0.2624632,1468.6838,0.15653498,-121.85307,-0.7698317,1644.5732,0.14992762,1272.0154,0.20581792,-116.543785,-0.7747201,2781.2932,0.10273663,979.92456,0.4073253,-121.15752,-0.7011976,-10.384509,-0.644983,25.646841,0.266368,0.024776556,0.9657527,-0.016645052,-1.1257417,0.5462465,0.775257,27.103497,0.26163808,-12.913864,-0.9970275,-17.30435,-0.65685743,-30.062672,-0.6205534,-5.2004647,18.04016,-0.0026638752,0.007057987,0.10930747,3.773585,3.960396,0.099999994,0.05612486,0.1325,0.116054945,-22.902674,5.923076923076923
./experiment/wav/T008/T008_004/T008_004_IC01_cut057.wav,32.914417,0.08348193,29.705544,34.08675,35.595886,5.8903427,73.706116,55.268616,16.279818,18.531212,0.28262782,0.77746767,0.10557507,0.21962148,0.41386986,0.30829477,4.9777656,1.9574853,5.4802036,2.6076717,0.11514716,0.81953037,31.05053,0.27057794,-7.9746094,-0.9978163,-4.8820686,-2.1307414,-9.124143,-1.5311042,0.018713627,0.748721,2.3528345,0.8621693,5.7361097,0.57943213,-1.9903743,-3.8541045,24.51794,0.32434833,633.468,0.35856104,1433.598,0.13952293,-134.70883,-0.6323394,1575.914,0.18887912,1137.679,0.22812696,-136.8034,-0.5935197,2756.0679,0.12526861,986.50824,0.29536313,-140.86986,-0.54055035,-8.77443,-0.37729037,23.443035,0.24610813,0.04654636,0.3956887,-0.018209409,-0.5268549,0.22445922,0.37997666,36.089348,0.13003348,-14.493766,-0.64157873,-10.9177885,-0.97050744,-23.29485,-0.61443895,-10.541002,23.518301,0.0045493646,0.00054086006,0.07238205,6.0606065,5.319149,0.051999997,0.039698865,0.1375,0.039607447,-32.877354,4.769230769230769
./experiment/wav/T008/T008_005/T008_005a_IC01_cut001.wav,33.896915,0.084280424,30.658531,35.06018,36.796707,6.138176,153.8288,111.46395,18.47317,13.685461,0.26134107,0.53469247,0.11764559,0.23495509,0.39667538,0.2790298,2.7823954,1.2647766,1.0656006,1.3396233,0.0682994,0.7192062,28.187037,0.3664788,3.0122702,3.9892824,-4.3789873,-3.1851876,-26.948265,-0.6222819,0.016050445,1.2860196,0.8211907,0.94745356,8.189558,0.4193281,1.8366185,4.1230135,29.70721,0.47793707,703.47675,0.23493804,1436.4297,0.23339449,-72.73197,-1.2074922,1720.1711,0.14415179,1196.9926,0.28156206,-80.995895,-0.96745014,2812.7527,0.08489392,934.7355,0.32024175,-85.93545,-0.8723779,-15.819926,-0.56525415,25.678099,0.38770294,0.05639453,0.50425035,-0.021052444,-0.6206055,0.07789359,0.5527596,30.373068,0.33878398,2.4698505,4.915274,-2.851733,-4.134117,-29.843828,-0.51652575,-8.551142,20.864586,0.040540628,-0.003038771,0.054925263,4.5045047,4.7169814,0.13,0.057271283,0.058000002,0.039698865,-34.54748,4.153846153846154
./experiment/wav/T008/T008_005/T008_005a_IC01_cut009.wav,32.39682,0.117428206,29.442924,32.31207,34.48202,5.039097,129.62439,24.135002,-8.370232,39.833424,0.1938851,0.67038244,0.07089889,0.17270547,0.2782611,0.2073622,3.5080483,1.1868386,1.4020582,0.7395433,0.054605626,0.6348242,28.064798,0.43333662,-3.7116404,-3.2542918,6.6838746,1.4121412,-18.964231,-0.5253876,0.0549536,1.596195,1.492066,0.90844816,5.0867896,0.52842945,-1.5850792,-6.0491166,19.138893,0.43609288,655.38464,0.30940056,1417.6465,0.12133546,-94.435356,-0.98662347,1720.754,0.14917417,1168.7229,0.24879296,-98.56703,-0.8933072,2737.3862,0.11619916,1044.6224,0.29959404,-101.49027,-0.8427662,-12.645775,-0.44397226,21.42165,0.30326676,0.032535978,0.6965984,-0.027363408,-0.37673548,0.075793244,0.36958885,33.212627,0.32924843,-8.839028,-1.5465454,3.971736,2.6323435,-24.691706,-0.30873957,-13.312499,23.569681,0.008927403,0.0002061736,0.0344446,5.4545455,3.846154,0.1325,0.106858544,0.107499994,0.06977643,-40.054363,4.384615384615385
./experiment/wav/T008/T008_005/T008_005a_IC01_cut028.wav,29.725382,0.048131127,28.503174,30.20864,31.00903,2.5058556,78.42542,88.03244,17.53459,7.8023353,0.15509512,0.45557743,0.09598352,0.14447603,0.22383095,0.12784743,2.204245,0.9026809,1.2477499,0.73857665,0.028924577,0.5042318,27.979471,0.3480365,-0.5214131,-16.696638,2.6431565,2.6403873,-10.368597,-0.8969443,0.012999768,0.78223574,0.92963314,0.6400284,6.6449294,0.26348782,-4.3867,-1.575635,16.378214,0.53019494,589.14795,0.20511822,1454.417,0.09915947,-95.004326,-0.9876642,1601.4781,0.14006163,1146.1425,0.17629266,-100.4809,-0.87249446,2640.5862,0.049987767,944.15704,0.32190466,-104.41652,-0.8052935,-11.197979,-0.40710664,22.110268,0.25820917,0.02777667,0.55137503,-0.015936071,-0.53798926,0.033158377,0.4624469,32.186344,0.24007021,0.24071564,45.355534,2.539152,2.6619942,-14.272013,-0.42932427,-9.619725,19.80988,-0.004652087,-0.0043100584,0.026571885,5.825243,2.0408163,0.26,0.07,0.13666667,0.06182412,-45.26303,2.1538461538461537
./experiment/wav/T008/T008_005/T008_005a_IC01_cut031.wav,38.38431,0.08416734,35.1079,38.740917,41.49825,6.3903503,38.99375,0.0,-3.1496685,0.0,0.12522988,0.544469,0.06686183,0.10740768,0.19495556,0.12809372,2.347989,2.1397896,2.279553,2.2492893,0.027114134,0.85530114,10.240031,1.3615875,3.6169524,4.2823305,0.26057264,33.392246,-6.2096696,-1.9257998,0.026412887,1.283237,1.8654611,0.8580395,9.197347,0.39198217,12.326287,0.86528736,26.06877,0.32700127,581.6295,0.26807606,1391.321,0.16777858,-162.5242,-0.44491684,1636.684,0.10390336,1051.0813,0.23680778,-153.34183,-0.4947925,2682.062,0.06761391,1045.8341,0.20038527,-155.16058,-0.4696824,-13.330668,-0.5383489,21.283295,0.4156325,0.0328769,0.668252,-0.015676731,-0.73682356,0.054636326,0.45506477,23.659214,0.49068686,-5.20924,-1.5020329,0.9083433,11.135052,-17.871979,-0.3441048,-5.7453747,12.366709,0.0016370063,0.0030631342,0.018787881,7.2,2.5000002,0.09333333,0.089938246,0.21249999,0.12715639,-46.142143,3.0
./experiment/wav/T008/T008_005/T008_005a_IC01_cut032.wav,37.499332,0.09760151,32.918674,38.544186,41.004517,8.085842,29.523758,12.710803,18.27458,7.6792355,0.39234236,0.42707744,0.24480963,0.37079948,0.5568756,0.31206596,6.1688676,2.3502505,5.5649233,2.9845183,0.13482183,0.6547732,27.62206,0.4607634,-8.466429,-1.2312064,-8.049946,-1.3633602,-25.333706,-0.6161698,0.016670486,0.975044,0.9834272,0.7461397,8.720651,0.3111983,3.165523,2.8381858,26.279652,0.3578177,681.85266,0.33143046,1437.9956,0.16946721,-42.26933,-1.8806362,1688.7999,0.16466196,1233.0376,0.2763933,-45.573532,-1.4261736,2746.9402,0.11103263,971.79987,0.274045,-51.68099,-1.2065605,-13.178691,-0.42948455,24.957176,0.31116855,0.0414963,0.48097563,-0.02330276,-0.52427113,0.14983323,0.56211925,31.208227,0.31324965,-8.765725,-1.2296642,-8.386433,-1.3664995,-28.423471,-0.53955,-3.7391298,14.121652,0.011669029,0.0036859445,0.08746262,7.236842,3.4246578,0.23200001,0.14606848,0.0525,0.039607447,-31.221973,4.6923076923076925
./experiment/wav/T008/T008_008/T008_008_IC01_cut003.wav,39.405235,0.10163623,36.771717,39.131973,41.430584,4.658867,69.98448,29.121643,50.9503,29.778036,0.7211323,0.57119817,0.34047276,0.65594846,1.0673913,0.7269185,13.239153,8.145974,8.955635,6.4461875,0.412821,0.92085594,24.591902,0.40787214,-8.562996,-1.4077231,-1.8064475,-7.045811,-39.20536,-0.4822998,0.029030697,1.6282992,0.9615489,0.90186936,8.161479,0.49238783,8.582266,0.9262621,25.383883,0.3732999,806.6725,0.18536022,1332.1508,0.15396048,-27.259277,-2.316723,1868.5717,0.12722218,1074.7029,0.40798548,-39.30501,-1.3693258,2876.8591,0.08435211,862.36597,0.43733382,-38.96947,-1.3994565,-14.314297,-0.50299376,22.267576,0.37412992,0.04450001,0.5663721,-0.03199554,-0.43523946,0.43168044,0.9133004,25.318254,0.40265352,-9.330452,-1.2913328,-2.3889093,-5.233194,-42.11894,-0.42409945,-10.046299,21.012201,0.01847922,-0.015759999,0.32369256,5.494506,3.3898306,0.24833333,0.1833409,0.049999997,0.016329931,-22.432932,5.230769230769231
./experiment/wav/T008/T008_008/T008_008_IC01_cut037.wav,36.82045,0.15507974,29.534136,40.134766,42.053482,12.519346,29.232218,5.110488,18.558895,9.627925,0.51055163,0.8659425,0.13142198,0.35264716,0.84107095,0.70964897,10.054129,5.9313707,7.723372,3.9263513,0.1722206,1.0204751,20.452694,0.5566152,-11.541841,-1.5497984,-0.7986946,-22.383678,-20.410812,-0.9285751,0.023125574,1.1873044,1.0896556,0.81689286,8.507339,0.46719036,2.967301,2.7055807,19.222878,0.45234522,677.1305,0.3816695,1388.8549,0.21208434,-65.542854,-1.3644614,1684.8174,0.18030709,1076.8802,0.2455752,-61.663464,-1.3055736,2729.1936,0.10786703,968.1878,0.32691634,-65.75811,-1.1837327,-9.509236,-0.4959204,20.685781,0.2578389,0.028479926,0.83221513,-0.015062115,-0.79049903,0.21649252,0.8636255,24.352468,0.32043937,-16.813328,-1.0842711,-5.7453394,-3.0194473,-25.98505,-0.72953105,-10.663774,18.648884,-0.022493036,0.0012439532,0.06558671,4.3243246,2.2222223,0.32,0.13583077,0.105,0.05678908,-26.483826,5.384615384615385
./experiment/wav/T008/T008_008/T008_008_IC01_cut040.wav,37.378624,0.13697185,31.137001,37.798,41.70072,10.563721,40.9227,23.695627,186.36194,85.138855,0.412191,0.7593454,0.16618176,0.326731,0.569232,0.40305024,6.8953643,3.9467418,7.098558,4.4415555,0.16821404,1.1284978,23.050007,0.5973296,-9.959916,-1.6478947,-1.073297,-13.997533,-21.796543,-0.852302,0.017085664,0.9708456,1.2757956,0.81870544,7.2593393,0.51412594,5.2573953,1.5037074,25.19422,0.31002495,699.3711,0.35507205,1407.2062,0.20144337,-120.62608,-0.7645862,1746.5132,0.21265692,1124.3334,0.3966214,-111.16979,-0.7868793,2797.278,0.14062728,1097.0044,0.3649794,-114.30796,-0.7368381,-10.920589,-0.4596981,22.100534,0.25437883,0.043872617,0.71693754,-0.019765543,-0.77803683,0.20962104,0.761584,29.246346,0.2965785,-13.710686,-1.2424939,-2.5831,-6.869387,-33.63681,-0.4629706,-7.6022773,17.442,0.021857204,-0.0038514927,0.14368498,5.3435116,3.968254,0.11,0.080249615,0.099999994,0.049999997,-29.640133,4.846153846153846
./experiment/wav/T008/T008_008/T008_008_IC01_cut065.wav,30.952602,0.05351149,29.480862,30.313871,32.731792,3.2509308,9.7317705,0.0,-0.714355,9.9078865,0.2844462,0.6739934,0.16477814,0.23145396,0.3546066,0.18982846,3.9422145,1.6358488,2.924725,1.8963445,0.0626706,0.87926644,18.487364,0.99097955,1.4233707,5.3596997,7.123214,1.7022794,-16.541151,-0.5776667,0.00992894,0.5449447,0.70868504,0.46188048,7.2770276,0.30123284,-0.71831137,-9.150995,20.90972,0.32835734,541.2969,0.29197523,1461.4814,0.18851964,-81.123055,-1.13222,1600.0294,0.13415305,1042.9564,0.26655757,-86.08727,-0.9796955,2668.7888,0.07277605,1080.2307,0.43636376,-89.05916,-0.9228492,-13.265706,-0.56308085,21.981915,0.4343349,0.046271622,0.37268478,-0.025329629,-0.42228013,0.08523983,0.7047652,29.52238,0.4092945,1.5093106,6.204245,10.9020405,1.2599256,-20.564177,-0.4251046,1.4302905,4.1382446,0.0062197377,0.009646403,0.02892543,4.0,2.1052632,0.29,0.26,0.10666667,0.05312459,-35.620106,3.6923076923076925
./experiment/wav/T008/T008_009/T008_009_IC01_cut003.wav,29.495583,0.022374019,28.898636,29.392265,30.012896,1.1142597,31.912588,25.813124,18.258825,7.309162,0.11062098,0.48430818,0.054286636,0.11158583,0.14900066,0.09471402,1.3033189,1.1128467,0.8554835,0.9067785,0.017410638,0.6513302,26.486883,0.4818064,4.4657817,2.095202,6.948996,1.8296661,-9.921916,-1.1404437,0.014351742,0.5646733,1.0435438,0.78807515,6.5404606,0.34446144,-3.5120628,-0.90598214,19.574303,0.43560806,686.82874,0.2653628,1396.4749,0.16498418,-79.79493,-1.1294397,1775.2244,0.15320036,1033.016,0.40844744,-87.64003,-0.9477864,2767.5322,0.081430554,995.6446,0.37484407,-88.946304,-0.92334974,-13.449378,-0.37551543,21.327343,0.39209345,0.05201338,0.3891245,-0.018070692,-0.771035,0.019028712,0.46160161,31.20371,0.30962792,5.297947,1.7438446,10.231493,1.2437844,-13.117108,-0.6972815,-8.614279,18.111094,0.02890424,0.006540295,0.015507955,5.6603775,2.5974026,0.2325,0.2532168,0.1275,0.12891373,-48.876286,2.0
./experiment/wav/T008/T008_009/T008_009_IC01_cut009.wav,37.44247,0.071736835,35.93924,37.226955,38.78981,2.8505707,35.097076,5.349447,41.1751,27.660421,0.49628776,0.4843049,0.2839282,0.44351515,0.72749126,0.44356307,6.5827103,3.0677524,5.18884,3.9146082,0.15183057,0.8748549,25.811768,0.37621674,-10.3515,-1.2390327,-8.06261,-1.6526172,-36.959312,-0.44703645,0.01799252,1.5002997,0.64153737,1.0089353,9.820492,0.3168976,7.0921903,0.57112384,30.187273,0.29383484,864.9876,0.17947787,1324.4288,0.19030559,-17.410267,-3.0407522,1907.6274,0.1134077,1002.6468,0.28589356,-25.365881,-1.926112,2953.8801,0.08575157,1035.3838,0.4238282,-30.563087,-1.5608714,-14.547396,-0.43304136,23.609905,0.3078763,0.08900286,0.33029446,-0.026136465,-0.5562629,0.16323031,0.8368719,26.95812,0.3104308,-12.109768,-1.023033,-7.7604585,-1.7711164,-39.442684,-0.36357287,-5.318854,16.226143,0.041359898,0.008537867,0.056515925,4.0268455,2.0833335,0.42999998,0.47518417,0.044999998,0.015,-28.332237,5.384615384615385
./experiment/wav/T008/T008_009/T008_009_IC01_cut017.wav,31.148212,0.11237345,27.902256,30.585415,33.68014,5.7778854,75.40754,65.7613,22.213923,11.136564,0.19042604,0.57991725,0.09425971,0.16217224,0.28212237,0.18786266,3.0788937,2.249017,4.624427,4.0026994,0.054461148,1.0839825,27.22558,0.42543903,5.272029,1.6373831,3.48931,3.2965748,-17.974363,-0.9771662,0.021906722,0.8740025,1.4333476,0.7968005,6.3325357,0.4819651,-5.0629196,-1.5116037,21.038063,0.4535798,678.28516,0.23768696,1440.4882,0.21040736,-42.02749,-1.5828681,1704.233,0.124235734,1169.9769,0.20509346,-54.7534,-1.1059273,2735.1946,0.07472536,1023.2731,0.41936237,-59.8426,-0.9740859,-14.595212,-0.41998556,24.51836,0.32478562,0.04562084,0.559783,-0.023026692,-0.49356288,0.055235874,1.0024524,29.670183,0.35168806,4.6188526,1.6649283,2.5385144,4.5768995,-19.176212,-0.9147705,-10.938736,19.666622,0.029879572,-0.012319239,0.062182073,5.263158,4.081633,0.19,0.17869899,0.028571429,0.008329932,-38.85084,3.4615384615384617
./experiment/wav/T008/T008_009/T008_009_IC01_cut027.wav,32.927505,0.13497472,29.048096,31.394768,38.607986,9.559891,60.16321,20.226112,26.062616,10.154094,0.35396495,0.71658814,0.16329923,0.27122933,0.5538052,0.39050594,6.5132875,4.154282,5.900079,3.3723912,0.11431743,0.8784793,21.847542,0.7793941,-0.89865005,-18.661982,-2.5731308,-4.432426,-24.556479,-0.76180327,0.027355878,1.274368,1.3855414,0.72992736,5.7193832,0.5721496,0.51283455,15.0214405,24.406837,0.41458294,720.08575,0.28439704,1452.4786,0.20389995,-66.76147,-1.3239342,1728.2002,0.1661421,1122.3743,0.23438726,-70.02131,-1.1754695,2805.5251,0.11187891,882.0644,0.2736347,-74.52627,-1.0691977,-10.735388,-0.92607385,21.473705,0.5156021,0.058253,0.48263448,-0.020061513,-0.87951803,0.14158714,0.7635989,25.218388,0.51609504,-4.5074544,-4.2183065,-3.5341427,-3.4159455,-29.951365,-0.5970389,-5.7751336,17.03272,0.021240199,0.00039026115,0.06711822,5.494506,4.5454545,0.14,0.09473648,0.06714286,0.031943824,-32.20801,4.6923076923076925
./experiment/wav/T008/T008_009/T008_009_IC01_cut074.wav,38.86078,0.16842249,33.05364,38.871887,43.09144,10.0378,28.677631,26.747723,79.34209,0.0,0.50142795,0.6974155,0.16230382,0.40478325,0.9342288,0.771925,9.165654,7.4830565,7.046051,3.7244608,0.22926061,1.0269434,9.897836,1.4871565,-7.047444,-1.3844304,-1.957658,-6.9353757,-23.623434,-0.86860985,0.045878194,1.2498384,1.1988602,0.53292733,4.650975,0.56128067,6.932353,1.1479553,15.789735,0.48333582,795.75275,0.31481877,1424.9642,0.18646507,-98.11774,-0.9444571,1777.0767,0.15151322,1069.1764,0.33516935,-84.51759,-1.0316145,2803.5938,0.09670183,989.9533,0.41043365,-85.00358,-1.0218852,-6.281666,-0.7675196,14.406759,0.44413134,0.07407452,0.3729092,-0.016119279,-0.7310928,0.35136926,0.6740173,12.767786,0.9740477,-12.454706,-0.5699844,-3.3306363,-4.733094,-36.472446,-0.4668074,-3.436814,10.260941,0.026780559,0.006454935,0.0746085,7.692308,3.125,0.18666665,0.028674418,0.082499996,0.008291562,-28.940662,4.923076923076923
./experiment/wav/T008/T008_009/T008_009_IC01_cut084.wav,29.698822,0.015497421,29.305063,29.72509,30.19408,0.8890171,69.57915,59.59375,10.394671,5.3218317,0.14569241,0.5625874,0.0753639,0.12984991,0.1887856,0.1134217,2.0321019,1.3439637,1.7247431,0.67315173,0.023830315,0.7531289,13.680991,0.7583887,-2.855972,-3.6701932,-0.8308064,-11.220971,-13.007957,-0.8223954,0.013908234,0.7901044,0.7498699,0.34911808,5.82762,0.33483073,-3.402127,-0.5453316,12.9369955,0.22999983,694.1013,0.20646425,1410.5657,0.092328675,-141.51636,-0.61151284,1672.4292,0.102776304,1090.9569,0.22587444,-144.21347,-0.5726374,2713.0803,0.056805562,975.72345,0.38782513,-145.75427,-0.5506239,-8.345414,-0.46094656,16.491955,0.32187894,0.05078857,0.22083677,-0.013620099,-0.95267534,0.03503723,0.74235034,21.15689,0.45763654,-1.6022047,-6.744411,4.0121818,1.886214,-17.786196,-0.4645692,-3.560298,14.9460125,0.019333513,0.0084530255,0.020477971,6.930693,2.0833335,0.13499999,0.015,0.21333334,0.2663748,-47.43936,3.230769230769231
./experiment/wav/T008/T008_009/T008_009_IC01_cut087.wav,38.954823,0.02883758,37.67717,39.074013,40.230408,2.553238,22.967419,17.674274,19.301487,10.868112,0.33779103,0.85358524,0.048653107,0.26343688,0.59794784,0.5492947,7.152927,4.7084794,5.685023,4.10768,0.13224228,1.171824,22.912792,0.43637925,-8.082615,-1.7693168,-16.874992,-0.7909428,-19.406715,-1.027582,0.01107389,0.7411112,1.4420936,0.73975646,9.512326,0.27282658,-2.4463515,-2.5286005,26.539135,0.23947364,816.4762,0.28999764,1437.5502,0.21741278,-105.9766,-0.9563117,1730.1124,0.14673792,1275.3276,0.20380674,-101.542725,-0.91618866,2905.6707,0.08036703,998.02435,0.3781398,-107.20081,-0.8162592,-6.131163,-0.8654918,25.976807,0.18751884,0.051346134,0.48874748,-0.012990935,-1.0923852,0.22765751,0.71870893,28.90438,0.25555754,-16.99345,-0.8347149,-24.899708,-0.32724556,-33.497257,-0.47897226,-9.114254,23.177435,0.006561543,0.0042794263,0.040404823,5.673759,2.2058823,0.22333333,0.061282586,0.155,0.19397165,-30.301212,5.153846153846154
./experiment/wav/T008/T008_011/T008_011_IC01_cut015.wav,33.36144,0.096389934,30.512232,31.756817,36.851177,6.3389454,15.238353,17.260195,75.218254,71.88372,0.2525526,0.34661686,0.1766748,0.24079706,0.3147052,0.1380304,2.7747853,1.2765452,2.387763,1.1542753,0.0518438,0.4786687,19.099348,0.4312048,-3.4710977,-2.3558726,-0.9732647,-10.645321,-16.351192,-0.626121,0.025397317,1.1117626,1.2520571,0.46060905,4.9187756,0.4561234,-4.952976,-0.5488119,15.199703,0.46163723,736.5221,0.24459106,1415.4604,0.09355696,-100.13088,-0.9656668,1712.4089,0.109470725,1144.1532,0.1498192,-104.351074,-0.8813481,2772.0437,0.07424048,987.67474,0.37689924,-108.4199,-0.8130018,-8.051466,-0.52674335,18.894686,0.2187488,0.036098834,0.41381946,-0.009025419,-0.9765287,0.061996736,0.38702708,22.822666,0.24610636,-5.739275,-1.625023,-4.7010746,-1.6547089,-18.404608,-0.6227385,-4.32073,12.492141,0.025403678,-0.0032541307,0.044070385,7.7586207,2.7027028,0.17666666,0.11115555,0.17333333,0.10338708,-41.57982,3.769230769230769
./experiment/wav/T008/T008_011/T008_011_IC01_cut021.wav,33.08364,0.056304883,31.213963,33.258904,34.34226,3.128296,66.85134,34.671677,25.156115,16.935333,0.44100267,0.4092343,0.28765008,0.39917085,0.5845584,0.29690835,4.8869796,0.960749,4.5234323,2.8752928,0.11309143,0.6350808,19.223217,0.64071876,-8.534075,-1.4466655,-5.118835,-1.6836507,-14.089413,-1.2040519,0.016206648,0.79183835,1.394673,0.54098064,5.871441,0.41581675,-3.218,-1.9499542,17.614805,0.5259193,718.075,0.25181174,1561.3403,0.16449095,-48.89407,-1.7258984,1658.612,0.1103076,1089.1232,0.15851757,-51.952232,-1.5308107,2717.137,0.067229144,891.643,0.29385236,-58.032257,-1.3117679,-8.601437,-0.48757166,18.272635,0.36857134,0.052261773,0.30790314,-0.020267848,-0.524381,0.1390073,0.48637083,23.702847,0.34995985,-11.787449,-0.9579837,-4.836116,-1.6193058,-21.182472,-0.67234564,-3.0250752,10.573231,0.01547026,0.0030996273,0.050972193,5.940594,3.1578948,0.22999999,0.09416298,0.06666666,0.024944384,-33.1071,4.923076923076923
./experiment/wav/T008/T008_011/T008_011_IC01_cut030.wav,35.60608,0.058877103,35.19798,36.469723,37.021896,1.8239174,13.121242,3.5122588,25.181011,20.187798,0.49429578,0.59059376,0.23394775,0.46987113,0.66870636,0.4347586,4.0388923,0.7533599,3.7894585,1.5791929,0.09949366,0.6222882,20.500463,0.7418608,-7.5088515,-1.371482,8.879656,1.4953059,-22.29956,-0.8167732,0.0130479755,0.9742596,0.63896143,0.69515574,8.864077,0.26808453,4.383833,1.0084844,18.155615,0.39756858,727.98486,0.30370742,1479.0527,0.13889322,-70.405304,-1.2950252,1773.0189,0.14500529,1038.7275,0.33100134,-67.838425,-1.2371994,2761.1384,0.07297703,1057.3969,0.3221804,-68.39498,-1.2225215,-9.022231,-0.6063879,14.868286,0.46281978,0.06081472,0.25475624,-0.017281799,-0.38013008,0.117792405,0.5168046,25.00979,0.43207097,-10.914919,-0.9120499,12.188257,1.1832026,-31.540062,-0.40541917,-2.7242496,9.636365,0.022247976,0.005490539,0.070561275,3.3613448,1.754386,0.39,0.03,0.103333324,0.01699673,-32.02982,4.769230769230769
./experiment/wav/T008/T008_011/T008_011_IC01_cut031.wav,33.557476,0.07602743,30.61469,33.72616,34.767433,4.1527424,14.0084505,11.255427,13.456787,0.0,0.33207995,0.51461744,0.17342432,0.30456775,0.45006582,0.2766415,5.0078583,2.7708943,3.6084285,1.8811303,0.09130868,0.85616666,28.678146,0.19232783,-7.977419,-1.0131522,0.8671481,10.869175,-24.409306,-0.66693926,0.016216997,0.82348967,1.1875316,0.6931889,7.0226393,0.36356848,-6.319134,-0.8501821,18.100824,0.33216777,664.9019,0.29599482,1445.322,0.12994617,-57.821888,-1.4618002,1709.1877,0.16826594,1207.8127,0.2387308,-59.22005,-1.2998904,2709.6958,0.10958196,1088.5929,0.26215446,-63.688587,-1.1686544,-10.52202,-0.42954674,21.424536,0.25876236,0.040119544,0.46933925,-0.022793185,-0.5489587,0.10654788,0.7827057,29.977919,0.1695958,-9.804278,-0.88577324,-0.97709924,-10.272853,-29.234274,-0.52998775,-10.382368,18.13976,0.028266888,-0.010127631,0.058525696,5.769231,3.3333333,0.21399999,0.07552483,0.08,0.046368092,-33.955135,4.230769230769231
./experiment/wav/T008/T008_011/T008_011_IC01_cut035.wav,33.289055,0.058855712,31.959877,32.757065,35.62314,3.6632614,21.817429,0.1357727,12.745311,12.041313,0.30673864,0.68061054,0.1464782,0.21356511,0.47522807,0.32874987,3.019603,1.0134344,1.782383,0.9008866,0.06185857,0.69540316,20.00127,0.39110827,-5.709874,-1.2729485,-6.144365,-1.5268608,-20.002254,-0.87317777,0.019652361,1.0308709,0.95138246,0.6625212,6.7167726,0.60717183,-8.585865,-0.39528695,14.553764,0.34854394,666.775,0.35119846,1361.8652,0.09720147,-107.527115,-0.92702407,1681.1034,0.19186956,1176.2944,0.12312106,-102.26744,-0.9351479,2687.398,0.09490821,941.2489,0.33580923,-107.45052,-0.8442221,-6.030328,-0.81153464,22.786163,0.17180412,0.04467329,0.2886451,-0.017316168,-0.6697614,0.09356129,0.40604675,26.119535,0.121915944,-9.992558,-0.670682,-12.046341,-0.6220599,-33.535427,-0.4066191,-5.8922753,13.936692,0.014165866,-0.0032686014,0.03292859,4.285714,1.4814814,0.32999998,0.14,0.21333334,0.23228334,-34.55856,5.0
./experiment/wav/T008/T008_013/T008_013_IC01_cut014.wav,31.530693,0.03872112,30.173136,31.326786,32.887894,2.714758,23.555166,10.599591,7.15765,6.5896645,0.2989787,0.67992467,0.09601554,0.26847178,0.51071477,0.41469923,3.9324715,2.2208622,3.5681167,1.6004132,0.07120623,0.6534132,27.003757,0.631905,-0.85486573,-16.71458,-6.780447,-1.3289491,-2.6377273,-3.4086623,0.012528968,1.022525,0.94658893,0.8247294,8.017787,0.2663501,-2.4651215,-1.8137646,23.67871,0.32769674,576.0697,0.40477028,1498.1487,0.12905724,-88.90462,-1.0929804,1585.2263,0.1672334,1149.8373,0.26224357,-91.10491,-1.0111698,2585.8252,0.12312733,1128.7092,0.46710345,-96.229904,-0.9123932,-11.285243,-0.39724582,22.281612,0.35340622,0.06838995,0.3867442,-0.01974576,-0.44036597,0.10058165,0.38562217,34.001755,0.40945795,-9.622604,-1.3037627,-7.298591,-1.2291816,-7.3962417,-0.8784699,-11.348199,22.143694,0.023724368,0.003177687,0.038785867,5.7377048,3.4188035,0.155,0.09552486,0.1175,0.040233694,-33.553528,3.923076923076923
./experiment/wav/T008/T008_013/T008_013_IC01_cut016.wav,31.199337,0.07061785,29.650623,30.406542,34.203186,4.5525627,19.670876,6.304687,25.298096,25.22678,0.28108394,0.43102854,0.19054066,0.25956777,0.3746346,0.18409394,3.805507,2.9515681,3.3713672,2.2627962,0.07311899,0.65918297,31.441288,0.4461892,3.943055,2.177447,-7.916086,-1.6006204,-5.0646443,-2.1023753,0.01118375,0.88138944,0.84593284,0.6956008,8.451538,0.3312914,-0.18894203,-41.16675,27.555548,0.37167752,636.20087,0.32803646,1454.8693,0.14044824,-73.822464,-1.2663187,1677.3767,0.18449755,1108.5094,0.21834731,-79.34115,-1.078526,2758.7285,0.1146222,995.04193,0.23125772,-84.61182,-0.96755254,-15.469776,-0.32798085,27.46213,0.22897232,0.066603415,0.30119535,-0.021487884,-0.6648215,0.0837834,0.59741545,36.475586,0.18048674,4.8067055,1.533194,-7.333305,-1.5323921,-5.8580785,-1.8095963,-7.4409966,20.454292,0.029710684,-0.010443971,0.06128832,5.3435116,1.5873016,0.405,0.21499999,0.205,0.125,-34.33708,3.8461538461538463
./experiment/wav/T008/T008_013/T008_013_IC01_cut042.wav,28.538124,0.08456496,27.39358,28.27671,29.38433,1.9907513,153.4612,138.66707,24.268066,24.279327,0.2156877,0.57388544,0.12097358,0.20122994,0.27286762,0.15189403,2.8081424,2.0634365,2.538814,1.2905505,0.06717866,1.2331561,33.037174,0.5298182,3.3910341,4.0979123,-4.5295753,-2.60724,-13.54044,-0.90599006,0.07767169,2.2565749,1.5571054,0.74254924,4.601194,0.80967176,-6.4358597,-0.6873582,25.836153,0.37764552,555.5339,0.33730304,1433.1102,0.124884784,-44.183002,-1.7754849,1549.5126,0.13462798,1297.0691,0.33206075,-58.736065,-1.2013601,2726.831,0.07581108,999.6171,0.26283327,-67.1355,-0.9907992,-16.604334,-0.42141795,31.633423,0.24391508,0.04219288,0.5105599,-0.022787852,-0.6533914,0.07959701,1.1671968,39.062477,0.2864142,4.4072127,3.4633164,-2.1110651,-5.511603,-16.798489,-0.6946293,-3.0810628,15.512163,0.021908067,0.0061825737,0.035272762,4.901961,2.0618558,0.37,0.29,0.06,0.03559026,-37.3101,4.153846153846154
./experiment/wav/T008/T008_013/T008_013_IC01_cut057.wav,31.04008,0.030653877,30.405537,30.836437,32.071255,1.6657181,55.818176,0.0,6.2760468,16.119982,0.16086398,0.44335794,0.09522976,0.14786525,0.20832843,0.113098666,2.4472225,1.6366249,2.4023857,0.9355916,0.044282798,0.57490057,22.798122,0.5835468,0.5520987,14.169004,-10.378609,-0.8713168,2.174471,2.8958287,0.011508563,0.19518158,1.2718171,1.1799107,6.4896398,0.20477243,-13.479171,-0.1896946,13.490547,0.26832524,648.83203,0.24591479,1361.5154,0.079028346,-164.8701,-0.41043854,1684.3094,0.10642254,1019.46,0.112801075,-167.0311,-0.3815158,2801.998,0.05331214,939.04266,0.26051503,-169.18933,-0.35187957,-11.241197,-0.32012647,24.621717,0.23862562,0.022209145,0.6152074,-0.012540355,-0.8445412,0.08309594,0.28219166,35.090324,0.115840636,-3.327562,-1.7408191,-8.652583,-0.8071709,1.1300508,4.7750716,-7.3245544,21.73473,0.0072639748,0.0034717994,0.03737288,8.0,3.1578948,0.049999997,0.024494898,0.18249999,0.18362665,-43.788837,2.8461538461538463
./experiment/wav/T008/T008_013/T008_013_IC01_cut094.wav,35.151882,0.1591778,28.86751,35.99264,40.096397,11.228888,37.488716,8.838315,94.144844,13.883408,0.3765867,0.69136107,0.15771493,0.3084432,0.5949067,0.43719175,5.801668,3.6793957,6.3879156,3.518699,0.22179358,1.1619792,30.538403,0.5283903,-3.4869237,-3.2858295,-20.156881,-0.5959464,-15.862535,-1.529974,0.026500894,0.78677785,1.1475948,0.7700009,6.2988396,0.53556556,4.3315887,1.4293745,37.01937,0.23642686,766.0606,0.32978028,1338.6376,0.1530353,-78.36771,-1.193878,1781.318,0.16567643,1183.7833,0.16244107,-84.82625,-0.96600914,2920.9307,0.102211155,1001.16565,0.364879,-91.41443,-0.8490806,-14.479521,-0.50854665,32.560806,0.3184853,0.073352456,0.35514238,-0.028932735,-0.59384793,0.31866306,0.9287412,37.03263,0.28266245,-4.4303703,-3.1650798,-22.465946,-0.57721186,-28.228174,-0.7625052,-5.7208085,17.629196,0.043711495,0.0011776934,0.093147516,7.272727,4.8076925,0.12,0.07899367,0.068,0.045343135,-26.913465,3.3076923076923075
./experiment/wav/T008/T008_013/T008_013_IC01_cut097.wav,35.02212,0.12433002,31.010504,34.337864,39.596546,8.586042,27.481544,12.960761,61.457573,14.012993,0.36731082,0.3393238,0.21141261,0.4092758,0.47306597,0.26165336,3.855133,2.220689,2.7664058,1.8570775,0.13722546,0.5677578,39.170563,0.13387348,-0.06463326,-185.46568,-6.8008204,-1.192561,-26.147781,-0.6319731,0.02612608,1.5577877,0.6734256,1.5114976,7.863007,0.4100306,1.5257974,6.014785,30.786943,0.33982897,653.8712,0.29282004,1441.7688,0.1452397,-11.00058,-2.3256443,1692.8374,0.17765494,1222.4734,0.17932689,-25.89103,-0.90415055,2774.639,0.109382465,1086.7295,0.26823652,-35.549725,-0.6196016,-18.131506,-0.31112817,31.235113,0.17673792,0.057681985,0.45478585,-0.029273877,-0.26218197,0.1454034,0.5192448,38.797382,0.12300278,-0.98160475,-12.199055,-6.995857,-1.1542175,-27.515778,-0.595758,-20.216549,28.755672,0.036312997,-0.024110863,0.073676296,7.692308,1.0204082,0.95,0.0,0.0,0.0,-30.967226,4.0
./experiment/wav/T009/T009_001/T009_001_IC01_cut025.wav,41.94248,0.17355998,31.889582,43.81324,48.15137,16.26179,35.587677,5.1836147,52.850807,12.0811405,0.54597586,0.70131755,0.1418749,0.50558203,0.9598462,0.8179713,13.015123,7.2828298,5.389315,3.013958,0.271196,1.0022012,26.260569,0.47860855,-9.823033,-1.3412987,-10.841726,-1.4755372,-24.619556,-0.9891336,0.021081215,1.3201526,0.9218725,1.0557569,10.16853,0.4575516,4.015404,2.759068,23.37443,0.35305303,784.0812,0.26553878,1210.9863,0.17399307,-84.50435,-1.1309392,1865.6356,0.15990461,1110.8843,0.24309058,-81.9035,-0.99296635,2884.1592,0.09791583,915.7655,0.44955635,-84.37596,-0.94203085,-12.636043,-0.5468934,25.561052,0.32078257,0.061276738,0.44505504,-0.02469082,-1.1142147,0.3759631,0.7416221,27.34347,0.45376468,-13.34963,-1.0604359,-17.433289,-0.8509867,-33.399204,-0.74217016,-8.336284,18.698233,0.016418198,-0.0018688462,0.086035095,3.3112583,2.7586207,0.22999999,0.05338539,0.1125,0.004330127,-24.161438,5.6923076923076925
./experiment/wav/T009/T009_001/T009_001_IC01_cut027.wav,39.09126,0.13028991,34.92074,36.689217,42.29967,7.378933,56.432056,28.632816,57.21094,60.327744,0.46374545,0.749206,0.12488728,0.3917365,0.7625718,0.6376845,12.406945,8.252496,10.094203,5.1723,0.24562658,1.005427,28.300848,0.40478417,-7.19193,-1.5435495,-12.583204,-1.3307267,-12.757118,-1.1027054,0.022068389,0.9793788,1.3502204,0.72012526,8.067416,0.4677408,5.397218,1.1169528,30.542707,0.22062507,777.98944,0.26011136,1529.279,0.2317238,-92.55594,-0.9893711,1703.4933,0.16195966,1168.6924,0.2116111,-91.30669,-0.9411223,2835.9941,0.1154493,1025.3706,0.45917875,-98.423134,-0.81173694,-9.272791,-0.65995765,24.18134,0.3868345,0.0616799,0.48099437,-0.013098028,-1.2330321,0.3362452,0.7261238,31.091871,0.4096346,-11.5645685,-0.9404086,-15.756651,-1.1773516,-15.864168,-0.831668,-10.442499,22.344162,0.016910499,-0.013272533,0.14053853,6.2992125,4.0983605,0.13399999,0.13617636,0.089999996,0.021908903,-26.682255,5.153846153846154
./experiment/wav/T009/T009_001/T009_001_IC01_cut030.wav,32.569447,0.12567697,29.006132,30.496025,38.347454,9.341322,42.836243,0.0,-15.34297,16.863972,0.20198615,0.42121312,0.12300141,0.18893433,0.26689324,0.14389183,2.5090735,1.8765209,2.6963942,1.8220463,0.044636384,0.7924401,28.636656,0.37542138,-4.7672844,-2.4254482,7.8295665,1.5335803,-10.040337,-0.84751576,0.022197353,1.9950801,1.357489,0.7221942,6.839658,0.57991153,6.998605,0.8832433,22.153414,0.4942219,577.5269,0.25803822,1372.3655,0.09761469,-29.603167,-2.1547039,1660.2213,0.08424638,1083.2257,0.24517553,-37.844105,-1.5191092,2603.1052,0.10465808,1160.4017,0.4261951,-42.41867,-1.3141267,-12.994471,-0.50109565,21.316015,0.40146986,0.04146893,0.5973537,-0.019841852,-0.8225715,0.049292557,0.7563411,31.814243,0.23312476,-6.6253214,-1.7371086,8.416477,1.4794649,-11.946625,-0.66262037,-4.02923,9.8752985,0.008442878,0.0060684886,0.027286265,6.5420566,2.0408163,0.42,0.06,0.089999996,0.0,-39.383312,3.5384615384615383
./experiment/wav/T009/T009_001/T009_001_IC01_cut077.wav,33.803974,0.084562555,32.389328,32.85604,33.512177,1.1228485,83.10393,59.129166,14.611839,9.407819,0.16857557,0.30939728,0.13195784,0.1638337,0.20733722,0.07537937,1.4853901,0.6925176,2.1247756,0.9250372,0.033448365,0.7377837,30.558704,0.35800847,2.227111,3.513846,5.4031453,2.3061101,-16.33801,-0.6902294,0.014577941,0.90819186,0.8830791,0.8376884,7.9410744,0.31626654,7.5101423,1.0285966,24.16644,0.33424437,664.0237,0.15467939,1346.4558,0.11286688,-49.39118,-1.6621302,1729.6466,0.10915969,1084.9373,0.32551628,-60.33989,-1.1874722,2847.3508,0.08233222,789.68365,0.32727346,-64.74075,-1.0767708,-16.250525,-0.31391093,24.679413,0.28506073,0.020088397,0.74674875,-0.01865711,-0.621752,0.031373523,0.70129496,33.31084,0.20983742,1.8432039,4.1255326,5.3794465,2.4851546,-19.556269,-0.51837957,-8.612515,19.753483,-0.00090329495,0.00048633714,0.046610054,5.5118113,2.4793391,0.30333334,0.16418147,0.08,0.008164966,-43.18209,3.8461538461538463
./experiment/wav/T009/T009_002/T009_002_IC01_cut003.wav,40.288994,0.052922238,39.563976,40.966476,41.678024,2.114048,58.733444,23.607233,42.472755,44.940063,0.24846607,0.4746173,0.14221066,0.24321316,0.3310268,0.18881613,2.25297,1.9722451,2.0829618,0.74579316,0.046135947,0.8991766,24.749563,0.45049196,-6.1307774,-1.5947824,-0.8099458,-12.916686,-14.3278,-1.1151167,0.016364977,1.7578051,0.82390195,1.1651739,11.805043,0.26247805,0.7763597,10.336007,20.690207,0.41125146,844.4454,0.13771746,1254.2816,0.16958678,-53.879875,-1.4519801,1904.0017,0.08045872,1004.84155,0.24867758,-65.42553,-1.0703564,2924.1785,0.0645235,905.7234,0.3848986,-67.4249,-1.024811,-16.426907,-0.28035876,25.118107,0.3272022,0.038699955,0.4186415,-0.012533512,-1.2497514,0.053022522,0.8232359,29.356243,0.23889941,-6.9102035,-1.5039296,-1.5638151,-7.0317903,-18.938568,-0.80983007,-2.557415,7.6150513,0.024516959,0.0061575756,0.03041879,4.733728,1.8404908,0.4033333,0.26449114,0.16499999,0.044999998,-36.71843,4.0
./experiment/wav/T009/T009_002/T009_002_IC01_cut007.wav,33.626072,0.08152547,30.312305,34.30274,36.463722,6.151417,59.84662,82.761986,23.757019,4.1223373,0.38021353,0.77280116,0.12302586,0.28636003,0.5555159,0.43249002,6.034787,4.620755,3.645585,1.9609717,0.106339455,0.94082946,26.65776,0.34458157,-5.141774,-2.120235,-11.371376,-1.3780482,-11.375406,-1.3346013,0.013891207,1.1143904,0.89453566,0.89415556,7.9174767,0.4740048,-4.762302,-1.224748,26.568895,0.25693372,778.5465,0.22153771,1446.26,0.1233672,-83.03819,-1.1344551,1733.8868,0.092413776,1077.1559,0.25384662,-85.48742,-1.0361326,2853.8267,0.0801109,906.8911,0.24545994,-92.950455,-0.88805574,-12.330711,-0.3950931,24.666819,0.35985208,0.07985133,0.2237593,-0.020493519,-0.57833046,0.14191534,0.74374044,29.770731,0.29411545,-5.4436665,-2.35453,-14.350585,-1.1570998,-15.003673,-1.0542204,-7.827325,17.942354,0.042872664,0.00020439304,0.056873966,4.1237116,3.1746032,0.17999999,0.11647604,0.11333333,0.03448027,-29.227577,5.0
./experiment/wav/T009/T009_002/T009_002_IC01_cut012.wav,32.58136,0.08315381,30.188581,31.583786,35.961475,5.772894,27.844275,13.200953,20.546413,4.790841,0.250148,0.39045152,0.15978333,0.24493518,0.33212504,0.1723417,2.716318,1.6103238,1.6778842,1.1148567,0.059638083,0.87026376,26.691961,0.54986435,-6.2045417,-1.4731536,2.0777724,5.839836,-21.371788,-0.735722,0.0229345,1.1477778,1.0262786,0.85901344,7.3153424,0.43651125,-3.3043175,-2.1191847,21.43645,0.27266437,696.80426,0.31799635,1443.6222,0.13818352,-60.742275,-1.4229301,1687.6482,0.15083084,1166.5049,0.26147383,-67.71062,-1.1864924,2786.0366,0.10433303,913.2241,0.2480958,-72.04969,-1.0740725,-12.031713,-0.42911157,24.23758,0.30411375,0.06442044,0.33893752,-0.017407423,-0.8809125,0.07435365,0.7645648,33.597996,0.25172743,-8.3625345,-1.1507194,-0.23016834,-55.51159,-26.827463,-0.58392954,-4.5466323,10.179727,0.040040042,-0.002470928,0.032593295,5.6603775,2.970297,0.22999999,0.12961482,0.086666666,0.04189935,-37.681072,3.6923076923076925
./experiment/wav/T009/T009_002/T009_002_IC01_cut014.wav,32.965225,0.11087216,29.574306,32.116604,36.808258,7.2339516,44.039948,4.71991,46.9917,29.50752,0.22811921,0.49401575,0.11189684,0.21057773,0.3387064,0.22680956,2.925763,1.2888281,2.358734,1.1298827,0.059012078,0.7847329,29.819624,0.26994854,-3.540783,-3.0174806,-5.643543,-1.9530247,-15.95896,-0.7638987,0.019350227,1.5326098,1.3474197,0.80180156,6.734299,0.5507417,-2.930127,-2.44553,21.838299,0.48661777,705.6372,0.25363562,1364.3911,0.14679818,-51.824898,-1.5443513,1714.2878,0.13961099,1089.3273,0.165228,-60.46485,-1.2108413,2824.519,0.095956415,977.784,0.39853203,-67.893486,-1.0207235,-13.70276,-0.40744403,26.513214,0.31147823,0.053380337,0.47609258,-0.021610308,-0.7788561,0.06853768,0.67875016,32.24121,0.22529013,-2.112907,-5.558049,-8.610322,-1.2729264,-19.373499,-0.6240403,-8.2867565,14.707781,0.047270674,-0.0004452885,0.037063684,4.5454545,3.3783784,0.216,0.08212186,0.099999994,0.029439203,-37.91054,3.769230769230769
./experiment/wav/T009/T009_002/T009_002_IC01_cut018.wav,35.0691,0.07283868,33.555744,34.738144,37.55395,3.998207,29.927332,5.7206135,12.030991,52.936535,0.3195654,0.60606486,0.14026058,0.2648003,0.4529854,0.31272483,5.450399,4.5554314,5.3597107,2.7701097,0.12889479,0.78271765,28.079493,0.3683244,-2.6731296,-4.131416,-1.7007504,-6.228651,-3.0609443,-5.1624017,0.020976163,1.1467069,1.2481945,0.7032342,6.281986,0.45049655,-4.88156,-1.394738,17.900063,0.5600116,648.82184,0.28285733,1355.3177,0.21174899,-111.29237,-0.81051695,1676.4547,0.15852724,1146.2927,0.27497572,-109.94049,-0.7833824,2665.6826,0.10356787,976.95795,0.31210297,-112.99956,-0.7386551,-10.733289,-0.44914937,21.240133,0.35405678,0.01558438,1.8932006,-0.019778207,-0.6939661,0.17368895,0.6888123,32.096943,0.28877875,-8.372064,-1.2898753,-2.9274352,-3.9342914,-11.860606,-1.0441722,-12.807818,22.978336,-0.01005644,-0.0019577346,0.090581805,6.3380284,4.379562,0.10166667,0.11096796,0.10666667,0.04268749,-33.435055,4.3076923076923075
./experiment/wav/T009/T009_002/T009_002_IC01_cut021.wav,33.287952,0.09520951,29.923992,33.14254,36.92612,7.0021286,144.77159,102.829094,24.69659,15.337397,0.33382377,0.64379334,0.14627045,0.28964815,0.5109496,0.36467916,5.1398363,1.6736748,4.2145934,1.9686894,0.13828762,0.92769206,29.676508,0.4665811,-7.8037586,-1.1796522,-11.548978,-1.2103584,-11.531775,-1.0019234,0.03103332,1.2026259,1.446103,0.83580416,5.858506,0.561326,-6.2501698,-1.1234033,22.110983,0.41276953,591.9633,0.3756717,1430.4292,0.14635943,-79.33368,-1.1446218,1553.0383,0.16529673,1124.5883,0.16393822,-75.53317,-1.1114656,2674.877,0.1164356,964.8373,0.20282651,-83.97582,-0.9280644,-10.474722,-0.3813441,25.545597,0.29613566,0.06581759,0.24776259,-0.02596077,-0.66278785,0.19284885,0.66564226,34.894302,0.3172328,-7.92907,-1.2313594,-15.38455,-0.99903363,-14.383951,-0.9206885,-4.752448,13.729139,0.05349712,-0.0020331952,0.054659277,6.0869565,4.587156,0.13399999,0.097693406,0.082499996,0.057608593,-30.819834,4.3076923076923075
./experiment/wav/T009/T009_002/T009_002_IC01_cut028.wav,48.251087,0.054057542,46.40267,48.885113,50.038612,3.6359406,63.417805,32.234116,53.802013,54.013195,1.1512865,0.57569474,0.56597453,1.0467781,1.6091704,1.043196,19.354128,8.901308,11.016675,2.8532236,0.5846435,0.9269928,2.0455954,4.6647825,-21.923334,-0.7463626,-11.981651,-0.8442716,-23.538496,-0.5401917,0.026068615,1.3383279,0.7946642,0.78471065,10.089526,0.39906707,5.76547,1.8292718,5.442131,1.4717275,972.07434,0.23594087,1247.0015,0.25288877,-25.576065,-1.710132,1876.2355,0.108764686,1075.0098,0.3898792,-22.39529,-1.7574604,2841.795,0.07244091,990.8209,0.29574338,-26.110806,-1.486084,-5.6630473,-1.0903573,11.804401,0.7180934,0.09695843,0.31899774,-0.0071392106,-1.8580121,0.567619,0.9371115,1.3972179,6.8639636,-22.936256,-0.7026824,-12.687953,-0.74669856,-24.397913,-0.519421,-8.821874,13.362051,0.060495693,-0.0077835624,0.31447712,4.5045047,3.809524,0.235,0.13462912,0.02,0.0,-18.755354,5.923076923076923
./experiment/wav/T009/T009_003/T009_003_IC01_cut015.wav,33.461536,0.13425323,28.593761,33.51651,37.74849,9.154728,54.482548,26.835186,155.5408,121.62371,0.56740284,0.5430969,0.31861982,0.4867734,0.771753,0.4531332,5.890242,2.6541476,7.216256,3.91497,0.25116098,1.003271,23.802658,0.29663804,-13.026254,-0.8363954,-3.2974331,-3.017519,-9.024716,-1.3536297,0.026938317,0.99933416,0.98588765,0.60699266,4.407286,0.5391338,-4.82946,-1.852604,14.272437,0.62508166,705.1634,0.35037652,1424.2144,0.14527725,-98.68863,-0.94981754,1624.4698,0.12223682,1191.2783,0.2592409,-93.817894,-0.98431224,2634.3425,0.0757643,1067.2366,0.4311417,-97.81218,-0.90802675,-8.663627,-0.40113962,18.589693,0.29103443,0.03840221,0.56344616,-0.019830288,-0.5235464,0.3347525,0.8881421,26.706621,0.24722786,-16.922356,-0.7478247,-3.9054747,-2.7573848,-15.493581,-0.7434066,-5.0506597,15.463026,0.021579,-0.003983108,0.17407545,5.3254437,4.268293,0.11571428,0.06863093,0.085,0.047958314,-27.705492,5.153846153846154
./experiment/wav/T009/T009_003/T009_003_IC01_cut032.wav,31.231789,0.04273316,30.380367,30.976917,31.658043,1.2776756,70.92172,52.79678,14.8779,13.8797035,0.589345,0.5260947,0.31905854,0.5109523,0.84881043,0.5297519,8.894279,5.7748227,5.8370233,3.2463028,0.23795715,0.7881451,27.018581,0.1998092,-15.458539,-0.70367295,-4.309389,-3.2837355,-18.99881,-0.630873,0.029175397,2.1263406,1.3714051,0.7957123,5.1557736,0.581625,-7.1102624,-1.0308596,8.620406,1.1577277,772.454,0.32921067,1404.4651,0.14311878,-54.252262,-1.7210776,1774.4203,0.14010227,1181.2451,0.21696267,-55.24687,-1.5367801,2827.7913,0.121332824,1157.2214,0.5755163,-59.793457,-1.3747021,-8.752821,-0.45580655,21.967001,0.33729282,0.03859526,0.57002,-0.02347267,-0.7189217,0.30164048,0.6203884,29.158041,0.16452238,-19.138464,-0.58139145,-7.71452,-1.9740249,-23.212927,-0.42612052,-8.247896,16.627766,0.025179379,-0.006650789,0.11226756,6.5420566,2.970297,0.23666665,0.032998316,0.125,0.065,-26.334751,2.8461538461538463
./experiment/wav/T009/T009_003/T009_003_IC01_cut056.wav,35.407284,0.059324283,32.4972,36.401688,36.64632,4.1491203,51.02985,65.03669,16.060263,3.9526997,0.53468627,0.5196706,0.28670192,0.45496237,0.78781223,0.5011103,8.880122,4.0974603,8.5688095,5.744369,0.19407754,0.76584524,21.801044,0.5102253,-3.6124938,-2.6055815,-15.358723,-0.99666786,-11.946957,-1.1413976,0.018881189,1.0566837,1.4233254,0.8358773,7.6565366,0.416989,-4.432032,-1.3791639,24.770428,0.28627998,906.5786,0.15083046,1573.4614,0.36223137,-88.73957,-1.0579244,1789.0953,0.10699798,1279.7347,0.20326212,-92.37506,-0.9438798,2840.9312,0.07152715,1174.2665,0.56085974,-97.98123,-0.8443018,-7.6602373,-0.47387663,22.097044,0.38712388,0.05997425,0.3537735,-0.019307017,-0.6933729,0.2302256,0.5755161,24.071915,0.39801008,-7.8773923,-1.209965,-22.215189,-0.7579259,-17.528913,-0.8453671,-6.5427527,15.681506,0.022901978,-0.0064992704,0.1647682,6.666667,6.0606065,0.08166667,0.04487637,0.06333333,0.028674418,-27.673819,5.230769230769231
./experiment/wav/T009/T009_003/T009_003_IC01_cut068.wav,35.425625,0.16509908,29.335117,33.72008,42.291996,12.956879,10.001578,11.367927,48.898376,0.0,0.57598776,0.51900524,0.33587307,0.5031217,0.7619889,0.4261158,8.187774,3.3121316,1.2274216,1.5705222,0.25806507,0.87397146,23.921156,0.38342908,-6.7170796,-2.1205497,-15.014235,-0.86230624,-5.683609,-2.407296,0.02707135,1.4496422,1.1339512,1.0262147,6.5667105,0.5386029,-0.38955575,-25.474186,23.395042,0.3179383,707.47723,0.33532,1487.7068,0.20186302,-75.98619,-1.2291552,1731.6163,0.15893392,1149.1526,0.16052279,-70.42133,-1.194778,2848.8765,0.11889328,1016.21594,0.25413933,-76.708786,-1.0442874,-9.980047,-0.54149455,23.302898,0.29886484,0.037211716,0.47593316,-0.01960527,-0.7924267,0.32821926,0.7429418,27.480848,0.26295948,-9.823343,-1.5699652,-16.67518,-0.8266298,-9.879832,-1.0960929,-5.6056256,17.273636,0.010979977,-0.0005597955,0.108521275,2.857143,2.0,0.33499998,0.074999996,0.13499999,0.015,-26.618437,5.076923076923077
./experiment/wav/T009/T009_003/T009_003_IC01_cut081.wav,34.24537,0.080491826,30.558512,35.541042,36.699196,6.140684,24.788755,31.437353,24.176346,9.476078,0.39962742,0.5401523,0.21509813,0.32590553,0.5363219,0.32122374,4.693672,2.0560439,5.825683,3.9812028,0.12436985,0.92316896,22.326479,0.3146634,-3.2670276,-2.5535774,-8.580657,-1.2339847,-9.656172,-1.2228432,0.014604265,0.7493641,1.1655314,0.8287155,6.5984426,0.40607694,-3.5190053,-1.7100931,22.81439,0.34513563,769.7916,0.25007802,1428.6985,0.12961447,-91.52785,-1.0587924,1747.1915,0.11974577,1217.4888,0.22670558,-94.18183,-0.94852453,2789.1692,0.08924511,1040.6111,0.39318734,-99.044876,-0.86229986,-11.130857,-0.44624618,22.70724,0.3312355,0.04905311,0.3604335,-0.019340543,-0.71595734,0.17574961,0.74896437,26.577715,0.22473738,-4.0570564,-2.5914698,-13.269788,-0.87333125,-16.436295,-0.58580804,-6.357996,13.766638,0.027737921,-0.003766296,0.070147276,4.3750005,3.2258065,0.16399999,0.082365036,0.126,0.037202146,-31.432178,4.769230769230769
./experiment/wav/T009/T009_003/T009_003_IC01_cut095.wav,32.218708,0.025710197,31.69408,32.448658,32.912605,1.2185249,31.103004,15.744108,17.124422,12.64128,0.3942304,0.55401206,0.2215551,0.33320102,0.48337626,0.26182115,3.6455452,1.4795574,3.3797517,1.6657224,0.11054207,0.7349051,21.282433,0.24148074,-7.2724915,-1.4427557,-4.2962375,-2.313744,-2.8654828,-3.1593828,0.014012401,1.064768,0.9955242,0.60507166,5.935575,0.3877914,-4.8041854,-1.4114754,13.610224,0.41605505,614.78394,0.34746972,1463.4703,0.13558425,-90.702545,-1.0550659,1600.7336,0.110255435,1190.0966,0.25651073,-86.83212,-1.0681045,2619.4856,0.08644617,972.2883,0.18453701,-91.21529,-0.9768206,-9.387033,-0.35987914,19.21984,0.2223095,0.02961434,0.7778808,-0.015370766,-0.9410253,0.1508045,0.5644798,25.089151,0.1331067,-11.386812,-1.1113868,-8.301138,-1.2854013,-7.4719343,-1.0302703,-6.4139934,15.120948,0.012958464,0.0028516361,0.06597766,4.6728973,2.9411764,0.18666665,0.13072447,0.13,0.12192894,-31.955742,3.5384615384615383
./experiment/wav/T009/T009_003/T009_003_IC01_cut099.wav,38.986664,0.06947395,35.589893,40.448536,41.293144,5.703251,19.806194,7.163906,-0.2572937,25.457443,0.6549418,0.631589,0.29735073,0.46031046,1.0347029,0.73735213,7.7269454,7.035048,8.212181,2.0470438,0.29695392,0.8261429,22.507027,0.4374432,-14.018185,-1.2028459,-14.87521,-0.8179359,-6.3311,-1.8561865,0.011024996,1.2668717,1.0953287,0.7257237,7.8273478,0.49951693,-4.762226,-2.3524878,17.442616,0.5820079,867.20746,0.28516883,1433.8759,0.17317587,-101.62822,-0.9768365,1779.0112,0.1216117,1353.2233,0.25304747,-97.78637,-0.96685725,2840.044,0.09960053,965.6587,0.24673145,-103.48849,-0.86178726,-5.5884457,-0.7574644,20.021046,0.3491368,0.040485565,0.48204687,-0.009089726,-1.9906814,0.48891297,0.44781113,25.81914,0.3144666,-25.24146,-0.66298574,-22.782309,-0.4167346,-9.1493,-1.4383172,-5.939212,17.308676,0.030029532,-0.004190883,0.13354039,5.050505,3.2967033,0.14666666,0.11614167,0.099999994,0.046368092,-24.185278,4.846153846153846
./experiment/wav/T009/T009_005/T009_005a_IC01_cut002.wav,33.45554,0.16628781,29.475468,30.476364,39.39556,9.920094,38.224045,17.8143,43.532314,0.0,0.22318915,0.73006696,0.10339868,0.17516005,0.34058174,0.23718306,2.0947797,1.2904192,1.571263,0.7499127,0.08352265,1.6157479,34.892475,0.20609353,-0.82434785,-9.9984455,-10.551413,-1.7387099,-7.0438027,-1.4967358,0.037861682,2.2431328,0.99937373,1.1251113,7.3468676,0.57260525,2.9970493,2.7644598,27.713913,0.25354487,752.8752,0.259865,1362.3606,0.17650409,-48.898205,-1.5505327,1822.5881,0.15716453,1131.578,0.27256736,-57.572838,-1.1793014,2929.234,0.09556064,1096.8977,0.24307239,-65.04346,-0.9896994,-14.197189,-0.35888728,28.215816,0.2435937,0.04195286,0.37649855,-0.018637303,-0.7014528,0.09412694,1.5445106,36.77468,0.13001205,-0.85273933,-10.103113,-12.258439,-1.5413368,-7.691519,-1.2562151,-9.495482,20.991945,0.013111334,-0.0035935745,0.074070305,2.7272727,2.970297,0.25666666,0.06944222,0.053333335,0.028674418,-34.65527,3.230769230769231
./experiment/wav/T009/T009_005/T009_005a_IC01_cut003.wav,33.595634,0.12206145,28.231968,33.844738,37.824196,9.592228,33.16449,15.339804,56.82905,19.3477,0.23015435,0.5373017,0.13566974,0.18063878,0.33714575,0.20147601,3.0551565,2.1443045,2.6287334,1.0047005,0.06365499,0.8281111,25.881363,0.62951833,6.758814,1.2179266,-0.49060115,-24.077673,-11.8671255,-1.6784254,0.02105518,1.0131358,1.0367324,0.96868104,8.29979,0.3783675,5.626863,1.0110116,32.898613,0.22013445,747.70245,0.20099518,1384.0615,0.16432697,-64.74861,-1.2948921,1817.7935,0.1289216,1057.4812,0.28563732,-74.348694,-1.0202134,2869.7102,0.08058686,988.12427,0.23315984,-79.6016,-0.912152,-16.889038,-0.34617925,25.860275,0.32233652,0.065170914,0.45605755,-0.026370103,-0.6274487,0.07743736,0.7199747,32.929203,0.33165473,4.509993,1.9209174,-0.64965355,-18.72193,-19.266129,-0.9538747,-4.2396092,10.520671,0.05114815,0.0039023561,0.041752167,5.1282053,3.6036036,0.1875,0.04602988,0.09666667,0.040276818,-35.691948,2.923076923076923
./experiment/wav/T009/T009_005/T009_005a_IC01_cut009.wav,30.652645,0.13973323,30.398823,31.567642,32.41136,2.012539,-84.28748,0.0,9.648574,0.0,0.15824068,0.37010723,0.106466286,0.14814305,0.20953873,0.10307244,2.3039656,1.1147484,1.7211679,0.6961498,0.037771862,0.72973776,20.82865,0.95358396,6.8845406,1.0625046,1.9702497,5.186979,-1.1083667,-11.753585,0.015554514,0.574384,1.2567359,0.79527164,6.5719233,0.49611282,-2.7009623,-6.100568,25.110405,0.65840226,669.77014,0.2513595,1405.3206,0.107418254,-100.07962,-0.90941775,1731.5912,0.11541445,1156.6877,0.19808654,-107.9101,-0.7773281,2808.2017,0.09007375,1171.575,0.32337335,-112.63991,-0.7044798,-14.694659,-0.5141239,26.867613,0.39446077,0.03403426,0.9063053,-0.016726881,-1.2206557,0.0462125,0.73615444,33.54839,0.4207945,5.499779,1.3281536,2.5470006,4.824682,-7.6644163,-1.8759909,-4.316105,11.515729,-0.0093660895,0.011310836,0.028932402,7.894737,3.6697247,0.1325,0.06533567,0.12,0.055226803,-42.82557,2.8461538461538463
./experiment/wav/T009/T009_005/T009_005a_IC01_cut010.wav,33.994896,0.0019116679,33.94686,33.99182,34.042316,0.09545517,0.0,0.0,-0.05303192,0.0,0.17029724,0.8773334,0.055704534,0.11818388,0.22848806,0.17278352,2.1065812,1.1983443,1.7521573,0.8978415,0.04466018,1.1752021,11.4081955,1.0192753,-3.1765106,-4.5318923,-4.878455,-2.7193487,9.08129,1.235804,0.0,0.0,0.0,0.0,5.689222,0.032613628,0.026935736,22.651016,32.616447,0.013299567,416.29913,0.016901562,1606.1207,0.022937689,-195.33517,-0.14308214,1321.898,0.01254694,1427.7095,0.044689924,-195.84825,-0.12978211,2338.162,0.03907838,1070.5762,0.022138774,-196.23027,-0.11983878,-11.702547,-0.20478533,21.219572,0.16149086,0.0035109282,1.5664161,0.0011196181,2.008864,0.04641911,0.26344576,20.54315,0.17039733,3.1182373,0.81119835,8.604714,0.1236898,-4.633068,-0.3221992,-3.4380152,11.389801,-0.0030199348,0.01403654,0.046691094,2.6548672,0.92592597,0.02,0.0,1.02,0.0,-43.130234,3.1538461538461537
./experiment/wav/T009/T009_005/T009_005a_IC01_cut012.wav,34.09075,0.11084266,31.341623,32.22885,38.78016,7.4385357,46.531384,52.598003,44.12445,19.81879,0.15811123,0.6332796,0.063549906,0.13965029,0.20208582,0.13853592,2.469325,1.4089746,2.4017773,0.91495514,0.035061933,0.7533589,16.96082,0.97777086,0.07005002,145.19545,-3.401661,-4.1022367,2.2098057,5.1308,0.030137584,1.1070253,1.2443017,0.55569166,7.3545313,0.30251673,0.8376438,6.753254,28.901018,0.21360488,665.3389,0.24409331,1417.2621,0.10604547,-135.84265,-0.643793,1796.0465,0.13248001,1124.2626,0.17276083,-140.40126,-0.5683706,2812.8044,0.10322321,1191.7283,0.26112846,-141.9204,-0.54771626,-16.672981,-0.4582256,26.061752,0.3145554,0.043946844,0.5933476,-0.018653821,-0.8540469,0.04238127,0.42102745,30.717781,0.332116,6.9137053,0.95328355,0.5094182,22.682634,-8.073564,-1.1835347,-2.5525892,13.027602,0.010673375,0.016076377,0.032854374,5.921053,2.0408165,0.16,0.09416298,0.30333334,0.18372686,-44.082146,3.076923076923077
./experiment/wav/T009/T009_005/T009_005a_IC01_cut017.wav,32.46843,0.049483772,30.927605,32.732155,33.777912,2.8503075,110.72261,118.612724,27.612263,12.970638,0.19447872,0.4013346,0.12876229,0.18415497,0.25799146,0.12922917,2.941356,2.263234,1.363859,0.5169483,0.040762175,0.7767464,22.201925,0.76785487,-1.8734363,-6.979075,-0.7909544,-20.542778,-4.2667,-3.9484193,0.02718273,1.4297367,0.9763612,0.88513803,7.921551,0.32154414,-0.17092411,-46.46543,24.757565,0.28630656,731.86816,0.18304056,1369.356,0.13885736,-103.17807,-0.9176734,1808.4468,0.12240128,1029.8053,0.22951941,-110.13552,-0.78017104,2850.949,0.08109324,1024.9354,0.29194006,-112.45981,-0.7465686,-16.028189,-0.3583073,26.089106,0.30706647,0.042407624,0.65963364,-0.023290789,-0.80223155,0.052401792,0.80166835,34.00131,0.34217107,3.4520814,2.5625267,2.8878224,5.9651837,-12.834991,-1.251292,-0.11163263,8.701877,0.018392865,0.014692254,0.031269345,4.347826,1.923077,0.25666666,0.08956686,0.24333334,0.19567546,-40.33969,2.4615384615384617
./experiment/wav/T009/T009_005/T009_005a_IC01_cut018.wav,34.385914,0.070120506,31.181282,34.387215,36.952236,5.770954,18.287725,17.208448,35.922737,14.038533,0.12501387,0.4468518,0.07513736,0.117104396,0.15876119,0.08362383,1.9231974,1.1545243,1.3976994,0.60574746,0.022496669,0.66016376,18.763351,0.7499257,3.1592295,3.315049,-4.709969,-2.0556045,3.7596579,3.1454444,0.037708327,0.53011715,2.2356899,0.5201634,5.3979816,0.4008945,0.92262036,6.456571,22.787857,0.27118555,664.262,0.20172016,1461.3881,0.14914128,-131.92725,-0.67207277,1585.07,0.1270415,1406.7214,0.4729234,-134.23714,-0.6157735,2612.5188,0.10872821,886.203,0.25141838,-137.87807,-0.5666026,-10.996355,-0.37607777,21.6545,0.3358785,0.032113124,0.65971756,-0.006853111,-2.254432,0.030314477,0.5579859,30.681067,0.25559032,-4.123406,-1.6022176,-7.7579007,-1.3101002,-5.980718,-1.5288267,-6.2451305,13.555633,0.0030286957,0.00899864,0.01938841,7.5000005,3.2467532,0.102,0.05192302,0.15333332,0.16234393,-47.4335,2.923076923076923
./experiment/wav/T009/T009_005/T009_005a_IC01_cut019.wav,30.515514,0.0450031,29.113596,30.165787,31.880108,2.766512,233.57896,139.5199,18.250362,7.802229,0.106624305,0.47496852,0.06778094,0.08769467,0.14316873,0.07538779,1.1060442,0.4249659,1.0693339,1.0019943,0.018702406,0.7778684,16.942291,0.72453547,-4.6431966,-2.521858,-4.135728,-1.9364219,9.55887,0.83996165,0.025016626,0.5073698,1.4938719,0.49212426,4.8160768,0.27576703,0.19730076,12.97961,20.766388,0.32394916,663.02094,0.19932297,1283.543,0.098577775,-157.47194,-0.45963982,1626.8234,0.10848086,1111.7754,0.180256,-157.84,-0.4467941,2664.9526,0.07854388,988.28076,0.2277952,-160.15907,-0.41588014,-9.044557,-0.62885284,20.146866,0.30808592,0.007538372,2.3893645,0.0044649723,3.347491,0.030883932,0.64758146,23.788431,0.4206873,0.108061954,87.18795,-4.721566,-1.7202585,7.363594,1.5145962,-4.5869536,12.935437,0.003125995,0.012082498,0.015613551,5.042017,2.631579,0.07333333,0.04027682,0.16399999,0.1092886,-50.11445,2.6153846153846154
./experiment/wav/T009/T009_017/T009_017_IC01_cut043.wav,35.15661,0.06922518,32.997204,34.725174,37.700626,4.7034225,69.6032,46.9036,22.253412,5.5806694,0.49130714,0.5452909,0.24846137,0.44989765,0.6110409,0.36257952,3.4716427,0.43251735,1.4756713,1.9125805,0.13455626,0.63832283,27.714231,0.5054795,-1.1148968,-10.255141,-5.64773,-1.9935178,-36.095516,-0.42383593,0.0090558175,1.0163018,0.56952333,1.1962962,10.374792,0.38340053,4.918482,1.4976904,34.202755,0.2232945,674.79913,0.34191003,1368.4434,0.15385495,-38.180187,-2.051097,1678.6733,0.18816909,1111.5931,0.22288427,-46.86271,-1.4579101,2731.0479,0.10113353,868.2683,0.4331832,-53.3993,-1.2218298,-17.297485,-0.33318028,28.480244,0.34029254,0.09012694,0.35169867,-0.038157683,-0.33088621,0.1426609,0.571266,32.18074,0.29101375,-2.8099365,-4.312884,-5.5780225,-2.0534468,-39.63135,-0.29742587,-3.2056217,6.9027514,0.027118083,-0.009308255,0.06652116,3.1007752,2.4590163,0.32333332,0.35826743,0.06333333,0.026246693,-33.453304,3.6923076923076925
./experiment/wav/T009/T009_017/T009_017_IC01_cut055.wav,36.597073,0.13981019,31.698326,35.556313,43.397808,11.699482,18.730011,35.16391,29.648788,0.0,0.34256285,0.5172362,0.20050387,0.26846454,0.52728283,0.32677895,2.0650418,0.5261345,2.6884396,2.8833756,0.11842672,0.871601,20.919308,0.6054491,-0.6311292,-13.230297,-0.8140169,-7.862079,-19.952246,-0.89836556,0.02856734,1.3141336,0.8126963,0.81601554,8.673889,0.51285857,5.426647,1.5681301,28.190228,0.19804363,665.1441,0.29367253,1280.0349,0.19637984,-93.265976,-1.0289615,1721.0353,0.20455778,890.53546,0.29016918,-89.85474,-0.9465052,2823.8943,0.11051186,701.8669,0.31187215,-93.90877,-0.8703684,-15.380217,-0.40118083,23.801725,0.3291949,0.045624755,0.57729405,-0.029555505,-0.41779822,0.16028336,0.62280303,27.822664,0.3973737,0.6572875,13.13985,-1.2301333,-5.304908,-31.417337,-0.4786953,-3.9417167,9.7030525,0.010645438,-0.0056510237,0.06503455,2.6086957,2.777778,0.21,0.17795129,0.13,0.048989795,-38.636223,3.0
./experiment/wav/T009/T009_017/T009_017_IC01_cut059.wav,35.270508,0.10401201,32.81495,34.9,38.98054,6.165592,41.931915,18.850655,65.77964,60.91245,0.52267563,0.668535,0.20256434,0.43580702,0.8083086,0.60574424,10.649964,7.733445,9.386348,4.162777,0.37985918,1.076859,31.73078,0.32318932,-9.5231695,-1.3433977,-14.907325,-1.0501373,-19.087969,-0.57369745,0.036915887,1.3262397,1.419674,0.7733073,5.736094,0.8276238,-5.7552543,-1.0492805,25.029112,0.3019795,654.6525,0.32751545,1437.0737,0.1476151,-35.680866,-2.1129837,1524.6971,0.12960458,1148.2754,0.1435838,-39.082058,-1.7019666,2596.4128,0.10528902,1024.0071,0.37103555,-52.538788,-1.1518534,-10.830442,-0.5265727,28.663206,0.21186529,0.043164175,0.74185145,-0.021187155,-0.61516386,0.44973683,0.97055763,34.76652,0.2595819,-12.206465,-1.0794379,-19.611816,-0.69270045,-19.920368,-0.50866574,-10.963587,18.930904,-0.0010502852,-0.014792693,0.108849354,7.03125,4.0983605,0.192,0.2448183,0.0425,0.028613808,-32.088634,4.615384615384615
./experiment/wav/T009/T009_017/T009_017_IC01_cut108.wav,35.616833,0.03646297,34.71975,36.03472,36.612263,1.8925133,42.30216,52.941284,14.5209,7.98006,0.71345705,0.5382368,0.32937464,0.66147554,1.122959,0.79358435,7.7129602,2.6873193,7.5123587,4.8109274,0.29946423,0.6158405,38.442104,0.42656043,-3.3524516,-2.9078789,-22.189827,-0.62945217,-18.914883,-0.92544585,0.008014761,0.8717283,0.6931817,0.9468207,10.590995,0.25500974,-7.342828,-1.1423495,31.509483,0.24090835,703.4821,0.15506542,1440.0815,0.13020968,-37.973747,-2.0569253,1536.6123,0.06761789,982.801,0.17716879,-46.9456,-1.5686477,2818.3638,0.075900696,934.13885,0.37972736,-67.776276,-0.93164736,-11.577088,-0.288469,38.117958,0.19870982,0.014410722,3.1608028,-0.018292017,-0.44089723,0.32847607,0.5172064,43.96271,0.26037908,-6.273273,-1.3884891,-26.132725,-0.48706764,-25.660515,-0.4946058,-14.179728,26.664154,-0.046697903,-0.0050002276,0.22982487,3.2,2.5210085,0.30666664,0.06944222,0.099999994,0.0,-29.24444,4.076923076923077
./experiment/wav/T009/T009_017/T009_017_IC01_cut117.wav,41.08758,0.07495683,38.514755,41.66167,43.795326,5.280571,91.279945,76.292076,33.274765,6.999565,0.7207796,0.60298055,0.2919719,0.68818325,1.1847467,0.8927748,10.366323,7.9668016,10.296174,3.2046466,0.4102151,0.6422564,32.50077,0.38055608,-12.931226,-1.4109907,-2.5680273,-4.0187745,-17.855326,-0.9255715,0.016095234,0.9220611,1.0096548,1.0205886,10.613989,0.32807952,11.966175,0.7513195,27.24956,0.30849394,638.58545,0.3521462,1330.4968,0.1794476,-53.24125,-1.5032382,1590.5472,0.14725025,1135.2399,0.3735661,-42.7409,-1.4906849,2582.2952,0.09428877,980.6392,0.33454368,-49.815998,-1.2260396,-13.761325,-0.43962207,24.738806,0.3537105,0.011844889,3.070192,-0.02713897,-0.4348279,0.45552397,0.5438828,34.94223,0.29296026,-17.285654,-1.029292,-2.427717,-4.4747744,-22.186497,-0.6412137,-13.443521,23.124739,-0.039377876,-0.0075377836,0.27015507,6.015038,3.1496062,0.2575,0.09256754,0.056666665,0.020548046,-30.00456,3.3846153846153846
./experiment/wav/T009/T009_017/T009_017_IC01_cut120.wav,24.616745,0.41997924,13.734424,31.277647,35.602924,21.8685,270.50955,171.0443,303.05298,91.349785,0.20826101,0.5425418,0.13196573,0.16424438,0.2550883,0.12312257,5.346807,6.3360696,3.1746562,3.2187881,0.13128014,1.0948848,22.530489,0.45518348,-0.6673069,-10.233389,2.039811,5.9248986,-7.0946913,-1.3163891,0.039089818,0.23119098,2.3933942,0.7108814,-2.6041493,-1.7525365,-9.442581,-3.7719886,8.619626,4.042083,515.3548,0.26673418,1398.159,0.12483223,-147.9987,-0.51300436,1408.989,0.13880768,1675.991,0.94866055,-150.15965,-0.47006187,2415.3572,0.09693259,1020.4397,0.14277145,-152.52844,-0.43919528,-13.683786,-0.37504637,27.016403,0.22956382,-0.013317155,-2.9497209,-0.0142870415,-0.6364352,0.2387344,0.93325514,28.425232,0.32383838,-2.4326813,-3.410418,-1.9071203,-8.611679,-11.499586,-1.2453164,-11.296463,20.60334,-0.023512091,-0.011775185,0.09512419,5.6603775,6.0,0.031666666,0.010671873,0.10833333,0.033870667,-43.945274,3.076923076923077
./experiment/wav/T009/T009_017/T009_017_IC01_cut124.wav,35.251476,0.1885033,36.30513,36.99735,38.092995,1.7878647,791.35077,143.0268,134.71936,94.25976,0.83462596,0.6358791,0.277515,0.7605238,1.2828201,1.005305,12.342739,6.5186806,9.814427,5.227828,0.57700783,0.6675781,40.955784,0.2783835,-2.2944794,-6.935654,-14.000874,-1.0972784,-15.754282,-1.1825316,0.03458021,2.8530533,1.0820699,1.116719,8.715899,0.67899907,1.7830002,11.1017275,32.06034,0.44911903,566.6982,0.30178332,1465.183,0.1629864,-54.342876,-1.548828,1421.5953,0.14593923,1226.176,0.38260153,-50.85579,-1.4705149,2576.0166,0.0923934,950.63965,0.33313826,-65.981224,-1.0118003,-16.2823,-0.5297918,35.492653,0.23307714,-0.008251281,-4.8711,-0.028737286,-0.57795495,0.64752656,0.6179128,45.337852,0.14041723,-6.360167,-2.4613779,-18.452845,-0.77038985,-21.776981,-0.7654629,-21.243866,34.64244,-0.04017923,-0.019752845,0.41448814,5.084746,2.906977,0.262,0.17588632,0.061999995,0.026381811,-25.919598,4.846153846153846
./experiment/wav/T009/T009_021/T009_021a_IC01_cut023.wav,38.061584,0.08173858,36.384907,38.342247,39.296806,2.9118996,115.13233,74.61449,22.832182,13.180737,0.47358695,0.4775887,0.2703724,0.42083126,0.652213,0.3818406,4.9529305,1.946689,4.249204,1.4215212,0.17736739,0.97071606,22.152706,0.68335325,-9.968461,-1.0777229,-7.9503717,-1.9962685,-5.9897265,-2.6964588,0.01743819,1.328992,1.0187472,0.99527436,10.091587,0.32440692,-1.1010226,-9.760309,28.039864,0.6343637,823.4646,0.1950614,1307.1919,0.18686874,-127.11625,-0.71639687,1874.4213,0.11552396,1138.9429,0.21441334,-129.40651,-0.6433418,2897.981,0.08087414,1124.207,0.35896817,-132.84602,-0.5940569,-13.841816,-0.7780517,28.767242,0.45496494,0.04267693,0.80603194,-0.01863819,-1.314429,0.21598846,0.5582828,31.631844,0.3374235,-6.523456,-1.8376886,-16.937363,-1.0667076,-15.993364,-1.088986,-3.2457,11.479281,0.013071994,-0.0009239231,0.15701853,4.166667,3.2085562,0.11333333,0.06574361,0.15142857,0.1401457,-26.979641,5.230769230769231
./experiment/wav/T009/T009_021/T009_021a_IC01_cut037.wav,35.809647,0.053209227,33.92669,36.38605,37.450626,3.5239372,34.878437,15.34762,19.907164,10.190009,0.41993958,0.26033044,0.3355923,0.42189914,0.49535343,0.15976113,1.1122938,0.6486816,1.6521939,0.22800411,0.08191168,0.43651325,21.983976,0.36045372,3.9438317,2.6302423,-4.3673368,-2.2094147,-28.496037,-0.4607474,0.0099484455,1.0148054,0.8107073,0.69483906,8.193666,0.39322442,0.2526984,37.996593,23.477575,0.29979447,643.06036,0.2680546,1434.3834,0.14040186,-25.48651,-2.3535192,1641.6179,0.14514166,1218.4965,0.33329794,-32.845448,-1.4957143,2658.3667,0.08803737,943.90607,0.35161725,-38.266407,-1.242468,-12.956562,-0.33007178,19.551779,0.37324923,0.060743082,0.32275468,-0.023553452,-0.39717624,0.08636661,0.41751337,23.275818,0.27797955,2.8870285,2.8981004,-3.3309891,-2.862713,-30.459337,-0.41278738,-5.8227835,11.225235,0.030069638,-0.005108319,0.061379936,2.6785715,1.869159,0.475,0.16499999,0.035,0.015,-32.28975,4.0
./experiment/wav/T009/T009_021/T009_021a_IC01_cut038.wav,35.854416,0.046988778,35.007477,35.987778,37.252823,2.245346,79.046394,92.180305,-14.836833,21.712402,0.41735533,0.3495714,0.269826,0.42064965,0.54778683,0.27796084,2.1409209,0.6173244,0.65915745,0.7103405,0.110288315,0.82920235,23.755608,0.38335773,-2.060218,-2.5187216,-12.784981,-0.49527597,-26.882303,-0.523749,0.012565608,1.3114252,0.7372151,0.7047884,8.633635,0.40746757,-2.6575763,-3.6337507,28.12879,0.23033307,739.39404,0.26202294,1436.7838,0.1806861,-55.19242,-1.4826305,1723.0419,0.13916864,1145.9865,0.20485225,-60.726162,-1.218966,2841.2153,0.086421534,910.3966,0.19659412,-68.7583,-1.0118606,-13.536908,-0.36214244,26.53734,0.2685126,0.067630544,0.31231892,-0.020512618,-0.6485735,0.11651517,0.7485112,27.091442,0.24441579,-2.5166352,-1.5431243,-13.218734,-0.46238875,-31.79266,-0.3311231,-5.552739,14.274901,0.041086722,-0.0021676337,0.08586588,4.477612,3.90625,0.182,0.13196969,0.086666666,0.03399346,-29.932402,3.4615384615384617
./experiment/wav/T009/T009_021/T009_021a_IC01_cut043.wav,29.447273,0.063452125,27.853642,29.1465,30.507326,2.6536846,53.40334,45.862522,21.449318,8.624696,0.32152224,0.29180315,0.24230039,0.29990423,0.38917655,0.14687616,2.764838,1.4588134,3.1602626,1.4517096,0.094049744,0.6365296,23.031813,0.3610266,-2.983236,-2.3679652,-12.662912,-0.90323704,-8.78583,-1.0743347,0.02219564,0.8000046,1.3858162,0.47770792,3.680099,0.58930576,1.4081479,6.8508997,18.894447,0.26171467,563.41797,0.31836048,1429.2539,0.0782941,-118.053925,-0.7599588,1486.0693,0.12829387,1154.8026,0.20675987,-120.34294,-0.72723264,2650.6658,0.092890464,928.5003,0.27769777,-125.488,-0.651065,-10.147824,-0.26682332,25.663054,0.24372631,0.032788098,0.62303674,-0.015553617,-0.49920925,0.13107212,0.5296521,28.623323,0.20215051,-1.7681911,-2.5136611,-15.839419,-0.8786985,-16.049002,-0.57269377,-4.7510166,15.702319,0.025809918,0.00103041,0.07235554,6.451613,4.2016807,0.089999996,0.044271886,0.1525,0.0855497,-36.644238,3.8461538461538463
./experiment/wav/T009/T009_021/T009_021a_IC01_cut047.wav,36.840004,0.10424077,32.287575,38.87283,40.426067,8.138493,18.67198,9.737307,10.065711,20.872213,0.51059717,0.5011446,0.26896197,0.4284802,0.7370803,0.4681183,6.772934,3.0855086,6.5897217,4.4424543,0.1623842,0.97968215,25.843325,0.2801144,-6.48364,-1.8366282,-12.338624,-1.2307997,-23.831636,-0.48896652,0.019266922,1.1885349,1.0817012,0.6916977,7.8410916,0.50270134,4.5819664,1.6031786,27.572098,0.33121303,779.99133,0.2560995,1469.5785,0.13479382,-31.867558,-2.1395962,1766.1576,0.1242622,1266.1196,0.2882092,-37.38839,-1.5962664,2776.2456,0.07776941,1169.2194,0.3260273,-44.97845,-1.2729789,-10.274807,-0.3967633,20.644163,0.30653152,0.0601679,0.28583091,-0.018835587,-0.6031363,0.18335961,0.90388703,26.181776,0.2940932,-6.1032734,-2.0600395,-12.031473,-1.3678163,-25.820864,-0.448997,-6.1236606,14.95762,0.0319785,-0.0051630493,0.06344127,4.929578,2.2058823,0.38333333,0.10143415,0.074999996,0.035,-28.8076,5.230769230769231
./experiment/wav/T009/T009_021/T009_021a_IC01_cut071.wav,33.527924,0.094559215,31.288816,32.504684,35.32892,4.040102,52.173355,23.083427,-0.4934362,29.40127,0.42099983,0.44600546,0.23704603,0.38031763,0.59812605,0.36108002,3.5559058,1.7041693,3.7382755,1.7068658,0.14588153,1.0282285,23.399828,0.4585173,-4.2344074,-2.474914,-15.778284,-0.76540965,-8.369398,-1.298943,0.045304734,1.5232315,1.1140754,0.7626407,5.688113,0.578756,-5.180293,-1.3473344,20.468357,0.26428425,737.9551,0.27317742,1500.2028,0.12886737,-79.91435,-1.1397206,1648.6227,0.13700289,1260.2616,0.23390394,-82.011505,-1.044893,2726.483,0.102375396,1015.2318,0.26395795,-89.40429,-0.89481044,-10.666211,-0.45465934,25.430283,0.28074676,0.049795717,0.35914755,-0.017720368,-0.6592573,0.18666457,0.91306156,27.716413,0.3568735,-3.8200626,-2.8621614,-18.050852,-0.6986911,-12.66913,-0.8692753,-4.0821424,12.948941,0.025207078,-0.0014722883,0.08693237,5.7471266,3.550296,0.16666666,0.16669999,0.11,0.08,-31.366276,5.0
./experiment/wav/T009/T009_021/T009_021a_IC01_cut089.wav,35.258213,0.11514725,31.032879,34.33643,39.620426,8.587547,28.549358,1.2012119,19.886887,31.213991,0.44932327,0.53107923,0.251795,0.39579168,0.6178902,0.3660952,6.5908136,4.7477665,2.8181472,2.359747,0.19482812,0.7845365,30.791529,0.32349604,-13.598093,-0.79152226,-21.307499,-0.42241308,-17.767036,-0.71137464,0.01745371,1.0710169,1.2226806,0.79912776,6.549543,0.55311674,-3.182229,-2.7294776,27.245548,0.29478317,800.00287,0.31370664,1372.501,0.13213709,-76.34661,-1.2233942,1834.1246,0.16083013,1215.1143,0.19580442,-73.7871,-1.1161551,2932.3384,0.11172872,1120.8595,0.2656047,-80.87856,-0.96109873,-11.316458,-0.4013137,27.691996,0.26700735,0.060089104,0.25767222,-0.028297473,-0.40235803,0.24255648,0.57659924,35.49543,0.18088476,-17.572912,-0.6389492,-24.835756,-0.3536117,-24.05122,-0.4693194,-6.0113754,18.330503,0.040822737,-0.006235128,0.12502971,3.846154,5.1020412,0.12,0.055136193,0.067499995,0.040233694,-28.407984,2.769230769230769
