,Unnamed: 0_x,話者,I(明瞭さ),F(親密さ),C(社会階層),SessionID,Unnamed: 0_y,Number,会話概要,形式,場所,活動,話者間の関係性,収録年
0,2,C001_002_1,1.3188958073132708,-0.4393318340104469,-0.2400065560634484,C001_002,1,2,友人宅で友人と雑談,雑談,室内_友人知人宅,休息,友人知人,2016年
1,3,C001_002_2,2.4158466526363687,-1.7469686346483,1.3846281042982187,C001_002,1,2,友人宅で友人と雑談,雑談,室内_友人知人宅,休息,友人知人,2016年
2,4,C001_003_1,2.2946278797959594,-1.47133709161001,1.00880283821909,C001_003,2,2,自宅で友人に仕事について相談,用談・相談,自宅,休息,友人知人,2016年
3,5,C001_003_2,2.33438354601367,-1.2598467708761825,0.9324962659387392,C001_003,2,2,自宅で友人に仕事について相談,用談・相談,自宅,休息,友人知人,2016年
4,6,C001_004_1,1.7022496483077394,-1.0811416897571966,0.4366870470479921,C001_004,3,2,飲食店で同僚と飲みながら,雑談,公共商業施設_飲食店,食事・付き合い,同僚,2016年
5,7,C001_004_2,2.178890444148383,-1.3756947868573224,0.9504106234060954,C001_004,3,2,飲食店で同僚と飲みながら,雑談,公共商業施設_飲食店,食事・付き合い,同僚,2016年
6,8,C001_005_1,1.821100177447976,-0.8608883843042642,0.4218375594578161,C001_005,4,2,実家近くで母と散歩しながら,雑談,屋外,移動,家族,2016年
7,9,C001_005_2,2.015882603400303,-1.081252707439058,0.9275330788552436,C001_005,4,2,実家近くで母と散歩しながら,雑談,屋外,移動,家族,2016年
8,10,C001_006_1,1.9453387095067256,-0.9826657691013126,0.7045190336285427,C001_006,5,2,実家近くで母と散歩しながら,雑談,屋外,移動,家族,2016年
9,11,C001_006_2,2.0059409442805345,-1.0873075568927444,0.8700470599572763,C001_006,5,2,実家近くで母と散歩しながら,雑談,屋外,移動,家族,2016年
10,14,C001_012_1,2.139247417250117,-1.1912518413945492,0.8730699172245234,C001_012,7,2,同僚宅で同僚と夕食を取りながら,雑談,室内_友人知人宅,食事・付き合い,同僚,2016年
11,15,C001_012_2,2.2114800350582704,-1.4966303111243016,1.0525289299180858,C001_012,7,2,同僚宅で同僚と夕食を取りながら,雑談,室内_友人知人宅,食事・付き合い,同僚,2016年
12,16,C001_013_1,2.26249955557854,-1.317396409998322,0.978473258766743,C001_013,8,2,同僚宅で同僚と飲みながら,雑談,室内_友人知人宅,付き合い,同僚,2016年
13,17,C001_013_2,2.0509508463385093,-1.2983748560661572,0.7376913059059004,C001_013,8,2,同僚宅で同僚と飲みながら,雑談,室内_友人知人宅,付き合い,同僚,2016年
14,18,C002_003_1,2.092557281735488,-1.28456956895493,0.9624867691924536,C002_003,9,2,自宅で配偶者とテレビを見ながら朝食,雑談,自宅,食事,家族,2017年
15,19,C002_003_2,1.93052658464944,-1.0019109338650718,0.8881974430615527,C002_003,9,2,自宅で配偶者とテレビを見ながら朝食,雑談,自宅,食事,家族,2017年
16,20,C002_004_1,2.3171317943288177,-1.4700243129289383,1.1663887216071396,C002_004,10,2,自宅で息子とお茶をしながら,雑談,自宅,休息,家族,2017年
17,21,C002_004_2,1.921942569937876,-0.9993288760573366,0.6581849672703192,C002_004,10,2,自宅で息子とお茶をしながら,雑談,自宅,休息,家族,2017年
18,22,C002_005_1,1.9140440757908437,-0.7212051665243379,0.4338771541245745,C002_005,11,2,配偶者と車で移動中,雑談,交通機関_車,移動,家族,2017年
19,23,C002_005_2,2.2313876759380653,-1.480941510896718,1.0796347190062965,C002_005,11,2,配偶者と車で移動中,雑談,交通機関_車,移動,家族,2017年
20,32,C002_008_1,2.103382378575902,-1.1825151795821751,0.8637806246855281,C002_008,14,2,買い物のため息子と車で移動中,雑談,交通機関_車,移動,家族,2017年
21,33,C002_008_2,1.6157773597691347,-0.5361602376642064,0.2490492522339654,C002_008,14,2,買い物のため息子と車で移動中,雑談,交通機関_車,移動,家族,2017年
22,34,C002_013_1,2.100626914339898,-0.9260864838420356,0.9055288232166951,C002_013,15,2,福祉施設の部屋で母と雑談,雑談,公共商業施設_医療福祉施設,休息,家族,2017年
24,35,C002_013_2,1.8107754685790889,-0.7755377664276596,0.4016283005537208,C002_013,15,2,福祉施設の部屋で母と雑談,雑談,公共商業施設_医療福祉施設,休息,家族,2017年
26,36,C002_013_1,2.0238428889717817,-0.8936575391893518,0.8813757274319881,C002_013,15,2,福祉施設の部屋で母と雑談,雑談,公共商業施設_医療福祉施設,休息,家族,2017年
28,37,C002_013_2,1.7837840984503617,-0.6950457951706912,0.4663574434447,C002_013,15,2,福祉施設の部屋で母と雑談,雑談,公共商業施設_医療福祉施設,休息,家族,2017年
30,44,C002_016_1,2.3024987035840065,-1.4921295205560137,1.0914594297114155,C002_016,19,2,飲食店で姉と昼食を取りながら,雑談,公共商業施設_飲食店,食事,家族,2017年
31,45,C002_016_2,1.716432637896787,-1.104676640761409,0.4215425645951066,C002_016,19,2,飲食店で姉と昼食を取りながら,雑談,公共商業施設_飲食店,食事,家族,2017年
32,50,K001_004_1,2.3939900062546826,-1.3557218358069991,0.990956036862562,K001_004,21,2,飲食店で友人と雑談,雑談,公共商業施設_飲食店,付き合い,友人知人,2016年
33,51,K001_004_2,2.0040946104574315,-1.1489445813260766,0.6996639648455527,K001_004,21,2,飲食店で友人と雑談,雑談,公共商業施設_飲食店,付き合い,友人知人,2016年
34,52,K001_008_1,2.2895595836929887,-1.3243893777374425,0.9329680347198824,K001_008,22,2,飲食店で姉とお茶をしながら,雑談,公共商業施設_飲食店,食事・付き合い,家族,2016年
35,53,K001_008_2,2.161418680531607,-1.478631501161236,1.0751090777410743,K001_008,22,2,飲食店で姉とお茶をしながら,雑談,公共商業施設_飲食店,食事・付き合い,家族,2016年
36,54,K001_009_1,2.29034562481329,-0.9134739338936728,0.5593345608257044,K001_009,23,2,友人と散歩しながら,雑談,屋外,移動・レジャー活動,友人知人,2016年
37,55,K001_009_2,2.0417434730883373,-1.0787705003113974,0.6206833546500998,K001_009,23,2,友人と散歩しながら,雑談,屋外,移動・レジャー活動,友人知人,2016年
38,56,K001_010_1,1.9460791646188145,-1.2092401327923274,0.7470075860007684,K001_010,24,2,飲食店で友人と夕食を取りながら,雑談,公共商業施設_飲食店,食事・付き合い,友人知人,2016年
39,57,K001_010_2,2.3629090641373307,-1.827369099693151,1.3063461176836098,K001_010,24,2,飲食店で友人と夕食を取りながら,雑談,公共商業施設_飲食店,食事・付き合い,友人知人,2016年
40,58,K001_011_1,2.019986517619693,-0.8445991797716346,0.6754932579446719,K001_011,25,2,自宅で友人と電話で旅行の相談,用談・相談,自宅,その他,友人知人,2016年
41,59,K001_011_2,2.086490998547246,-0.9748506055667407,0.6867673706322858,K001_011,25,2,自宅で友人と電話で旅行の相談,用談・相談,自宅,その他,友人知人,2016年
42,62,K001_014_1,2.0126563730607905,-0.768403377704232,0.6199899952416389,K001_014,27,2,飲食店で友人と旅行の相談,用談・相談,公共商業施設_飲食店,食事・その他,友人知人,2016年
43,63,K001_014_2,2.304014015561396,-1.5294180454933728,1.3253004888638864,K001_014,27,2,飲食店で友人と旅行の相談,用談・相談,公共商業施設_飲食店,食事・その他,友人知人,2016年
44,66,K001_017_1,2.3431280477502154,-1.4513666729394057,1.0807628563124942,K001_017,29,2,飲食店で後輩と夕食を取りながら,雑談,公共商業施設_飲食店,食事・付き合い,友人知人,2016年
45,67,K001_017_2,2.510260984529071,-2.3356737061021597,1.3540839057775218,K001_017,29,2,飲食店で後輩と夕食を取りながら,雑談,公共商業施設_飲食店,食事・付き合い,友人知人,2016年
46,68,K001_019_1,2.5676784677508784,-1.7478683581158367,1.3947217478588465,K001_019,30,2,自宅で妹と電話で雑談,雑談,自宅,休息,家族,2016年
47,69,K001_019_2,1.6675524767848078,-1.1195409720591687,0.402058176194158,K001_019,30,2,自宅で妹と電話で雑談,雑談,自宅,休息,家族,2016年
48,70,K002_003_1,2.455454656182756,-2.035503276399184,1.3861689767906835,K002_003,31,2,自営店舗で知人からマッサージを受けながら,雑談,職場,仕事・身の周りの用事,友人知人,2016年
50,71,K002_003_2,2.758792199891132,-2.6653937542430413,1.6824092430346824,K002_003,31,2,自営店舗で知人からマッサージを受けながら,雑談,職場,仕事・身の周りの用事,友人知人,2016年
52,72,K002_003_1,2.6071303153712706,-2.455181531258491,1.630948764416882,K002_003,31,2,自営店舗で知人からマッサージを受けながら,雑談,職場,仕事・身の周りの用事,友人知人,2016年
54,73,K002_003_2,2.551191775980928,-2.368697810403214,1.6412224201726735,K002_003,31,2,自営店舗で知人からマッサージを受けながら,雑談,職場,仕事・身の周りの用事,友人知人,2016年
56,74,K002_004_1,2.5693167679888678,-2.415843969630726,1.748129293786309,K002_004,33,2,自営店舗で仕事関係者と仕事の打合せ,用談・相談,職場,仕事,仕事関係,2016年
57,75,K002_004_2,2.1312864608890028,-2.2301662376329747,1.2609592132086334,K002_004,33,2,自営店舗で仕事関係者と仕事の打合せ,用談・相談,職場,仕事,仕事関係,2016年
58,76,K002_007_1,2.227131914581144,-1.5751675271888386,1.2049976607865265,K002_007,34,2,自宅で娘とスケジュールを確認しながら,用談・相談,自宅,家事雑事,家族,2016年
59,77,K002_007_2,2.294384388674593,-1.736073892768974,1.1894755766119225,K002_007,34,2,自宅で娘とスケジュールを確認しながら,用談・相談,自宅,家事雑事,家族,2016年
60,78,K002_010_1,2.6993870515001896,-2.2273895505871995,1.5853354859079831,K002_010,35,2,飲食店で友人と仕事の打合せ,用談・相談,公共商業施設_飲食店,食事・仕事,友人知人,2016年
61,79,K002_010_2,2.4690532834862733,-1.83793580747725,1.4162348758844558,K002_010,35,2,飲食店で友人と仕事の打合せ,用談・相談,公共商業施設_飲食店,食事・仕事,友人知人,2016年
62,80,K002_012_1,2.2789570348959747,-1.6307664584334454,1.1829921503555123,K002_012,36,2,自営店舗で友人と雑談,雑談,職場,付き合い,友人知人,2016年
63,81,K002_012_2,2.1705368718952003,-1.747613221363291,1.0364941808082777,K002_012,36,2,自営店舗で友人と雑談,雑談,職場,付き合い,友人知人,2016年
64,86,K002_016_1,2.2178376600853187,-1.541689880128678,1.0585939258605628,K002_016,39,2,宿泊施設のロビーで友人と雑談,雑談,公共商業施設_宿泊施設,休息,友人知人,2016年
65,87,K002_016_2,2.394287648183192,-1.917308387047706,1.2534655729270874,K002_016,39,2,宿泊施設のロビーで友人と雑談,雑談,公共商業施設_宿泊施設,休息,友人知人,2016年
66,92,K003_002_1,2.194500004651552,-1.2892701162188167,1.0051848135139654,K003_002,42,2,大学で友人と卒業論文の実験の準備,用談・相談,学校,学業,友人知人,2016年
70,93,K003_002_2,0.999238230663755,0.1812845303867401,-0.783472908889113,K003_002,42,2,大学で友人と卒業論文の実験の準備,用談・相談,学校,学業,友人知人,2016年
74,94,K003_002_1,1.919260077947764,-1.5549741165878912,0.991744602239926,K003_002,42,2,大学で友人と卒業論文の実験の準備,用談・相談,学校,学業,友人知人,2016年
78,95,K003_002_2,,,,K003_002,42,2,大学で友人と卒業論文の実験の準備,用談・相談,学校,学業,友人知人,2016年
82,96,K003_002_1,2.2827078218169063,-1.4332692045764095,1.1130642101485193,K003_002,42,2,大学で友人と卒業論文の実験の準備,用談・相談,学校,学業,友人知人,2016年
86,97,K003_002_2,1.5537615203257842,-0.4277694259137458,0.1903755757086557,K003_002,42,2,大学で友人と卒業論文の実験の準備,用談・相談,学校,学業,友人知人,2016年
90,98,K003_002_1,2.110680184164569,-1.1870299068767909,0.8922255890733115,K003_002,42,2,大学で友人と卒業論文の実験の準備,用談・相談,学校,学業,友人知人,2016年
94,99,K003_002_2,1.2763654256191574,-0.2342623993217465,0.0932580610140049,K003_002,42,2,大学で友人と卒業論文の実験の準備,用談・相談,学校,学業,友人知人,2016年
98,100,K003_003_1,2.062213496244226,-1.1885203013813312,0.9301885801334242,K003_003,46,2,母の店舗で母と店番をしながら,雑談,職場,休息,家族,2016年
99,101,K003_003_2,2.0756295688552826,-1.1771667451719263,0.8885631581279259,K003_003,46,2,母の店舗で母と店番をしながら,雑談,職場,休息,家族,2016年
100,102,K003_005_1,2.138684732973888,-1.401144306224925,1.0329010233161169,K003_005,47,2,花火大会の会場で友人と雑談,用談・相談,屋外,レジャー活動,友人知人,2016年
101,103,K003_005_2,2.2156930986152594,-1.382056863011835,1.1003891668652206,K003_005,47,2,花火大会の会場で友人と雑談,用談・相談,屋外,レジャー活動,友人知人,2016年
102,104,K003_006_1,2.1499390417174653,-1.1689765847253628,0.7236911977440441,K003_006,48,2,大学で友人と実験計画について相談,用談・相談,学校,食事・学業,友人知人,2016年
103,105,K003_006_2,2.208767451915701,-1.398480099410216,0.9872178494763548,K003_006,48,2,大学で友人と実験計画について相談,用談・相談,学校,食事・学業,友人知人,2016年
104,106,K003_008_1,1.8765620184816243,-0.8224719879465912,0.449427820338189,K003_008,49,2,飲食店で友人とお茶をしながら,雑談,公共商業施設_飲食店,付き合い,友人知人,2016年
105,107,K003_008_2,1.927070471821219,-1.088638378277503,0.6736267848580887,K003_008,49,2,飲食店で友人とお茶をしながら,雑談,公共商業施設_飲食店,付き合い,友人知人,2016年
106,108,K003_012_1,1.9308830994224253,-1.1162755879790942,0.5816603215469308,K003_012,50,2,飲食店で友人と夕食を取りながら,雑談,公共商業施設_飲食店,食事・付き合い,友人知人,2016年
108,109,K003_012_2,1.868668828849424,-0.8821770673921666,0.636034340150024,K003_012,50,2,飲食店で友人と夕食を取りながら,雑談,公共商業施設_飲食店,食事・付き合い,友人知人,2016年
110,110,K003_012_1,2.156669801890413,-1.3012807566730624,0.9205385672492432,K003_012,50,2,飲食店で友人と夕食を取りながら,雑談,公共商業施設_飲食店,食事・付き合い,友人知人,2016年
112,111,K003_012_2,1.862983987200956,-1.1593742440876027,0.7163228013909992,K003_012,50,2,飲食店で友人と夕食を取りながら,雑談,公共商業施設_飲食店,食事・付き合い,友人知人,2016年
114,118,K003_017_1,1.994777336606422,-1.068143995795743,0.6756264336907728,K003_017,54,2,大学で友人と卒業論文の実験の準備,用談・相談,学校,学業,友人知人,2016年
115,119,K003_017_2,2.0339922014585743,-1.1664582682088152,0.8930791499293098,K003_017,54,2,大学で友人と卒業論文の実験の準備,用談・相談,学校,学業,友人知人,2016年
116,120,K004_001_1,2.0255953282563786,-1.2847152525798402,1.0701400029637076,K004_001,55,2,自宅で母にお礼の電話,雑談,自宅,付き合い,家族,2017年
117,121,K004_001_2,1.4714844474343551,-0.1513386558381224,0.0372119885183302,K004_001,55,2,自宅で母にお礼の電話,雑談,自宅,付き合い,家族,2017年
118,122,K004_005_1,1.853892626942272,-1.390178143473398,0.8539357543025268,K004_005,56,2,グラウンドで息子のサッカーの応援をしながら,雑談,屋外,レジャー活動,友人知人,2017年
119,123,K004_005_2,2.166040035071555,-1.7144183168316836,0.8063243451692322,K004_005,56,2,グラウンドで息子のサッカーの応援をしながら,雑談,屋外,レジャー活動,友人知人,2017年
120,124,K004_007_1,2.052210165203599,-1.2146794812474384,0.9480342378244548,K004_007,57,2,自宅で息子と椅子の座面の貼り替え,用談・相談,自宅,家事雑事,家族,2017年
121,125,K004_007_2,2.04700453021691,-1.4526063298882768,1.0380167888332483,K004_007,57,2,自宅で息子と椅子の座面の貼り替え,用談・相談,自宅,家事雑事,家族,2017年
122,130,K004_011_1,1.9683809214196264,-1.0341391665929405,0.7655138799654384,K004_011,60,2,自宅で息子とお菓子作り,用談・相談,自宅,家事雑事,家族,2017年
123,131,K004_011_2,1.953802608476079,-1.0394739922281002,0.9421846944643296,K004_011,60,2,自宅で息子とお菓子作り,用談・相談,自宅,家事雑事,家族,2017年
124,146,K005_002_1,2.035417639122456,-1.072235812756415,0.956389517128582,K005_002,68,2,自宅で友人と料理をしながら,雑談,自宅,家事雑事,友人知人,2017年
125,147,K005_002_2,1.9325875982036,-0.8909170079555622,0.7427533659875535,K005_002,68,2,自宅で友人と料理をしながら,雑談,自宅,家事雑事,友人知人,2017年
126,150,K005_005_1,1.8484539238697828,-1.3419321407651064,0.6870541880845087,K005_005,70,2,イベントスペースで友人にほうとう作りの相談,用談・相談,職場,その他,友人知人,2017年
127,151,K005_005_2,2.743983938317105,-2.106954027298635,1.5817438948617044,K005_005,70,2,イベントスペースで友人にほうとう作りの相談,用談・相談,職場,その他,友人知人,2017年
128,152,K005_006_1,2.1209804574379207,-1.299038630047818,1.2463815417833066,K005_006,71,2,福祉施設の部屋で祖母と昼食を取りながら,雑談,公共商業施設_医療福祉施設,食事,家族,2017年
129,153,K005_006_2,1.7055908613741804,-1.1777800206342794,0.7028583665832602,K005_006,71,2,福祉施設の部屋で祖母と昼食を取りながら,雑談,公共商業施設_医療福祉施設,食事,家族,2017年
130,156,K005_016_1,2.082101818234946,-1.1668703445065176,0.967114769890966,K005_016,73,2,自宅で友人と昼食について相談,用談・相談,自宅,その他,友人知人,2017年
131,157,K005_016_2,1.8514840359034148,-1.0494343197904477,0.6557864333585707,K005_016,73,2,自宅で友人と昼食について相談,用談・相談,自宅,その他,友人知人,2017年
136,160,K005_019_1,2.2218966729047938,-1.404231832277201,1.1088291519344955,K005_019,74,2,実家でおじと電話で雑談,雑談,室内_実家,付き合い,親戚,2017年
138,161,K005_019_2,2.18692935092392,-1.5234568155595845,1.2482974891846574,K005_019,74,2,実家でおじと電話で雑談,雑談,室内_実家,付き合い,親戚,2017年
140,162,K005_020_1,2.1092356169652504,-1.354753850087524,1.0593627107952808,K005_020,76,2,実家で父とワークショップの準備をしながら,用談・相談,室内_実家,仕事・その他,家族,2017年
141,163,K005_020_2,1.7585083234181216,-0.77423512868587,0.7015585194065632,K005_020,76,2,実家で父とワークショップの準備をしながら,用談・相談,室内_実家,仕事・その他,家族,2017年
142,168,K005_024_1,2.078042216802624,-0.6723861449647207,0.5262019630677092,K005_024,78,2,移動中に母に電話で買い物の相談,用談・相談,屋外,家事雑事,家族,2017年
144,170,K005_027_1,2.16480567097152,-1.4419655722804767,1.0538035968947512,K005_027,79,2,友人宅でパタンナーの友人にヘアバンド製作の相談,用談・相談,室内_友人知人宅,その他,仕事関係,2017年
145,171,K005_027_2,2.1958234779760173,-1.252688836691804,0.9783044798902588,K005_027,79,2,友人宅でパタンナーの友人にヘアバンド製作の相談,用談・相談,室内_友人知人宅,その他,仕事関係,2017年
146,172,K005_028_1,1.693313470789726,-0.8668893670026043,0.3339872254127098,K005_028,80,2,味噌工房で友人と味噌作りをしながら,雑談,職場_相手の職場,付き合い・仕事,友人知人,2017年
147,173,K005_028_2,2.37696808110155,-1.515191808174156,1.270465027752941,K005_028,80,2,味噌工房で友人と味噌作りをしながら,雑談,職場_相手の職場,付き合い・仕事,友人知人,2017年
148,174,K005_031_1,2.3732370141038865,-1.6315281976441156,1.0284531406571378,K005_031,81,2,福祉作業所で友人と雑談,雑談,職場_相手の職場,付き合い,友人知人,2017年
149,175,K005_031_2,2.301554702101004,-1.2306989771066734,1.078734996517963,K005_031,81,2,福祉作業所で友人と雑談,雑談,職場_相手の職場,付き合い,友人知人,2017年
150,176,K005_033_1,1.3050398483706696,-0.5236861083566214,-0.1988069760029143,K005_033,82,2,自宅で友人と電話で品物受け渡しの相談,用談・相談,自宅,仕事,友人知人,2017年
151,177,K005_033_2,2.1856459400253496,-1.718921442745418,1.3579364963183087,K005_033,82,2,自宅で友人と電話で品物受け渡しの相談,用談・相談,自宅,仕事,友人知人,2017年
152,178,K006_002_1,2.118567921819277,-1.6123038066029225,0.9108737685296012,K006_002,83,2,自宅で配偶者と朝食を取りながら,雑談,自宅,食事,家族,2017年
154,179,K006_002_2,2.261719717960848,-1.4872587387707907,1.161268586316877,K006_002,83,2,自宅で配偶者と朝食を取りながら,雑談,自宅,食事,家族,2017年
156,180,K006_002_1,1.9791298889804243,-1.2986729057993247,0.9445788775271252,K006_002,83,2,自宅で配偶者と朝食を取りながら,雑談,自宅,食事,家族,2017年
158,181,K006_002_2,1.9920398906611396,-0.9453826169107226,0.717192268565615,K006_002,83,2,自宅で配偶者と朝食を取りながら,雑談,自宅,食事,家族,2017年
160,182,K006_003_1,2.1078731786629974,-1.0645063963311607,0.8915147004093781,K006_003,85,2,自宅で配偶者と夕食を取りながら,雑談,自宅,食事,家族,2017年
162,183,K006_003_2,2.212944090809319,-1.2964708056171466,1.0732309037536691,K006_003,85,2,自宅で配偶者と夕食を取りながら,雑談,自宅,食事,家族,2017年
164,184,K006_003_1,2.009041892143144,-1.061816448059783,0.7889505678153277,K006_003,85,2,自宅で配偶者と夕食を取りながら,雑談,自宅,食事,家族,2017年
166,185,K006_003_2,2.050535003551657,-1.140413567523972,0.8555988381256893,K006_003,85,2,自宅で配偶者と夕食を取りながら,雑談,自宅,食事,家族,2017年
168,186,K006_006_1,2.153465004263557,-1.5974938597289188,1.1391709939800554,K006_006,87,2,配偶者と車で移動中,雑談,交通機関_車,移動,家族,2017年
169,187,K006_006_2,1.882094279009364,-1.2009579060982192,0.7562582345191037,K006_006,87,2,配偶者と車で移動中,雑談,交通機関_車,移動,家族,2017年
170,188,K006_009_1,2.5550195735743038,-2.690114633345324,1.7674857630756458,K006_009,88,2,自宅スクールで仕事関係者とお茶をしながら,雑談,職場,食事・付き合い,仕事関係,2017年
171,189,K006_009_2,1.6641608939646322,-1.408612621882503,0.5466521723108669,K006_009,88,2,自宅スクールで仕事関係者とお茶をしながら,雑談,職場,食事・付き合い,仕事関係,2017年
172,190,K006_011_1,2.1405909310493403,-1.3246773441144457,1.0408878809207265,K006_011,89,2,レンタルスペースで娘と仕事の相談,用談・相談,職場,仕事,家族,2017年
173,191,K006_011_2,1.931721759852684,-1.3663081540770383,0.8728612081697344,K006_011,89,2,レンタルスペースで娘と仕事の相談,用談・相談,職場,仕事,家族,2017年
174,192,K006_013_1,1.8250661311810936,-0.841117390972275,0.6618581718731938,K006_013,90,2,海岸で配偶者と犬の散歩をしながら,雑談,屋外,家事雑事・移動,家族,2017年
175,193,K006_013_2,1.3167659537051284,-0.0800920298662967,-0.1781815790627329,K006_013,90,2,海岸で配偶者と犬の散歩をしながら,雑談,屋外,家事雑事・移動,家族,2017年
176,194,K006_016_1,1.8835223966910093,-1.048389707641851,0.7411198285645808,K006_016,91,2,自宅で友人と電話で出産祝いについて相談,用談・相談,自宅,付き合い,友人知人,2017年
177,195,K006_016_2,1.893548556197604,-1.0283780956825384,0.9332062453148048,K006_016,91,2,自宅で友人と電話で出産祝いについて相談,用談・相談,自宅,付き合い,友人知人,2017年
178,198,K006_018_1,2.3147975240725187,-1.8130063459629029,1.0809593473670556,K006_018,93,2,自宅スクールで仕事関係者とお茶をしながら,雑談,職場,付き合い,仕事関係,2017年
179,199,K006_018_2,2.43823481092375,-2.171461348393929,1.2808034624161129,K006_018,93,2,自宅スクールで仕事関係者とお茶をしながら,雑談,職場,付き合い,仕事関係,2017年
180,200,K006_020_1,2.230501123305668,-1.800486268309918,1.091538189384808,K006_020,94,2,自宅スクールで生徒である友人と講座について相談,用談・相談,職場,仕事,先生生徒,2017年
181,201,K006_020_2,2.271756807472583,-1.940288684126912,1.2115587181061072,K006_020,94,2,自宅スクールで生徒である友人と講座について相談,用談・相談,職場,仕事,先生生徒,2017年
182,204,K006_023_1,2.277558859658828,-1.6036134272896183,1.0285659998525332,K006_023,96,2,自宅で友人とお茶をしながら,雑談,自宅,付き合い,友人知人,2017年
183,205,K006_023_2,1.936976139834317,-1.7077599078191437,0.8049605319849442,K006_023,96,2,自宅で友人とお茶をしながら,雑談,自宅,付き合い,友人知人,2017年
184,206,K007_001_1,2.0527976751313983,-1.3800974377481052,0.8869556346489532,K007_001,97,2,飲食店で友人にグッズ制作の相談,用談・相談,公共商業施設_飲食店,食事・付き合い,友人知人,2017年
185,207,K007_001_2,1.7042051976427506,-0.9393796132495577,0.4357360031940052,K007_001,97,2,飲食店で友人にグッズ制作の相談,用談・相談,公共商業施設_飲食店,食事・付き合い,友人知人,2017年
186,208,K007_003_1,2.1754051477597707,-1.4213567678319885,0.922092160846151,K007_003,98,2,自宅でテレビ電話を通して恋人と雑談,雑談,自宅,休息,友人知人,2017年
187,209,K007_003_2,1.600066940993483,-0.7014716187806583,0.3553473940536504,K007_003,98,2,自宅でテレビ電話を通して恋人と雑談,雑談,自宅,休息,友人知人,2017年
188,210,K007_005_1,2.607095870190714,-2.373012160898035,1.7634637157932962,K007_005,99,2,大学で新人の同僚に業務の説明,用談・相談,職場,仕事,同僚,2017年
189,211,K007_005_2,1.421904223391762,-0.9594858306465298,0.3020067468212089,K007_005,99,2,大学で新人の同僚に業務の説明,用談・相談,職場,仕事,同僚,2017年
190,212,K007_006_1,2.178849002152968,-1.278257052911975,0.7244978818079297,K007_006,100,2,自宅で恋人と洗濯物をたたみながら,雑談,自宅,家事雑事,友人知人,2017年
191,213,K007_006_2,1.662403115574052,-0.6520245032123115,0.013562799179394,K007_006,100,2,自宅で恋人と洗濯物をたたみながら,雑談,自宅,家事雑事,友人知人,2017年
192,214,K007_007_1,2.443723075835793,-1.8608659963061769,1.3596984156546423,K007_007,101,2,大学で新人の同僚と授業企画の打合せ,会議・会合,職場,仕事,同僚,2017年
193,215,K007_007_2,2.3023829021626443,-1.766971731221224,1.2491069340623009,K007_007,101,2,大学で新人の同僚と授業企画の打合せ,会議・会合,職場,仕事,同僚,2017年
194,216,K007_008_1,2.0682592324123905,-1.2271013344240504,0.8280627091051262,K007_008,102,2,自宅で友人と共同プロジェクトの相談,用談・相談,自宅,仕事,仕事関係,2017年
195,217,K007_008_2,2.344112559937773,-1.814116591105637,1.4078248945286107,K007_008,102,2,自宅で友人と共同プロジェクトの相談,用談・相談,自宅,仕事,仕事関係,2017年
196,218,K007_013_1,1.9040565385768864,-1.1905994409359149,0.7351279581369914,K007_013,103,2,自宅で恋人と部屋を片付けながら,雑談,自宅,家事雑事,友人知人,2017年
197,219,K007_013_2,2.505191995113417,-1.883114477421479,1.4560079402824582,K007_013,103,2,自宅で恋人と部屋を片付けながら,雑談,自宅,家事雑事,友人知人,2017年
198,220,K007_014_1,1.9602263388978889,-0.8396414342629481,0.5237348438743501,K007_014,104,2,自宅で恋人と料理しながら,雑談,自宅,家事雑事,友人知人,2017年
199,221,K007_014_2,2.020870027582998,-1.2127021387584769,0.5737873072596119,K007_014,104,2,自宅で恋人と料理しながら,雑談,自宅,家事雑事,友人知人,2017年
200,222,K007_015_1,1.9569192427683293,-1.2417549263301997,0.7745530678362256,K007_015,105,2,自宅で恋人と料理および夕食,雑談,自宅,食事・家事雑事,友人知人,2017年
201,223,K007_015_2,1.8337936770990084,-0.9550711068373908,0.5296278438289067,K007_015,105,2,自宅で恋人と料理および夕食,雑談,自宅,食事・家事雑事,友人知人,2017年
202,224,K007_016_1,2.2900536705432644,-1.648364847020482,1.1523865221741516,K007_016,106,2,大学で同僚と雑談,雑談,職場,休息,同僚,2017年
203,225,K007_016_2,2.3079249848759837,-1.4943913532297626,1.0432654005294133,K007_016,106,2,大学で同僚と雑談,雑談,職場,休息,同僚,2017年
204,226,K007_017_1,1.6065224077546605,-0.7522688710886636,0.2384118428092982,K007_017,107,2,自宅で恋人とテーブルゲームをしながら,雑談,自宅,レジャー活動,友人知人,2017年
205,227,K007_017_2,1.8961246988195075,-0.833662784485522,0.4821961248018057,K007_017,107,2,自宅で恋人とテーブルゲームをしながら,雑談,自宅,レジャー活動,友人知人,2017年
206,232,K007_020_1,2.4951787767740083,-2.0210646577885685,1.434344563593922,K007_020,110,2,大学で学生から仕事の相談,用談・相談,職場,仕事・学業,先生生徒,2017年
207,233,K007_020_2,2.5317173112700275,-2.2340433844903576,1.3902228635059046,K007_020,110,2,大学で学生から仕事の相談,用談・相談,職場,仕事・学業,先生生徒,2017年
208,238,K008_002_1,1.4039851373974113,-0.0745054243777922,0.32625294452116,K008_002,112,2,福祉施設の部屋で義母と雑談,雑談,公共商業施設_医療福祉施設,休息,家族,2017年
209,239,K008_002_2,1.800012994607238,-0.6727397946406212,0.4780311815487694,K008_002,112,2,福祉施設の部屋で義母と雑談,雑談,公共商業施設_医療福祉施設,休息,家族,2017年
210,240,K008_003_1,1.7977164381142958,-0.7065217391304351,0.2796402289452167,K008_003,113,2,自宅で配偶者と夕食を取りながら,雑談,自宅,食事,家族,2017年
212,242,K008_004_1,1.917240182754034,-1.296161593554163,0.4968430719779586,K008_004,114,2,美容院で美容師と雑談,雑談,公共商業施設_商業施設,仕事・身の周りの用事,サービス場面関係,2017年
214,243,K008_004_2,2.5553601798737424,-2.4799557722839647,1.868100626041008,K008_004,114,2,美容院で美容師と雑談,雑談,公共商業施設_商業施設,仕事・身の周りの用事,サービス場面関係,2017年
216,244,K008_004_1,2.354090768862807,-2.2410714285714284,1.3948209076231193,K008_004,114,2,美容院で美容師と雑談,雑談,公共商業施設_商業施設,仕事・身の周りの用事,サービス場面関係,2017年
218,245,K008_004_2,2.6329479278086216,-2.4771572647511086,1.632825495735748,K008_004,114,2,美容院で美容師と雑談,雑談,公共商業施設_商業施設,仕事・身の周りの用事,サービス場面関係,2017年
220,246,K008_005_1,2.105198937722803,-1.2888181500650937,0.9431095744172336,K008_005,116,2,実家で母と料理,雑談,室内_実家,家事雑事,家族,2017年
221,247,K008_005_2,1.6785935645176542,-0.646295368166061,0.5506074148675014,K008_005,116,2,実家で母と料理,雑談,室内_実家,家事雑事,家族,2017年
222,248,K008_010_1,2.4476981928505475,-2.0846829895679515,1.2685400253825336,K008_010,117,2,飲食店で友人と昼食を取りながら,雑談,公共商業施設_飲食店,食事・付き合い,友人知人,2017年
223,249,K008_010_2,2.5411670663469224,-2.071073390140813,1.4364725076760965,K008_010,117,2,飲食店で友人と昼食を取りながら,雑談,公共商業施設_飲食店,食事・付き合い,友人知人,2017年
224,250,K008_013_1,1.8701235842664,-1.18877486380337,0.8626373626373622,K008_013,118,2,近所の神社で配偶者と初詣,雑談,屋外,移動・レジャー活動,家族,2018年
225,251,K008_013_2,1.32778613791272,-0.0545950336504988,-0.0553759332196818,K008_013,118,2,近所の神社で配偶者と初詣,雑談,屋外,移動・レジャー活動,家族,2018年
226,252,K008_015_1,1.976885268671228,-1.5468601969862183,0.7975568909467046,K008_015,119,2,飲食店で知人と昼食を取りながら,雑談,公共商業施設_飲食店,食事・付き合い,友人知人,2018年
227,253,K008_015_2,2.314712987769105,-1.7160393163307128,1.3103995789680254,K008_015,119,2,飲食店で知人と昼食を取りながら,雑談,公共商業施設_飲食店,食事・付き合い,友人知人,2018年
228,254,K008_016_1,2.267909288271154,-1.9132725089024207,1.1970270712142228,K008_016,120,2,飲食店で友人と昼食を取りながら,雑談,公共商業施設_飲食店,食事・付き合い,友人知人,2018年
229,255,K008_016_2,2.353513949113866,-2.0470461161202067,1.2804045733654474,K008_016,120,2,飲食店で友人と昼食を取りながら,雑談,公共商業施設_飲食店,食事・付き合い,友人知人,2018年
230,264,K009_007_1,1.7745815719833662,-0.8411439366351056,0.5039578138226076,K009_007,125,2,飲食店で友人と昼食後に雑談,雑談,公共商業施設_飲食店,付き合い,友人知人,2018年
231,265,K009_007_2,2.2277544248818635,-1.6100656333432215,1.2208113794194857,K009_007,125,2,飲食店で友人と昼食後に雑談,雑談,公共商業施設_飲食店,付き合い,友人知人,2018年
232,278,K009_014_1,2.290621874661108,-1.6653903221174555,1.1422848343398857,K009_014,131,2,会社の作業場で部下と仕事をしながら,用談・相談,職場,仕事,同僚,2018年
233,279,K009_014_2,2.8410513892500653,-2.7136557779008137,1.8689996408762612,K009_014,131,2,会社の作業場で部下と仕事をしながら,用談・相談,職場,仕事,同僚,2018年
234,290,K010_003_1,2.715762349351417,-2.3174265112086765,1.7733186505447704,K010_003,136,2,自宅で友人と電話で仕事の相談,用談・相談,自宅,仕事,友人知人,2018年
236,291,K010_003_2,2.082151603584051,-1.5678182981445936,1.0075524721173268,K010_003,136,2,自宅で友人と電話で仕事の相談,用談・相談,自宅,仕事,友人知人,2018年
238,292,K010_003_1,2.3991343937946152,-1.827509253211409,1.1059033590001115,K010_003,136,2,自宅で友人と電話で仕事の相談,用談・相談,自宅,仕事,友人知人,2018年
240,293,K010_003_2,2.2903241626207644,-1.6719435437726495,1.0518467985576452,K010_003,136,2,自宅で友人と電話で仕事の相談,用談・相談,自宅,仕事,友人知人,2018年
242,294,K010_004_1,2.447596145087537,-2.4618726564753386,1.672385591218058,K010_004,138,2,自宅で知人と電話で仕事の相談,用談・相談,自宅,仕事,友人知人,2018年
244,295,K010_004_2,2.4918889876216648,-2.471146777750551,1.6600305016281272,K010_004,138,2,自宅で知人と電話で仕事の相談,用談・相談,自宅,仕事,友人知人,2018年
246,296,K010_004_1,2.6338157523515675,-2.493473787476371,1.6204100238720744,K010_004,138,2,自宅で知人と電話で仕事の相談,用談・相談,自宅,仕事,友人知人,2018年
248,297,K010_004_2,2.293019249439745,-2.252929375163551,1.3725733288604307,K010_004,138,2,自宅で知人と電話で仕事の相談,用談・相談,自宅,仕事,友人知人,2018年
250,298,K010_005_1,2.2937375334356696,-2.163954211315509,1.4044178402893814,K010_005,140,2,店舗で知人にビジネスの相談,用談・相談,職場_相手の職場,仕事,友人知人,2018年
252,299,K010_005_2,2.440428058744508,-2.3559985000517227,1.6272127193266843,K010_005,140,2,店舗で知人にビジネスの相談,用談・相談,職場_相手の職場,仕事,友人知人,2018年
254,300,K010_005_1,2.728228819417102,-2.510246187060381,1.7371834087850238,K010_005,140,2,店舗で知人にビジネスの相談,用談・相談,職場_相手の職場,仕事,友人知人,2018年
256,301,K010_005_2,2.3747980132696904,-2.07942345334836,1.3897725074764542,K010_005,140,2,店舗で知人にビジネスの相談,用談・相談,職場_相手の職場,仕事,友人知人,2018年
258,302,K010_006_1,2.430964396925956,-1.8551359241014411,1.3074155720890352,K010_006,142,2,飲食店で友人と雑談,雑談,公共商業施設_飲食店,付き合い,友人知人,2018年
259,303,K010_006_2,2.3026538589356083,-2.1541585648874118,1.2164176747417954,K010_006,142,2,飲食店で友人と雑談,雑談,公共商業施設_飲食店,付き合い,友人知人,2018年
260,304,K010_008_1,2.533865652309357,-2.248327161696875,1.5222669415267818,K010_008,143,2,オフィスで弟に保証人の依頼,用談・相談,職場_相手の職場,家事雑事,家族,2018年
261,305,K010_008_2,1.3779769920357048,-0.9575869336143304,0.2216905290559678,K010_008,143,2,オフィスで弟に保証人の依頼,用談・相談,職場_相手の職場,家事雑事,家族,2018年
262,306,K010_011_1,2.373844177307574,-2.006689827615224,1.3424380130422722,K010_011,144,2,店で友人たちと雑談,雑談,職場_相手の職場,付き合い,友人知人,2018年
263,307,K010_011_2,1.7140848255991186,-0.7406817115143932,0.0588281510871908,K010_011,144,2,店で友人たちと雑談,雑談,職場_相手の職場,付き合い,友人知人,2018年
264,308,K010_011_1,2.683571615817386,-2.362971378458104,1.7135473231165272,K010_011,144,2,店で友人たちと雑談,雑談,職場_相手の職場,付き合い,友人知人,2018年
265,309,K010_011_2,2.2689739099462765,-2.2587826797385624,1.4282419726805036,K010_011,144,2,店で友人たちと雑談,雑談,職場_相手の職場,付き合い,友人知人,2018年
266,314,K010_013_1,2.6444932417203826,-2.5574766475056454,1.9422346900696168,K010_013,146,2,駐車場に止めた車内で友人と雑談,雑談,交通機関_車,付き合い,友人知人,2018年
268,315,K010_013_2,1.3007058958017774,-1.0138029911166084,0.0413700814304422,K010_013,146,2,駐車場に止めた車内で友人と雑談,雑談,交通機関_車,付き合い,友人知人,2018年
270,316,K010_013_1,2.463378687791141,-2.304419928080159,1.6006554389162475,K010_013,146,2,駐車場に止めた車内で友人と雑談,雑談,交通機関_車,付き合い,友人知人,2018年
272,317,K010_013_2,2.0694491960314743,-1.8299252068746017,1.0900204728834648,K010_013,146,2,駐車場に止めた車内で友人と雑談,雑談,交通機関_車,付き合い,友人知人,2018年
274,322,K010_017_1,1.780921131607379,-0.4670342562177382,0.0737202452034071,K010_017,150,2,家の近所で配偶者と犬の散歩をしながら,雑談,屋外,家事雑事・移動,家族,2018年
275,323,K010_017_2,1.5475148930557692,-0.4748003125542628,0.151023628950944,K010_017,150,2,家の近所で配偶者と犬の散歩をしながら,雑談,屋外,家事雑事・移動,家族,2018年
276,328,K011_005_1,2.4712062514542508,-2.1307968481705952,1.510267913238085,K011_005,153,2,カラオケボックスで友達の友達に爪磨きのレッスン,授業・レッスン,公共商業施設_商業施設,レジャー活動,サービス場面関係,2018年
277,329,K011_005_2,1.5523876384371822,-1.4980616463147467,0.4607773885319916,K011_005,153,2,カラオケボックスで友達の友達に爪磨きのレッスン,授業・レッスン,公共商業施設_商業施設,レジャー活動,サービス場面関係,2018年
278,332,K011_009_1,2.192517300533312,-1.2166867581602372,1.0076553797394607,K011_009,155,2,友人と車で移動中,雑談,交通機関_車,移動,友人知人,2018年
280,333,K011_009_2,1.5981377649812265,-0.5802374441405987,0.1633849669029936,K011_009,155,2,友人と車で移動中,雑談,交通機関_車,移動,友人知人,2018年
282,334,K011_009_1,2.337647415686959,-1.5828822733423549,1.1460953709994304,K011_009,155,2,友人と車で移動中,雑談,交通機関_車,移動,友人知人,2018年
284,335,K011_009_2,2.115212711528993,-0.6330011903390549,0.4198434276238407,K011_009,155,2,友人と車で移動中,雑談,交通機関_車,移動,友人知人,2018年
286,348,K012_001_1,2.679708165251198,-2.4907186338120586,1.7312096501721288,K012_001,161,2,研究機関で知人と雑談,雑談,職場_相手の職場,付き合い,友人知人,2018年
287,349,K012_001_2,1.206904795107277,-1.042977535522451,-0.1144424835126924,K012_001,161,2,研究機関で知人と雑談,雑談,職場_相手の職場,付き合い,友人知人,2018年
288,350,K012_002_1,2.473192224107648,-1.846979983612314,1.3421208706482417,K012_002,162,2,研究機関で友人と雑談,雑談,職場_相手の職場,付き合い,友人知人,2018年
292,351,K012_002_2,2.2321464014925967,-1.2839515753530966,0.8943606350209302,K012_002,162,2,研究機関で友人と雑談,雑談,職場_相手の職場,付き合い,友人知人,2018年
296,352,K012_002_1,2.735062283657352,-2.339858793324775,1.7619343362316175,K012_002,162,2,研究機関で友人と雑談,雑談,職場_相手の職場,付き合い,友人知人,2018年
300,353,K012_002_2,1.794428413356187,-1.0636141583818994,0.4969495045649259,K012_002,162,2,研究機関で友人と雑談,雑談,職場_相手の職場,付き合い,友人知人,2018年
304,354,K012_002_1,2.455332392590816,-1.9440880181462368,1.4867630502391007,K012_002,162,2,研究機関で友人と雑談,雑談,職場_相手の職場,付き合い,友人知人,2018年
308,355,K012_002_2,1.6545595155391857,-0.9129852221875324,0.4000418727591527,K012_002,162,2,研究機関で友人と雑談,雑談,職場_相手の職場,付き合い,友人知人,2018年
312,356,K012_002_1,2.3377387312116533,-1.6760195511959146,1.2209961052755811,K012_002,162,2,研究機関で友人と雑談,雑談,職場_相手の職場,付き合い,友人知人,2018年
316,357,K012_002_2,1.9450773271902349,-1.3167251853090338,0.848279633212753,K012_002,162,2,研究機関で友人と雑談,雑談,職場_相手の職場,付き合い,友人知人,2018年
320,358,K012_003_1,2.040669281882955,-1.442625458996328,1.069719537315798,K012_003,166,2,自宅で息子と遊び配偶者と雑談,雑談,自宅,家事雑事・レジャー活動,家族,2018年
324,360,K012_003_1,1.756810420141371,-1.1569237777102943,0.7371482471309542,K012_003,166,2,自宅で息子と遊び配偶者と雑談,雑談,自宅,家事雑事・レジャー活動,家族,2018年
328,362,K012_003_1,1.9832438026711348,-1.2875143733231125,0.8497698560376064,K012_003,166,2,自宅で息子と遊び配偶者と雑談,雑談,自宅,家事雑事・レジャー活動,家族,2018年
332,366,K012_006_1,1.74110821157489,-0.909007256283521,0.4558990769881779,K012_006,169,2,自宅で息子と遊びながら,雑談,自宅,家事雑事・レジャー活動,家族,2019年
333,367,K012_006_2,1.5837281394396678,-0.3754819555829736,0.2362801913577844,K012_006,169,2,自宅で息子と遊びながら,雑談,自宅,家事雑事・レジャー活動,家族,2019年
334,368,K012_007_1,2.1343623449043228,-1.4108023423053213,1.003681124228255,K012_007,170,2,自宅で息子と遊びながら,雑談,自宅,家事雑事・レジャー活動,家族,2019年
336,369,K012_007_2,2.094254617516373,-1.226600380531517,1.513612063904082,K012_007,170,2,自宅で息子と遊びながら,雑談,自宅,家事雑事・レジャー活動,家族,2019年
338,370,K012_007_1,1.7376081341478415,-1.1870494954348871,0.4947394176657695,K012_007,170,2,自宅で息子と遊びながら,雑談,自宅,家事雑事・レジャー活動,家族,2019年
340,371,K012_007_2,1.9217878557775392,-0.8647993397297018,0.9978080475966804,K012_007,170,2,自宅で息子と遊びながら,雑談,自宅,家事雑事・レジャー活動,家族,2019年
342,374,K013_004_1,2.2220007460690074,-1.1045561186891857,0.8791625552684893,K013_004,173,2,恋人の家で恋人と夕食を取りながら,雑談,室内_友人知人宅,食事・付き合い,友人知人,2018年
343,375,K013_004_2,1.7333132020060271,-0.8330874716767367,0.4581947912106114,K013_004,173,2,恋人の家で恋人と夕食を取りながら,雑談,室内_友人知人宅,食事・付き合い,友人知人,2018年
344,380,K013_012_1,1.6938062695607814,-0.4256779055057477,0.397235924711329,K013_012,176,2,自宅で恋人と旅行について相談,用談・相談,自宅,食事・その他,友人知人,2019年
345,381,K013_012_2,1.746560959696476,-0.6159794941302491,0.48431969844731,K013_012,176,2,自宅で恋人と旅行について相談,用談・相談,自宅,食事・その他,友人知人,2019年
346,382,K013_017_1,2.068495145087411,-1.317929944810397,1.0004361342846275,K013_017,177,2,恋人の家で恋人と旅行について相談,用談・相談,室内_友人知人宅,その他,友人知人,2019年
347,383,K013_017_2,1.593215780538233,-0.6094186975629249,0.2501425648250647,K013_017,177,2,恋人の家で恋人と旅行について相談,用談・相談,室内_友人知人宅,その他,友人知人,2019年
348,384,K013_019_1,1.7610780003364217,-0.7455920888034446,0.4326161636808405,K013_019,178,2,実家で祖母と雑談,雑談,室内_実家,休息,家族,2019年
349,385,K013_019_2,1.7760526611966805,-0.8554643820298625,0.4443255346823184,K013_019,178,2,実家で祖母と雑談,雑談,室内_実家,休息,家族,2019年
350,392,S001_011_1,1.9359912772251564,-1.255050145814069,0.8121083358625982,S001_011,182,2,自宅で配偶者と料理をしながら,雑談,自宅,家事雑事,家族,2017年
351,393,S001_011_2,2.1202753944028387,-1.2013382979871563,0.8460495128919168,S001_011,182,2,自宅で配偶者と料理をしながら,雑談,自宅,家事雑事,家族,2017年
352,396,S001_013_1,2.181877480023917,-1.5266083339310048,1.0248544882686812,S001_013,184,2,自宅で配偶者と家事雑事をしながら,雑談,自宅,家事雑事,家族,2017年
353,397,S001_013_2,1.900936514072652,-0.9869633041152878,0.568387241353552,S001_013,184,2,自宅で配偶者と家事雑事をしながら,雑談,自宅,家事雑事,家族,2017年
354,412,S002_005_1,2.313946033642839,-1.963179508596088,1.1731656074831531,S002_005,192,2,飲食店で取引先の方と飲みながら,雑談,公共商業施設_飲食店,食事・付き合い,仕事関係,2017年
355,413,S002_005_2,2.23525730906057,-1.8530669975951168,1.261896672869486,S002_005,192,2,飲食店で取引先の方と飲みながら,雑談,公共商業施設_飲食店,食事・付き合い,仕事関係,2017年
356,424,S002_012_1,2.0602972472619685,-1.257915066792357,0.7511554730812232,S002_012,198,2,飲食店で友人と飲みながら,雑談,公共商業施設_飲食店,食事・付き合い,友人知人,2017年
357,425,S002_012_2,2.338001452659507,-2.099077596726725,1.5089610249397194,S002_012,198,2,飲食店で友人と飲みながら,雑談,公共商業施設_飲食店,食事・付き合い,友人知人,2017年
358,426,S002_014_1,2.268617646892777,-1.6090771694750852,1.1744913663028054,S002_014,199,2,友人宅で友人と飲みながら,雑談,室内_友人知人宅,食事・付き合い,友人知人,2017年
359,427,S002_014_2,1.8341911541811984,-0.9716758182258288,0.4650710316979345,S002_014,199,2,友人宅で友人と飲みながら,雑談,室内_友人知人宅,食事・付き合い,友人知人,2017年
360,428,T001_002_1,1.798835360505585,-0.8718514256488943,0.4918181745402726,T001_002,200,2,自宅で配偶者と棚の組み立て,用談・相談,自宅,家事雑事,家族,2016年
361,429,T001_002_2,1.6002718709391524,-0.6559270045114934,0.2906439606993689,T001_002,200,2,自宅で配偶者と棚の組み立て,用談・相談,自宅,家事雑事,家族,2016年
362,430,T001_003_1,1.9513994917492945,-1.576522217537509,0.7999830125449781,T001_003,201,2,飲食店で元同僚と飲みながら,雑談,公共商業施設_飲食店,食事・付き合い,元同僚,2016年
363,431,T001_003_2,2.241105300166065,-1.5149357912532662,1.0819769156150776,T001_003,201,2,飲食店で元同僚と飲みながら,雑談,公共商業施設_飲食店,食事・付き合い,元同僚,2016年
364,432,T001_005_1,1.9254648646953687,-1.1115730475486576,0.3862969208669038,T001_005,202,2,飲食店で後輩と夕食を取りながら,雑談,公共商業施設_飲食店,食事・付き合い,友人知人,2016年
365,433,T001_005_2,2.4321942622148245,-1.844419469419469,1.4695345005724498,T001_005,202,2,飲食店で後輩と夕食を取りながら,雑談,公共商業施設_飲食店,食事・付き合い,友人知人,2016年
366,434,T001_007_1,2.002623244740651,-1.239434558651369,0.918640160913802,T001_007,203,2,自宅で配偶者と母の日のプレゼント選び,用談・相談,自宅,家事雑事,家族,2016年
367,435,T001_007_2,1.5962388406613726,-0.91800878477306,0.2908892870946202,T001_007,203,2,自宅で配偶者と母の日のプレゼント選び,用談・相談,自宅,家事雑事,家族,2016年
368,436,T001_008_1,2.54407411678776,-1.9440691512656565,1.4197791704624023,T001_008,204,2,飲食店で元同僚と昼食後の雑談,雑談,公共商業施設_飲食店,付き合い,元同僚,2016年
369,437,T001_008_2,2.4474577289245283,-2.2177223505056136,1.2498250384915317,T001_008,204,2,飲食店で元同僚と昼食後の雑談,雑談,公共商業施設_飲食店,付き合い,元同僚,2016年
370,444,T001_015_1,2.038820397508464,-1.670961499287024,1.0204008036680232,T001_015,208,2,飲食店で後輩と夕食を取りながら,雑談,公共商業施設_飲食店,食事・付き合い,友人知人,2016年
371,445,T001_015_2,2.061408528072143,-1.3912405131911818,0.953607776915704,T001_015,208,2,飲食店で後輩と夕食を取りながら,雑談,公共商業施設_飲食店,食事・付き合い,友人知人,2016年
372,446,T001_016_1,1.9272452105865416,-1.5097571552471811,0.8897582837410914,T001_016,209,2,飲食店で元同僚と夕食を取りながら,雑談,公共商業施設_飲食店,食事・付き合い,元同僚,2016年
373,447,T001_016_2,2.139780327667669,-1.5444089586028458,0.9677287748357878,T001_016,209,2,飲食店で元同僚と夕食を取りながら,雑談,公共商業施設_飲食店,食事・付き合い,元同僚,2016年
374,456,T002_011_1,2.1614666639671194,-1.0070239334027056,0.8241185735632643,T002_011,212,2,飲食店で友人とイベントの打合せ,用談・相談,公共商業施設_飲食店,仕事,友人知人,2016年
377,457,T002_011_2,1.958148992882856,-1.3096126798658438,0.9109030173593996,T002_011,212,2,飲食店で友人とイベントの打合せ,用談・相談,公共商業施設_飲食店,仕事,友人知人,2016年
380,458,T002_011_1,2.2833908858313503,-1.3815696274259808,1.2069365606368925,T002_011,212,2,飲食店で友人とイベントの打合せ,用談・相談,公共商業施設_飲食店,仕事,友人知人,2016年
383,459,T002_011_2,2.101842755499985,-1.5076378321432753,1.1128046972302943,T002_011,212,2,飲食店で友人とイベントの打合せ,用談・相談,公共商業施設_飲食店,仕事,友人知人,2016年
386,460,T002_011_1,2.1547281796894504,-1.261159337792325,0.912855117573914,T002_011,212,2,飲食店で友人とイベントの打合せ,用談・相談,公共商業施設_飲食店,仕事,友人知人,2016年
389,461,T002_011_2,1.975714691433371,-1.0893829182523245,0.6366605885691511,T002_011,212,2,飲食店で友人とイベントの打合せ,用談・相談,公共商業施設_飲食店,仕事,友人知人,2016年
392,462,T002_012_1,1.9535710229739929,-1.1945738394378191,0.7548290638224027,T002_012,215,2,飲食店で母と雑談,雑談,公共商業施設_飲食店,休息,家族,2016年
393,463,T002_012_2,2.150060355077738,-1.4070802445755095,1.0121994198498114,T002_012,215,2,飲食店で母と雑談,雑談,公共商業施設_飲食店,休息,家族,2016年
394,464,T002_013_1,2.074687467951468,-1.3279017166556568,0.8970208527751389,T002_013,216,2,飲食店で仕事関係者と夕食および打合せ,用談・相談,公共商業施設_飲食店,食事・仕事,仕事関係,2016年
395,465,T002_013_2,2.2144203595214518,-1.4910227562689928,1.0529321588051863,T002_013,216,2,飲食店で仕事関係者と夕食および打合せ,用談・相談,公共商業施設_飲食店,食事・仕事,仕事関係,2016年
396,468,T002_015_1,1.771307889056804,-1.220708278364116,0.6306886608721979,T002_015,218,2,飲食店で先輩と昼食を取りながら,雑談,公共商業施設_飲食店,食事・付き合い,友人知人,2016年
397,469,T002_015_2,2.2637529646087318,-1.4932972216954297,1.1668199702096598,T002_015,218,2,飲食店で先輩と昼食を取りながら,雑談,公共商業施設_飲食店,食事・付き合い,友人知人,2016年
398,470,T002_018_1,2.3343595753344397,-1.609230586934197,1.214000912499256,T002_018,219,2,飲食店で配偶者と昼食を取りながら,雑談,公共商業施設_飲食店,食事,家族,2016年
399,471,T002_018_2,1.4932563645553456,-1.026904537357225,0.2951858332007843,T002_018,219,2,飲食店で配偶者と昼食を取りながら,雑談,公共商業施設_飲食店,食事,家族,2016年
400,472,T002_019_1,2.452602468275528,-1.3752984718242598,1.0921162864075027,T002_019,220,2,飲食店で仕事関係者と仕事の打合せ,用談・相談,公共商業施設_飲食店,仕事,仕事関係,2016年
401,473,T002_019_2,2.0060028768504155,-0.8866797191466378,0.6150731718350633,T002_019,220,2,飲食店で仕事関係者と仕事の打合せ,用談・相談,公共商業施設_飲食店,仕事,仕事関係,2016年
402,480,T003_003_1,2.618293210079259,-2.1080635217131203,1.6012855401926016,T003_003,224,2,食店で父母会役員の引き継ぎ,用談・相談,公共商業施設_飲食店,社会参加,友人知人,2016年
403,481,T003_003_2,1.9484401979590016,-1.7246928876469658,0.9156958900673876,T003_003,224,2,食店で父母会役員の引き継ぎ,用談・相談,公共商業施設_飲食店,社会参加,友人知人,2016年
404,510,T004_006_1,2.610677537904809,-1.996722502734369,1.4509008637185676,T004_006,238,2,温熱療法施設で施術師と施術後の雑談,雑談,公共商業施設_商業施設,仕事・身の周りの用事,サービス場面関係,2016年
405,511,T004_006_2,1.8622498769715825,-0.8546467228899662,0.3046191531552549,T004_006,238,2,温熱療法施設で施術師と施術後の雑談,雑談,公共商業施設_商業施設,仕事・身の周りの用事,サービス場面関係,2016年
406,522,T004_016_1,1.6895949136472646,-0.7771463253144999,0.259801194317718,T004_016,243,2,配偶者と車で移動中,雑談,交通機関_車,移動,家族,2016年
407,523,T004_016_2,2.1798368113573443,-1.3925543767863202,1.0739387740191422,T004_016,243,2,配偶者と車で移動中,雑談,交通機関_車,移動,家族,2016年
408,554,T006_001_1,2.255969322184701,-1.8799773826074329,1.0786649473279186,T006_001,258,2,大学でサークル顧問の先生と雑談,雑談,学校,付き合い,先生生徒,2016年
409,555,T006_001_2,2.2201561735426067,-1.3756953218581298,1.0262203993062688,T006_001,258,2,大学でサークル顧問の先生と雑談,雑談,学校,付き合い,先生生徒,2016年
410,558,T006_003_1,1.4325565040729813,-0.2147299698678825,0.0837262772300375,T006_003,260,2,飲食店で友人と飲みながら,雑談,公共商業施設_飲食店,食事・付き合い,友人知人,2016年
411,559,T006_003_2,1.5930212957239986,-0.4955717779589417,0.3385897387989983,T006_003,260,2,飲食店で友人と飲みながら,雑談,公共商業施設_飲食店,食事・付き合い,友人知人,2016年
412,562,T006_005_1,1.7740326518839733,-0.9779741362211912,0.5447962946397509,T006_005,262,2,自宅で友人と電話で雑談,雑談,自宅,付き合い,友人知人,2016年
413,563,T006_005_2,1.9069084084918293,-0.8945943950987874,0.5319204056204585,T006_005,262,2,自宅で友人と電話で雑談,雑談,自宅,付き合い,友人知人,2016年
414,572,T006_009_1,1.5060594354065615,-0.6831223748439094,0.230199080289052,T006_009,265,2,飲食店で友人と夕食を取りながら,雑談,公共商業施設_飲食店,食事・付き合い,友人知人,2016年
415,573,T006_009_2,1.7679881170945928,-0.4705337150827736,0.2699084056688964,T006_009,265,2,飲食店で友人と夕食を取りながら,雑談,公共商業施設_飲食店,食事・付き合い,友人知人,2016年
416,574,T007_004_1,2.2120483533324817,-1.495140364860078,1.0620567966175047,T007_004,266,2,実家で弟とテレビを見ながら,雑談,室内_実家,休息,家族,2016年
417,575,T007_004_2,2.162936407390436,-1.2507863139515412,0.9355341863709576,T007_004,266,2,実家で弟とテレビを見ながら,雑談,室内_実家,休息,家族,2016年
418,584,T007_009_1,2.950933526359152,-3.120287956939004,2.33931505402204,T007_009,270,2,駐輪場事務所で同僚に業務の説明,用談・相談,職場,仕事,同僚,2016年
419,585,T007_009_2,0.8777462869719771,-0.6000209084731587,-0.3345422962439225,T007_009,270,2,駐輪場事務所で同僚に業務の説明,用談・相談,職場,仕事,同僚,2016年
420,586,T007_010_1,2.099510499883453,-1.1524951854642882,1.1170068889734164,T007_010,271,2,自宅で配偶者と夕食を取りながら,雑談,自宅,食事,家族,2016年
421,587,T007_010_2,2.4255642141483658,-1.9246009956805037,1.66584881733473,T007_010,271,2,自宅で配偶者と夕食を取りながら,雑談,自宅,食事,家族,2016年
422,596,T007_016_1,2.664277910627927,-2.7199023366192048,2.0271175833066204,T007_016,274,2,駐輪場事務所で同僚に業務の説明,用談・相談,職場,仕事,同僚,2016年
424,597,T007_016_2,1.5705611875946568,-1.2433939787740955,0.8475525046988642,T007_016,274,2,駐輪場事務所で同僚に業務の説明,用談・相談,職場,仕事,同僚,2016年
426,598,T007_016_1,2.8797920577883764,-3.014334872936718,2.3225168493744293,T007_016,274,2,駐輪場事務所で同僚に業務の説明,用談・相談,職場,仕事,同僚,2016年
428,599,T007_016_2,1.3532153895123784,-1.17132446004981,0.3843030290601095,T007_016,274,2,駐輪場事務所で同僚に業務の説明,用談・相談,職場,仕事,同僚,2016年
430,602,T008_003_1,2.243502956262012,-1.412582652664333,1.1207621422111411,T008_003,277,2,自宅で配偶者と夜食を取りながら,雑談,自宅,食事,家族,2016年
431,603,T008_003_2,2.268873898322607,-1.811417804033408,1.3435423213641753,T008_003,277,2,自宅で配偶者と夜食を取りながら,雑談,自宅,食事,家族,2016年
432,604,T008_004_1,2.204013165419171,-1.3291956806943184,0.8768110426023188,T008_004,278,2,自宅で配偶者と朝食を取りながら,雑談,自宅,食事,家族,2016年
433,605,T008_004_2,1.6861723996162807,-1.1658953364186542,0.5324675324675324,T008_004,278,2,自宅で配偶者と朝食を取りながら,雑談,自宅,食事,家族,2016年
434,606,T008_005_1,2.1284603991388127,-1.0029210558178956,0.7021425741367221,T008_005,279,2,事務所で友人と雑談,雑談,職場_相手の職場,付き合い・仕事,友人知人,2016年
437,607,T008_005_2,1.5039859592734346,-0.4392964572192515,-0.0342878832609336,T008_005,279,2,事務所で友人と雑談,雑談,職場_相手の職場,付き合い・仕事,友人知人,2016年
440,608,T008_005_1,2.208638602827719,-1.2517145063130166,0.8579922850425685,T008_005,279,2,事務所で友人と雑談,雑談,職場_相手の職場,付き合い・仕事,友人知人,2016年
443,609,T008_005_2,1.9295062867864008,-1.1753059755219588,0.6667119688321103,T008_005,279,2,事務所で友人と雑談,雑談,職場_相手の職場,付き合い・仕事,友人知人,2016年
446,610,T008_005_1,2.2037648907860192,-1.1492964717528111,0.7999893090053812,T008_005,279,2,事務所で友人と雑談,雑談,職場_相手の職場,付き合い・仕事,友人知人,2016年
449,611,T008_005_2,2.127061922776493,-1.2900473645858634,0.8219100608358041,T008_005,279,2,事務所で友人と雑談,雑談,職場_相手の職場,付き合い・仕事,友人知人,2016年
452,614,T008_008_1,2.190621905416135,-1.2755165435955695,0.9054819910534476,T008_008,283,2,実家で母と夕食の準備および夕食,雑談,室内_実家,食事・家事雑事,家族,2016年
453,615,T008_008_2,2.084598826844982,-1.3063076333853814,1.0931334151135808,T008_008,283,2,実家で母と夕食の準備および夕食,雑談,室内_実家,食事・家事雑事,家族,2016年
454,616,T008_009_1,2.264332902427612,-1.2615495137046862,1.0216681719510068,T008_009,284,2,自宅で配偶者と夜食後に雑談,雑談,自宅,休息,家族,2016年
455,617,T008_009_2,2.282510047970958,-1.6419042732536828,0.989043272606334,T008_009,284,2,自宅で配偶者と夜食後に雑談,雑談,自宅,休息,家族,2016年
456,618,T008_010_1,2.476304998529335,-2.054600740349022,1.31385645624186,T008_010,285,2,飲食店で仕事関係者と飲みながら,雑談,公共商業施設_飲食店,食事・付き合い,仕事関係,2016年
457,619,T008_010_2,2.413222255994452,-1.5577310694703044,1.2560477832638772,T008_010,285,2,飲食店で仕事関係者と飲みながら,雑談,公共商業施設_飲食店,食事・付き合い,仕事関係,2016年
458,620,T008_011_1,1.723415049555181,-0.4710069568959335,0.1748852174541776,T008_011,286,2,飲食店で友人と夕食を取りながら,雑談,公共商業施設_飲食店,食事・付き合い,友人知人,2016年
459,621,T008_011_2,1.7936902780875268,-1.1330004076640847,0.7739036664270308,T008_011,286,2,飲食店で友人と夕食を取りながら,雑談,公共商業施設_飲食店,食事・付き合い,友人知人,2016年
460,622,T008_013_1,2.2324348247950905,-1.338962666847347,1.1683698627807724,T008_013,287,2,自宅で配偶者と引き出物選び,用談・相談,自宅,家事雑事,家族,2016年
461,623,T008_013_2,1.5812409878464673,-0.951662450307192,0.5407101455889731,T008_013,287,2,自宅で配偶者と引き出物選び,用談・相談,自宅,家事雑事,家族,2016年
462,624,T008_014_1,2.031126037331776,-1.2669658283739678,0.8258211634564068,T008_014,288,2,飲食店で友人と仕事しながら,雑談,公共商業施設_飲食店,仕事,仕事関係,2016年
464,625,T008_014_2,2.120098334578583,-1.0886100019015024,0.8354235740714046,T008_014,288,2,飲食店で友人と仕事しながら,雑談,公共商業施設_飲食店,仕事,仕事関係,2016年
466,626,T008_014_1,2.127308902036233,-1.3265869485582709,0.864698009473698,T008_014,288,2,飲食店で友人と仕事しながら,雑談,公共商業施設_飲食店,仕事,仕事関係,2016年
468,627,T008_014_2,2.2402621992522307,-1.372469054404696,1.0193634008804937,T008_014,288,2,飲食店で友人と仕事しながら,雑談,公共商業施設_飲食店,仕事,仕事関係,2016年
470,632,T008_019_1,2.500050221692902,-2.027521630236794,1.3537566955973752,T008_019,291,2,事務所で仕事関係者と昼食を取りながら,雑談,職場_相手の職場,付き合い,仕事関係,2016年
472,633,T008_019_2,2.244777387342164,-1.5043821545380214,1.0980314050011566,T008_019,291,2,事務所で仕事関係者と昼食を取りながら,雑談,職場_相手の職場,付き合い,仕事関係,2016年
474,634,T008_019_1,2.2991197271290718,-1.8615309848663777,1.0419757693813092,T008_019,291,2,事務所で仕事関係者と昼食を取りながら,雑談,職場_相手の職場,付き合い,仕事関係,2016年
476,635,T008_019_2,2.248704591570426,-1.7165749020257215,1.217813435053313,T008_019,291,2,事務所で仕事関係者と昼食を取りながら,雑談,職場_相手の職場,付き合い,仕事関係,2016年
478,636,T008_020_1,2.07560000795371,-1.1150338103475386,1.0740351433897903,T008_020,293,2,公園で配偶者と散歩しながら,雑談,屋外,移動・レジャー活動,家族,2016年
479,637,T008_020_2,1.886882943372957,-1.360439338976219,0.960848509651456,T008_020,293,2,公園で配偶者と散歩しながら,雑談,屋外,移動・レジャー活動,家族,2016年
480,638,T008_021_1,2.3307098065719343,-1.3489512394442928,1.0313958059168362,T008_021,294,2,実家で母と雑談,雑談,室内_実家,食事・休息,家族,2016年
481,639,T008_021_2,2.187163092896784,-1.3889214722759406,1.058470275687628,T008_021,294,2,実家で母と雑談,雑談,室内_実家,食事・休息,家族,2016年
482,640,T008_022_1,2.404408346063706,-1.62372136035934,1.1834593734008072,T008_022,295,2,飲食店で友人とお茶をしながら,雑談,公共商業施設_飲食店,付き合い,友人知人,2016年
485,641,T008_022_2,2.1093521265432496,-1.5432289255773284,1.112490623625876,T008_022,295,2,飲食店で友人とお茶をしながら,雑談,公共商業施設_飲食店,付き合い,友人知人,2016年
488,642,T008_022_1,2.010237856977908,-0.5164308871205424,0.1259716506630084,T008_022,295,2,飲食店で友人とお茶をしながら,雑談,公共商業施設_飲食店,付き合い,友人知人,2016年
491,643,T008_022_2,2.31462746632385,-1.6273819835426593,1.3075130396182442,T008_022,295,2,飲食店で友人とお茶をしながら,雑談,公共商業施設_飲食店,付き合い,友人知人,2016年
494,644,T008_022_1,2.377532591704482,-1.38867493079793,1.0043167429038806,T008_022,295,2,飲食店で友人とお茶をしながら,雑談,公共商業施設_飲食店,付き合い,友人知人,2016年
497,645,T008_022_2,2.405511459912601,-1.8414356535815457,1.2643534888453611,T008_022,295,2,飲食店で友人とお茶をしながら,雑談,公共商業施設_飲食店,付き合い,友人知人,2016年
500,646,T009_001_1,1.6406778550425505,-0.3537155993217683,0.1763512297295081,T009_001,298,2,自宅で祖母とお茶をしながら,雑談,自宅,休息,家族,2016年
501,647,T009_001_2,2.18233322856758,-1.3209119932239834,1.2496715921051558,T009_001,298,2,自宅で祖母とお茶をしながら,雑談,自宅,休息,家族,2016年
502,648,T009_002_1,1.7307938095635018,-0.6486109592037624,0.3995625934333646,T009_002,299,2,自宅で母とお茶をしながら,雑談,自宅,食事,家族,2016年
503,649,T009_002_2,1.848033532506912,-0.613832962363416,0.4474065783114136,T009_002,299,2,自宅で母とお茶をしながら,雑談,自宅,食事,家族,2016年
504,650,T009_003_1,2.1505717088160448,-1.2679337578225345,0.9022765587094472,T009_003,300,2,飲食店で恋人と夕食を取りながら,雑談,公共商業施設_飲食店,食事・付き合い,友人知人,2016年
505,651,T009_003_2,1.7881872047684677,-0.5960197491576188,0.3546964315118438,T009_003,300,2,飲食店で恋人と夕食を取りながら,雑談,公共商業施設_飲食店,食事・付き合い,友人知人,2016年
506,654,T009_005_1,1.861522922029259,-0.9211754924533128,0.510576860683927,T009_005,302,2,自宅で友人と雑談,雑談,自宅,食事,友人知人,2016年
508,655,T009_005_2,2.4840949697003185,-1.9119769645720948,1.4812392047333798,T009_005,302,2,自宅で友人と雑談,雑談,自宅,食事,友人知人,2016年
510,656,T009_005_1,2.0658745048988947,-1.001669783596046,0.5335353257127115,T009_005,302,2,自宅で友人と雑談,雑談,自宅,食事,友人知人,2016年
512,657,T009_005_2,1.7797504931788504,-0.898200809362353,0.5801173799900339,T009_005,302,2,自宅で友人と雑談,雑談,自宅,食事,友人知人,2016年
514,674,T009_015_1,2.094800526779614,-1.296036309219076,0.7919938292359721,T009_015,309,2,飲食店で母と夕食を取りながら,雑談,公共商業施設_飲食店,食事,家族,2016年
515,675,T009_015_2,2.107302508249145,-1.111444054291309,0.9336903289217264,T009_015,309,2,飲食店で母と夕食を取りながら,雑談,公共商業施設_飲食店,食事,家族,2016年
516,676,T009_017_1,2.15479609617676,-1.155009192437505,1.0347779413990994,T009_017,310,2,渓谷で恋人と散策,雑談,屋外,移動・レジャー活動,友人知人,2016年
517,677,T009_017_2,1.976169314982017,-0.8660020500611716,0.6276364481173556,T009_017,310,2,渓谷で恋人と散策,雑談,屋外,移動・レジャー活動,友人知人,2016年
518,682,T009_021_1,2.555673838520964,-2.1753389270869747,1.643539923138448,T009_021,313,2,飲食店で後輩に役員の業務引き継ぎ,用談・相談,公共商業施設_飲食店,食事・課外活動,友人知人,2016年
520,683,T009_021_2,2.224312358055561,-2.651045911437109,1.1971776222496684,T009_021,313,2,飲食店で後輩に役員の業務引き継ぎ,用談・相談,公共商業施設_飲食店,食事・課外活動,友人知人,2016年
522,684,T009_021_1,2.562377969357264,-2.306873100624684,1.7244005895061567,T009_021,313,2,飲食店で後輩に役員の業務引き継ぎ,用談・相談,公共商業施設_飲食店,食事・課外活動,友人知人,2016年
524,685,T009_021_2,2.0366493234050957,-2.374225782475844,1.068023894961731,T009_021,313,2,飲食店で後輩に役員の業務引き継ぎ,用談・相談,公共商業施設_飲食店,食事・課外活動,友人知人,2016年
526,686,T009_022_1,2.257033359463461,-1.6367362380982402,1.1731502428374805,T009_022,315,2,飲食店で同僚と雑務や接客をしながら,用談・相談,職場,仕事,同僚,2016年
527,687,T009_022_2,1.8837932024810216,-1.0520754942874735,0.7381052342966814,T009_022,315,2,飲食店で同僚と雑務や接客をしながら,用談・相談,職場,仕事,同僚,2016年
528,688,T010_002_1,2.206368384854174,-1.4666053391944287,1.130106115575587,T010_002,316,2,自宅で母と夕食を取りながら,雑談,自宅,食事,家族,2016年
530,689,T010_002_2,2.46846277017055,-1.8149223045117904,1.4602213845645755,T010_002,316,2,自宅で母と夕食を取りながら,雑談,自宅,食事,家族,2016年
532,690,T010_002_1,2.136308249837428,-1.3783181943990137,0.956662166765496,T010_002,316,2,自宅で母と夕食を取りながら,雑談,自宅,食事,家族,2016年
534,691,T010_002_2,2.111836956572677,-1.3319686687977867,0.9708554622006164,T010_002,316,2,自宅で母と夕食を取りながら,雑談,自宅,食事,家族,2016年
536,696,T010_005_1,1.812924403208364,-0.9167886774036118,0.5067183048024994,T010_005,320,2,自宅で友人とゲームしながら,雑談,自宅,レジャー活動,友人知人,2016年
537,697,T010_005_2,1.8565804045320031,-0.8064803453424599,0.5466566958633504,T010_005,320,2,自宅で友人とゲームしながら,雑談,自宅,レジャー活動,友人知人,2016年
538,702,T010_007_1,2.717873479592575,-2.641023589284,1.7991037728272914,T010_007,322,2,飲食店で母校の教員と講座企画の打合せ,用談・相談,公共商業施設_飲食店,仕事・課外活動,先生生徒,2017年
539,703,T010_007_2,2.398254814781963,-1.9617503194817785,1.4570647239875112,T010_007,322,2,飲食店で母校の教員と講座企画の打合せ,用談・相談,公共商業施設_飲食店,仕事・課外活動,先生生徒,2017年
540,704,T010_009_1,2.671830505339757,-2.4499350674153013,1.6774277863841232,T010_009,323,2,大学でゼミの先生と送別会について相談,用談・相談,学校,課外活動,先生生徒,2017年
541,705,T010_009_2,2.091418100376667,-1.2741150072804523,0.9353466329986472,T010_009,323,2,大学でゼミの先生と送別会について相談,用談・相談,学校,課外活動,先生生徒,2017年
542,706,T010_013_1,2.1832026723600046,-1.3989513297105345,1.0154175425294445,T010_013,324,2,飲食店で友人と夕食後に雑談,雑談,公共商業施設_飲食店,付き合い,友人知人,2017年
543,707,T010_013_2,2.0036434479019096,-1.0584945159384551,0.6156062923967585,T010_013,324,2,飲食店で友人と夕食後に雑談,雑談,公共商業施設_飲食店,付き合い,友人知人,2017年
544,728,T013_001_1,2.3997203047377447,-1.4776405658239726,1.2597667354331474,T013_001,335,2,自宅で配偶者と夕食後に雑談,雑談,自宅,休息,家族,2016年
545,729,T013_001_2,1.6052479528202266,-1.0788229732923655,0.4378403084138151,T013_001,335,2,自宅で配偶者と夕食後に雑談,雑談,自宅,休息,家族,2016年
546,730,T013_003_1,1.9411480301035045,-1.149779428542454,0.7788294072030609,T013_003,336,2,公園で配偶者と散歩しながら,雑談,屋外,移動・レジャー活動,家族,2016年
547,731,T013_003_2,2.244006372727796,-1.53609312050589,1.2867435526971909,T013_003,336,2,公園で配偶者と散歩しながら,雑談,屋外,移動・レジャー活動,家族,2016年
548,734,T013_005_1,2.2348869463424568,-1.4526979235083108,1.151609461141739,T013_005,338,2,自宅で配偶者と雑談,雑談,自宅,休息,家族,2016年
549,735,T013_005_2,1.5601000296140304,-0.958769210900168,0.2618766791167022,T013_005,338,2,自宅で配偶者と雑談,雑談,自宅,休息,家族,2016年
550,738,T013_007_1,2.0291204246888888,-1.1617020467168837,1.034975634089252,T013_007,340,2,自宅で配偶者と雑談,雑談,自宅,休息,家族,2016年
551,739,T013_007_2,2.129758391276074,-1.68719618899475,1.1873571215584928,T013_007,340,2,自宅で配偶者と雑談,雑談,自宅,休息,家族,2016年
552,754,T013_017_1,2.022853949649668,-1.2948900130733818,0.9732702153828552,T013_017,346,2,飲食店で元同僚と飲みながら,雑談,公共商業施設_飲食店,食事・付き合い,元同僚,2017年
553,755,T013_017_2,2.072425711030874,-1.1212479951118914,0.5906166942721772,T013_017,346,2,飲食店で元同僚と飲みながら,雑談,公共商業施設_飲食店,食事・付き合い,元同僚,2017年
554,756,T013_018_1,2.25087857162802,-1.3566334490114296,1.0051749846504692,T013_018,347,2,飲食店で元同僚と飲みながら,雑談,公共商業施設_飲食店,食事・付き合い,元同僚,2017年
555,757,T013_018_2,1.987307104452599,-1.4578132723677706,0.7432298367720233,T013_018,347,2,飲食店で元同僚と飲みながら,雑談,公共商業施設_飲食店,食事・付き合い,元同僚,2017年
556,758,T013_020_1,1.6744730679156907,-1.0083539851307055,0.5007528457569609,T013_020,348,2,友人と車で移動中,雑談,交通機関_車,移動,友人知人,2017年
557,759,T013_020_2,2.2735838139727504,-1.6740283543320469,1.3344348291768595,T013_020,348,2,友人と車で移動中,雑談,交通機関_車,移動,友人知人,2017年
558,760,T013_021_1,2.2199423399069675,-1.2163354143994498,1.0246728246972463,T013_021,349,2,飲食店で先輩と飲みながら,雑談,公共商業施設_飲食店,食事・付き合い,友人知人,2017年
559,761,T013_021_2,2.110197918084935,-1.4951211719018824,1.235547811472776,T013_021,349,2,飲食店で先輩と飲みながら,雑談,公共商業施設_飲食店,食事・付き合い,友人知人,2017年
560,762,T014_001_1,2.0955806095480245,-1.1908637437647676,0.8718273266271395,T014_001,350,2,自宅で配偶者と夕食を取りながら,雑談,自宅,食事,家族,2016年
562,763,T014_001_2,1.9096071935636536,-1.1336846213895393,0.6511191529285616,T014_001,350,2,自宅で配偶者と夕食を取りながら,雑談,自宅,食事,家族,2016年
564,764,T014_001_1,2.2444390233084213,-1.4577421614993868,1.1100349387466275,T014_001,350,2,自宅で配偶者と夕食を取りながら,雑談,自宅,食事,家族,2016年
566,765,T014_001_2,2.0572433448547693,-0.9770970009372072,0.6807243412345082,T014_001,350,2,自宅で配偶者と夕食を取りながら,雑談,自宅,食事,家族,2016年
568,766,T014_005_1,2.2734313756232165,-1.692781473269278,1.315095871588283,T014_005,352,2,自宅で配偶者にがん治療について質問,用談・相談,自宅,その他,家族,2016年
571,767,T014_005_2,1.9015996921554617,-1.2355636053697,0.7015063857657453,T014_005,352,2,自宅で配偶者にがん治療について質問,用談・相談,自宅,その他,家族,2016年
574,768,T014_005_1,2.3136316511503705,-1.5045174452493963,1.1824580117546166,T014_005,352,2,自宅で配偶者にがん治療について質問,用談・相談,自宅,その他,家族,2016年
577,769,T014_005_2,2.497885818601676,-1.8899059871350807,1.4477904767836562,T014_005,352,2,自宅で配偶者にがん治療について質問,用談・相談,自宅,その他,家族,2016年
580,770,T014_005_1,2.213708708237974,-1.572918397872694,1.1785915551752206,T014_005,352,2,自宅で配偶者にがん治療について質問,用談・相談,自宅,その他,家族,2016年
583,771,T014_005_2,2.4097637017487,-2.082879520283913,1.5546193894211515,T014_005,352,2,自宅で配偶者にがん治療について質問,用談・相談,自宅,その他,家族,2016年
586,774,T014_008_1,2.040050899717768,-1.3786590918947046,0.9234819749812524,T014_008,356,2,同僚宅で同僚と料理をしながら,雑談,室内_友人知人宅,家事雑事,同僚,2017年
587,775,T014_008_2,2.145263880496691,-1.318315778957584,0.9102715297582032,T014_008,356,2,同僚宅で同僚と料理をしながら,雑談,室内_友人知人宅,家事雑事,同僚,2017年
588,776,T014_010_1,2.434118345925937,-1.3951544998825098,1.031802258833688,T014_010,357,2,同僚と車で移動中,雑談,交通機関_車,移動,同僚,2017年
590,777,T014_010_2,1.8370421023639247,-1.199183920205531,0.5743772647075561,T014_010,357,2,同僚と車で移動中,雑談,交通機関_車,移動,同僚,2017年
592,778,T014_010_1,2.0127832726648776,-0.968054811858054,0.6756687305743858,T014_010,357,2,同僚と車で移動中,雑談,交通機関_車,移動,同僚,2017年
594,779,T014_010_2,2.0507612474525185,-1.6434748694295596,0.8573186152216262,T014_010,357,2,同僚と車で移動中,雑談,交通機関_車,移動,同僚,2017年
596,780,T014_011_1,2.3727643372470197,-1.9154279022866991,1.230350467671112,T014_011,359,2,病院で元上司に仕事の相談,用談・相談,職場,仕事・その他,元同僚,2017年
598,781,T014_011_2,2.017032508170861,-1.1658672569999586,0.859630155886411,T014_011,359,2,病院で元上司に仕事の相談,用談・相談,職場,仕事・その他,元同僚,2017年
600,782,T014_011_1,2.414143921257783,-2.0294319853333054,1.356486545613651,T014_011,359,2,病院で元上司に仕事の相談,用談・相談,職場,仕事・その他,元同僚,2017年
602,783,T014_011_2,1.693383829534887,-0.8946866094312905,0.5767099792566512,T014_011,359,2,病院で元上司に仕事の相談,用談・相談,職場,仕事・その他,元同僚,2017年
604,784,T014_012_1,2.1298075372118377,-2.0625369603784742,1.1610280940163225,T014_012,361,2,自営サロンで同僚に施術前の問診,用談・相談,職場,仕事・身の周りの用事,同僚,2017年
605,785,T014_012_2,2.4462168754084943,-2.4961805776280377,1.5330444663926677,T014_012,361,2,自営サロンで同僚に施術前の問診,用談・相談,職場,仕事・身の周りの用事,同僚,2017年
606,790,T014_016_1,1.959848859593184,-0.9612287078611644,0.5853431950548468,T014_016,363,2,飲食店で友人と昼食を取りながら,雑談,公共商業施設_飲食店,食事・付き合い,友人知人,2017年
607,791,T014_016_2,2.252546044918445,-1.462374509888405,1.033424755158674,T014_016,363,2,飲食店で友人と昼食を取りながら,雑談,公共商業施設_飲食店,食事・付き合い,友人知人,2017年
608,792,T014_018_1,2.133723102936341,-1.4843495039488284,0.9930525782835397,T014_018,364,2,友人宅で友人とケーキを作りながら,用談・相談,室内_友人知人宅,家事雑事・その他,友人知人,2017年
609,793,T014_018_2,2.545703760652129,-2.0959216574055017,1.5255663504487698,T014_018,364,2,友人宅で友人とケーキを作りながら,用談・相談,室内_友人知人宅,家事雑事・その他,友人知人,2017年
610,798,T015_003_1,2.0117054622872,-1.5309684684684686,0.7575065530285194,T015_003,367,2,会社の応接室で取引先と仕事の打合せ,会議・会合,職場,仕事,仕事関係,2017年
611,799,T015_003_2,2.2291868836836324,-1.2442839603409932,1.120849833354624,T015_003,367,2,会社の応接室で取引先と仕事の打合せ,会議・会合,職場,仕事,仕事関係,2017年
612,808,T015_008_1,1.9700169049668408,-1.172374006614344,0.6502208857705014,T015_008,372,2,床屋で理容師と雑談,雑談,公共商業施設_商業施設,仕事・身の周りの用事,サービス場面関係,2017年
614,809,T015_008_2,2.059587467335468,-1.2560071708636489,0.832667794579712,T015_008,372,2,床屋で理容師と雑談,雑談,公共商業施設_商業施設,仕事・身の周りの用事,サービス場面関係,2017年
616,810,T015_008_1,1.9119719795754744,-1.2779328050005578,0.5961781472017071,T015_008,372,2,床屋で理容師と雑談,雑談,公共商業施設_商業施設,仕事・身の周りの用事,サービス場面関係,2017年
618,811,T015_008_2,2.241438657830901,-1.411418275695154,1.0909472146316388,T015_008,372,2,床屋で理容師と雑談,雑談,公共商業施設_商業施設,仕事・身の周りの用事,サービス場面関係,2017年
620,812,T015_010_1,1.8919734886902373,-1.2139122812509782,0.6412795903300288,T015_010,374,2,飲食店で店主に取材しながら,用談・相談,職場_相手の職場,仕事,仕事関係,2017年
621,813,T015_010_2,2.439194884372366,-2.281287096203875,1.5546598953913948,T015_010,374,2,飲食店で店主に取材しながら,用談・相談,職場_相手の職場,仕事,仕事関係,2017年
622,816,T015_012_1,2.0939959990647163,-1.2283476658476653,0.9245766661488268,T015_012,376,2,飲食店で息子と夕食を取りながら,雑談,公共商業施設_飲食店,食事,家族,2017年
624,817,T015_012_2,2.462146100180872,-1.580189361087019,1.2453530232899857,T015_012,376,2,飲食店で息子と夕食を取りながら,雑談,公共商業施設_飲食店,食事,家族,2017年
626,818,T015_012_1,1.7245147917844357,-0.9022882768930032,0.5337374497265698,T015_012,376,2,飲食店で息子と夕食を取りながら,雑談,公共商業施設_飲食店,食事,家族,2017年
628,819,T015_012_2,2.3218557749167457,-1.841036587881038,1.4275398354779214,T015_012,376,2,飲食店で息子と夕食を取りながら,雑談,公共商業施設_飲食店,食事,家族,2017年
630,820,T015_014_1,2.35016270387894,-2.022793653299653,1.153737405917725,T015_014,378,2,飲食店でボーイスカウトの先輩と夕食を取りながら,雑談,公共商業施設_飲食店,食事・付き合い,友人知人,2017年
631,821,T015_014_2,2.303186535078229,-1.405092072759937,1.135733213057451,T015_014,378,2,飲食店でボーイスカウトの先輩と夕食を取りながら,雑談,公共商業施設_飲食店,食事・付き合い,友人知人,2017年
632,834,T016_003_1,1.966292639474216,-1.5585293503860718,0.9428889786273014,T016_003,385,2,自宅で配偶者と夕食後の雑談,雑談,自宅,休息,家族,2017年
633,835,T016_003_2,2.3334041725643666,-1.6906973581041076,1.2474010307708334,T016_003,385,2,自宅で配偶者と夕食後の雑談,雑談,自宅,休息,家族,2017年
634,840,T016_005_1,1.4640433134137405,-0.2454539831766451,-0.0148080097162967,T016_005,387,2,自宅で息子と朝食を取りながら,雑談,自宅,食事・家事雑事,家族,2017年
635,841,T016_005_2,1.7389399345547318,-0.3641352063213349,0.2806056582199104,T016_005,387,2,自宅で息子と朝食を取りながら,雑談,自宅,食事・家事雑事,家族,2017年
636,842,T016_006_1,1.778462200476528,-1.1003632844723652,0.7585454777029501,T016_006,388,2,自宅で配偶者と夕食を取りながら,雑談,自宅,食事,家族,2017年
638,843,T016_006_2,2.3685028618538286,-1.5298237047697374,1.1659199560556512,T016_006,388,2,自宅で配偶者と夕食を取りながら,雑談,自宅,食事,家族,2017年
640,844,T016_006_1,1.9594935438129777,-1.1943392465616904,0.7572097917867251,T016_006,388,2,自宅で配偶者と夕食を取りながら,雑談,自宅,食事,家族,2017年
642,845,T016_006_2,2.490889596335983,-1.6299844401076002,1.1520876592030258,T016_006,388,2,自宅で配偶者と夕食を取りながら,雑談,自宅,食事,家族,2017年
644,848,T016_008_1,1.801074889619275,-1.7575414148197896,0.7144124355833401,T016_008,391,2,研究機関で仕事関係者と打合せ,用談・相談,職場_相手の職場,仕事,仕事関係,2018年
645,849,T016_008_2,2.7697349923645604,-2.814773701448574,1.9210233470323157,T016_008,391,2,研究機関で仕事関係者と打合せ,用談・相談,職場_相手の職場,仕事,仕事関係,2018年
646,850,T017_004_1,2.08386402787413,-1.068292569371159,0.7356138356356386,T017_004,392,2,美容院で美容師と雑談,雑談,公共商業施設_商業施設,仕事・身の周りの用事,サービス場面関係,2017年
647,851,T017_004_2,2.6008325662777483,-2.553915095896742,1.537648481635493,T017_004,392,2,美容院で美容師と雑談,雑談,公共商業施設_商業施設,仕事・身の周りの用事,サービス場面関係,2017年
648,858,T017_006_1,1.8688531362722087,-0.7319424964936885,0.5092328262205033,T017_006,394,2,自宅で友人と料理を作りながら,用談・相談,自宅,食事・家事雑事,友人知人,2017年
649,859,T017_006_2,2.0936039747376958,-1.5017166766489796,0.916729643124026,T017_006,394,2,自宅で友人と料理を作りながら,用談・相談,自宅,食事・家事雑事,友人知人,2017年
650,862,T017_011_1,2.59246554679312,-2.1494447320966272,1.6278779863366852,T017_011,396,2,スタジオでインストラクターとピラティスのレッスン,授業・レッスン,公共商業施設_スクール,仕事・レジャー活動,サービス場面関係,2017年
652,863,T017_011_2,1.8275249069586013,-1.1253237190880006,0.7334210055922983,T017_011,396,2,スタジオでインストラクターとピラティスのレッスン,授業・レッスン,公共商業施設_スクール,仕事・レジャー活動,サービス場面関係,2017年
654,864,T017_011_1,2.73137817762126,-2.2321657162806936,1.7789929839042509,T017_011,396,2,スタジオでインストラクターとピラティスのレッスン,授業・レッスン,公共商業施設_スクール,仕事・レジャー活動,サービス場面関係,2017年
658,866,T017_012_1,1.923744604571078,-0.9903813041981024,0.6485053643518005,T017_012,398,2,自宅で保険会社の担当者と保険更新の手続き,用談・相談,自宅,仕事・家事雑事,サービス場面関係,2017年
659,867,T017_012_2,1.865007666689455,-0.903760245503632,0.6413647802422889,T017_012,398,2,自宅で保険会社の担当者と保険更新の手続き,用談・相談,自宅,仕事・家事雑事,サービス場面関係,2017年
660,868,T017_016_1,1.85561801480695,-1.0003393921110193,0.6154210297097191,T017_016,399,2,自宅で妹と雑談,雑談,自宅,休息,家族,2017年
661,869,T017_016_2,2.4920478275810414,-1.781331089136686,1.1970041013184065,T017_016,399,2,自宅で妹と雑談,雑談,自宅,休息,家族,2017年
662,870,T017_017_1,2.2442039172269124,-1.3574474875246605,1.184555602450845,T017_017,400,2,飲食店で妹と夕食を取りながら,雑談,公共商業施設_飲食店,食事,家族,2017年
663,871,T017_017_2,2.350786068268266,-1.4685105458567025,1.0099482255856853,T017_017,400,2,飲食店で妹と夕食を取りながら,雑談,公共商業施設_飲食店,食事,家族,2017年
664,872,T017_018_1,2.1542566767988487,-1.3425603671307131,1.0221600655220902,T017_018,401,2,カラオケボックスで友人と軽食を取りながら,雑談,公共商業施設_飲食店,食事・付き合い,友人知人,2017年
665,873,T017_018_2,1.8100903988277777,-0.9566915327722518,0.5925917038601204,T017_018,401,2,カラオケボックスで友人と軽食を取りながら,雑談,公共商業施設_飲食店,食事・付き合い,友人知人,2017年
666,876,T018_004_1,2.076775441492658,-1.6970478891305003,0.6276252627143724,T018_004,403,2,塾で部下と仕事について相談,用談・相談,職場,仕事,同僚,2017年
667,877,T018_004_2,2.5489516060135164,-2.0004773192643284,1.5390100225750305,T018_004,403,2,塾で部下と仕事について相談,用談・相談,職場,仕事,同僚,2017年
668,886,T018_017_1,2.519210781891602,-2.167515859090295,1.401176430587195,T018_017,407,2,自宅で友人と雑談,雑談,自宅,付き合い,友人知人,2017年
669,887,T018_017_2,2.2336644517314,-1.6142466434609646,0.9580107950289078,T018_017,407,2,自宅で友人と雑談,雑談,自宅,付き合い,友人知人,2017年
670,888,T018_021_1,2.2238739027359515,-1.526175591727609,1.0999497591394036,T018_021,408,2,自宅で友人と雑談,雑談,自宅,付き合い,友人知人,2017年
671,889,T018_021_2,2.305780165147576,-1.545488826638612,1.0802038575535824,T018_021,408,2,自宅で友人と雑談,雑談,自宅,付き合い,友人知人,2017年
672,890,T018_022_1,2.3018134770337038,-1.4477493057093689,1.158410221831497,T018_022,409,2,塾で友人の息子に受験勉強についてアドバイス,用談・相談,職場,仕事・課外活動,先生生徒,2017年
673,891,T018_022_2,1.0127632836328886,-0.0260874084082523,-0.4847494838085779,T018_022,409,2,塾で友人の息子に受験勉強についてアドバイス,用談・相談,職場,仕事・課外活動,先生生徒,2017年
674,900,T019_008_1,2.3585952272136645,-2.27535392076454,1.5618230966148114,T019_008,413,2,美容院で美容師と雑談,雑談,公共商業施設_商業施設,仕事・身の周りの用事,サービス場面関係,2017年
676,901,T019_008_2,1.832756671576856,-1.5306328093510682,0.7036695996180339,T019_008,413,2,美容院で美容師と雑談,雑談,公共商業施設_商業施設,仕事・身の周りの用事,サービス場面関係,2017年
678,902,T019_008_1,2.4563057080219552,-2.701293759512938,1.621458912203379,T019_008,413,2,美容院で美容師と雑談,雑談,公共商業施設_商業施設,仕事・身の周りの用事,サービス場面関係,2017年
680,903,T019_008_2,2.57580607515588,-2.146997252387805,1.1224354292543657,T019_008,413,2,美容院で美容師と雑談,雑談,公共商業施設_商業施設,仕事・身の周りの用事,サービス場面関係,2017年
682,906,T019_011_1,2.4139393280417525,-1.4438094561976431,1.2039896111391677,T019_011,416,2,自宅で配偶者と夏休みの予定について相談,用談・相談,自宅,その他,家族,2018年
684,907,T019_011_2,2.200802701153086,-1.4624307769760028,1.05256024734234,T019_011,416,2,自宅で配偶者と夏休みの予定について相談,用談・相談,自宅,その他,家族,2018年
686,908,T019_011_1,2.3471218539745826,-1.5027901785714286,0.8570618666288706,T019_011,416,2,自宅で配偶者と夏休みの予定について相談,用談・相談,自宅,その他,家族,2018年
688,909,T019_011_2,2.517183011288458,-1.925407235533668,1.437921020685058,T019_011,416,2,自宅で配偶者と夏休みの予定について相談,用談・相談,自宅,その他,家族,2018年
690,912,T019_016_1,1.992548836659198,-1.459789752048805,0.9728404301414104,T019_016,419,2,自宅で息子の宿題を見ながら,用談・相談,自宅,家事雑事・課外活動,家族,2018年
691,913,T019_016_2,2.29692504505514,-1.8462831562523216,1.3739531066385628,T019_016,419,2,自宅で息子の宿題を見ながら,用談・相談,自宅,家事雑事・課外活動,家族,2018年
692,916,T020_003_1,2.633088310246797,-1.9562179314069672,1.648006152315035,T020_003,421,2,職員室で同僚と修学旅行の下見について相談,用談・相談,職場,仕事,同僚,2017年
693,917,T020_003_2,1.4386174461572914,-1.397632617273126,0.2380580937523215,T020_003,421,2,職員室で同僚と修学旅行の下見について相談,用談・相談,職場,仕事,同僚,2017年
694,920,T020_006_1,2.2919617574709865,-1.7056836984170105,1.266459058208789,T020_006,423,2,高校の打合せ室で生徒に小論文指導,授業・レッスン,職場,仕事・学業,先生生徒,2017年
695,921,T020_006_2,2.457827575474634,-2.8987517337031896,1.7083812218194676,T020_006,423,2,高校の打合せ室で生徒に小論文指導,授業・レッスン,職場,仕事・学業,先生生徒,2017年
696,922,T020_007_1,1.9967430458850743,-1.05040470093287,0.8052101767369172,T020_007,424,2,職員室で同僚と国語科の指導内容について相談,用談・相談,職場,仕事,同僚,2017年
697,923,T020_007_2,2.449479442107174,-2.208074046137407,1.4876914100077276,T020_007,424,2,職員室で同僚と国語科の指導内容について相談,用談・相談,職場,仕事,同僚,2017年
698,924,T020_008_1,1.898758612192092,-0.7794880169844446,0.3667172535427902,T020_008,425,2,高校のコピー室で同僚たちと資料を印刷しながら,雑談,職場,仕事,同僚,2017年
699,925,T020_008_2,2.1952397378406343,-2.5469406118776243,1.21112043322401,T020_008,425,2,高校のコピー室で同僚たちと資料を印刷しながら,雑談,職場,仕事,同僚,2017年
700,926,T020_009_1,1.970303561802544,-0.9772406944711386,0.6031087749754865,T020_009,426,2,高校の打合せ室で同僚と資料を揃えながら,雑談,職場,仕事,同僚,2017年
701,927,T020_009_2,1.8717364124439213,-2.2850720293918587,1.0969405209911536,T020_009,426,2,高校の打合せ室で同僚と資料を揃えながら,雑談,職場,仕事,同僚,2017年
702,928,T020_010_1,1.8564844776529188,-0.8355502986116498,0.7068776651930674,T020_010,427,2,実家で妹と雑談,雑談,室内_実家,休息,家族,2017年
705,929,T020_010_2,1.7821755258200462,-0.974247196189891,0.5451745379876798,T020_010,427,2,実家で妹と雑談,雑談,室内_実家,休息,家族,2017年
708,930,T020_010_1,1.9916483870318569,-1.3829169318905157,0.9322789129300308,T020_010,427,2,実家で妹と雑談,雑談,室内_実家,休息,家族,2017年
711,931,T020_010_2,1.5227263705291572,-0.4276346422474005,0.2516388910828527,T020_010,427,2,実家で妹と雑談,雑談,室内_実家,休息,家族,2017年
714,932,T020_010_1,1.964908833293688,-1.3157229212928698,0.8945590878106213,T020_010,427,2,実家で妹と雑談,雑談,室内_実家,休息,家族,2017年
717,933,T020_010_2,2.0766706212371524,-1.4363900762349622,0.9716126746529083,T020_010,427,2,実家で妹と雑談,雑談,室内_実家,休息,家族,2017年
720,934,T020_010_1,1.7691259013110945,-0.8264882716572105,0.3264129671778941,T020_010,427,2,実家で妹と雑談,雑談,室内_実家,休息,家族,2017年
723,935,T020_010_2,2.106371694825365,-1.5143500988506515,0.9894384554581992,T020_010,427,2,実家で妹と雑談,雑談,室内_実家,休息,家族,2017年
726,950,T020_022_1,2.216679385735899,-1.8924965458603464,1.0447461976424046,T020_022,435,2,美容院で美容師と雑談,雑談,公共商業施設_商業施設,仕事・身の周りの用事,サービス場面関係,2018年
730,951,T020_022_2,2.272094209487481,-1.906660535995796,0.9235549069037188,T020_022,435,2,美容院で美容師と雑談,雑談,公共商業施設_商業施設,仕事・身の周りの用事,サービス場面関係,2018年
734,952,T020_022_1,1.9866914331203689,-1.4027878641168403,0.7213264932209599,T020_022,435,2,美容院で美容師と雑談,雑談,公共商業施設_商業施設,仕事・身の周りの用事,サービス場面関係,2018年
738,953,T020_022_2,2.7943033149339755,-2.572725638259619,1.2950306785735977,T020_022,435,2,美容院で美容師と雑談,雑談,公共商業施設_商業施設,仕事・身の周りの用事,サービス場面関係,2018年
742,954,T020_022_1,2.184888842097875,-1.5769471270756616,0.9491439375372012,T020_022,435,2,美容院で美容師と雑談,雑談,公共商業施設_商業施設,仕事・身の周りの用事,サービス場面関係,2018年
746,955,T020_022_2,2.134021155750091,-1.7688650617034196,0.6989442086740498,T020_022,435,2,美容院で美容師と雑談,雑談,公共商業施設_商業施設,仕事・身の周りの用事,サービス場面関係,2018年
750,956,T020_022_1,2.1058027680241045,-1.6701913864417075,0.8608849474584406,T020_022,435,2,美容院で美容師と雑談,雑談,公共商業施設_商業施設,仕事・身の周りの用事,サービス場面関係,2018年
754,957,T020_022_2,2.4725378237257387,-2.04354756734279,1.016836580664638,T020_022,435,2,美容院で美容師と雑談,雑談,公共商業施設_商業施設,仕事・身の周りの用事,サービス場面関係,2018年
758,960,T021_002_1,2.007252506856475,-0.9232913649743248,0.884666329244785,T021_002,440,2,自宅で友人とお茶をしながら,雑談,自宅,食事・付き合い,友人知人,2017年
759,961,T021_002_2,1.9549974398037813,-0.9682185775829488,0.8119654880559871,T021_002,440,2,自宅で友人とお茶をしながら,雑談,自宅,食事・付き合い,友人知人,2017年
760,962,T021_003_1,1.9450074504600008,-0.8932104051021611,0.7947223415443405,T021_003,441,2,自宅で息子と雑談,雑談,自宅,食事,家族,2017年
761,963,T021_003_2,1.895532804282292,-0.9170822227954034,0.595585169850922,T021_003,441,2,自宅で息子と雑談,雑談,自宅,食事,家族,2017年
762,964,T021_005_1,1.7544477552757871,-0.5043586405690643,0.3881844984908692,T021_005,442,2,自宅で友人とお茶をしながら,雑談,自宅,食事・付き合い,友人知人,2017年
763,965,T021_005_2,2.468055811049607,-2.10483297401818,1.47258274751841,T021_005,442,2,自宅で友人とお茶をしながら,雑談,自宅,食事・付き合い,友人知人,2017年
764,966,T021_006_1,2.2242419661080257,-1.6778846153846156,1.1947187386122244,T021_006,443,2,印刷会社で社長と印刷物について打合せ,用談・相談,職場_相手の職場,仕事,仕事関係,2017年
765,967,T021_006_2,2.1102430310191025,-1.6623016588532278,0.8862175322841227,T021_006,443,2,印刷会社で社長と印刷物について打合せ,用談・相談,職場_相手の職場,仕事,仕事関係,2017年
766,968,T021_007_1,2.164371265163756,-1.165596886687557,0.988983180818976,T021_007,444,2,自宅で孫と雑談,雑談,自宅,休息,家族,2017年
767,969,T021_007_2,1.5699632771938714,0.0828938694792349,-0.2480900008395599,T021_007,444,2,自宅で孫と雑談,雑談,自宅,休息,家族,2017年
768,976,T021_011_1,2.16768414271252,-0.9888179563290368,0.8059475909397273,T021_011,447,2,美容院で美容師と雑談,雑談,公共商業施設_商業施設,食事・身の周りの用事,サービス場面関係,2018年
770,977,T021_011_2,2.037410523879585,-2.0244956772334297,1.089637425357131,T021_011,447,2,美容院で美容師と雑談,雑談,公共商業施設_商業施設,食事・身の周りの用事,サービス場面関係,2018年
772,978,T021_011_1,2.256590345571682,-1.4315163139875429,1.1126168127473526,T021_011,447,2,美容院で美容師と雑談,雑談,公共商業施設_商業施設,食事・身の周りの用事,サービス場面関係,2018年
774,979,T021_011_2,2.03040225437082,-1.9026720552460172,1.0389929139780685,T021_011,447,2,美容院で美容師と雑談,雑談,公共商業施設_商業施設,食事・身の周りの用事,サービス場面関係,2018年
776,980,T021_014_1,2.2210138567584776,-1.324078143311569,1.2861726144643315,T021_014,449,2,自宅で配偶者と夕食を取りながら,雑談,自宅,食事,家族,2018年
777,981,T021_014_2,1.0301602459833563,-0.5774574432576771,-0.3076963383706064,T021_014,449,2,自宅で配偶者と夕食を取りながら,雑談,自宅,食事,家族,2018年
778,982,T021_015_1,1.7847993269424465,-0.2564609518429607,0.2584179266936418,T021_015,450,2,自宅で友人と電話で雑談,雑談,自宅,付き合い,友人知人,2018年
779,983,T021_015_2,2.059469451380171,-0.5064593825268232,0.2086970890363802,T021_015,450,2,自宅で友人と電話で雑談,雑談,自宅,付き合い,友人知人,2018年
780,984,T021_016_1,2.057226687522261,-1.0691368710081783,0.90145460159055,T021_016,451,2,自宅で親戚とお茶をしながら,雑談,自宅,食事・付き合い,親戚,2018年
781,985,T021_016_2,1.7260480328788208,-1.0833006632036333,0.5289662959962689,T021_016,451,2,自宅で親戚とお茶をしながら,雑談,自宅,食事・付き合い,親戚,2018年
782,986,T022_003_1,2.036506389285762,-1.4451849692601229,1.0869078403668255,T022_003,452,2,自宅で恋人と夕食を取りながら,雑談,自宅,食事,友人知人,2018年
783,987,T022_003_2,2.107852050967836,-1.3399021864211738,1.0120491436689376,T022_003,452,2,自宅で恋人と夕食を取りながら,雑談,自宅,食事,友人知人,2018年
784,988,T022_005_1,2.1913349036567946,-1.4525628577269014,1.109082264655239,T022_005,453,2,旅行帰りの列車内で恋人と雑談,雑談,交通機関_電車,移動,友人知人,2018年
785,989,T022_005_2,2.098369639676668,-1.2160037421535492,0.804168818935918,T022_005,453,2,旅行帰りの列車内で恋人と雑談,雑談,交通機関_電車,移動,友人知人,2018年
786,990,T022_007_1,2.426073564902198,-1.934800881649731,1.4890923074037248,T022_007,454,2,自宅からオンラインで友人と雑談,雑談,自宅,付き合い,友人知人,2018年
788,991,T022_007_2,1.950658534631713,-1.2357227299595324,0.8416855190694912,T022_007,454,2,自宅からオンラインで友人と雑談,雑談,自宅,付き合い,友人知人,2018年
790,992,T022_007_1,2.3502113027272484,-1.6121247997771428,1.3512786002691783,T022_007,454,2,自宅からオンラインで友人と雑談,雑談,自宅,付き合い,友人知人,2018年
792,993,T022_007_2,1.8702118843851356,-1.0459955789831663,0.6233706967856021,T022_007,454,2,自宅からオンラインで友人と雑談,雑談,自宅,付き合い,友人知人,2018年
794,1000,T022_009_1,2.0216805958666995,-1.255071087852545,0.9123390982519024,T022_009,457,2,自宅で恋人と夕食を取りながら,雑談,自宅,食事,友人知人,2018年
795,1001,T022_009_2,1.6561679157529456,-0.6172604579762059,0.1756591934008441,T022_009,457,2,自宅で恋人と夕食を取りながら,雑談,自宅,食事,友人知人,2018年
796,1004,T022_012_1,2.1757832073921146,-1.6546401965446185,1.3324337291591697,T022_012,459,2,新幹線の車内で友人と雑談,雑談,交通機関_電車,移動,友人知人,2018年
797,1005,T022_012_2,2.4245853979631025,-1.8618649587494571,1.4772901389952935,T022_012,459,2,新幹線の車内で友人と雑談,雑談,交通機関_電車,移動,友人知人,2018年
798,1014,T022_015_1,2.4389278621537054,-1.639928016777192,1.2440033085194373,T022_015,461,2,飲食店で友人と誕生日会,雑談,公共商業施設_飲食店,食事・付き合い,友人知人,2018年
799,1015,T022_015_2,2.1713923789603924,-1.4274740039724263,0.9206286201523038,T022_015,461,2,飲食店で友人と誕生日会,雑談,公共商業施設_飲食店,食事・付き合い,友人知人,2018年
800,1016,T022_017_1,2.4951042429894086,-2.115158225452343,1.3811845431563738,T022_017,462,2,美容院で美容師と雑談,雑談,公共商業施設_商業施設,仕事・身の周りの用事,サービス場面関係,2018年
802,1017,T022_017_2,2.1011645721912564,-0.9482200949781254,0.642918833668162,T022_017,462,2,美容院で美容師と雑談,雑談,公共商業施設_商業施設,仕事・身の周りの用事,サービス場面関係,2018年
804,1018,T022_017_1,2.264268301018432,-1.7924986508364813,1.1688019626550354,T022_017,462,2,美容院で美容師と雑談,雑談,公共商業施設_商業施設,仕事・身の周りの用事,サービス場面関係,2018年
806,1019,T022_017_2,2.060392373753668,-1.0708216591545865,0.6441844776302474,T022_017,462,2,美容院で美容師と雑談,雑談,公共商業施設_商業施設,仕事・身の周りの用事,サービス場面関係,2018年
808,1020,T023_001_1,1.7489691819879436,-0.8857064649380384,0.3310352593778933,T023_001,464,2,自宅で配偶者と雑談,雑談,自宅,休息,家族,2018年
809,1021,T023_001_2,2.2483984270161157,-1.5567970132571645,1.3970461313573488,T023_001,464,2,自宅で配偶者と雑談,雑談,自宅,休息,家族,2018年
810,1028,T023_007_1,1.9985800762274863,-1.2351663373304822,0.6395310951521154,T023_007,468,2,自宅で友人と雑談,雑談,自宅,付き合い,友人知人,2018年
811,1029,T023_007_2,2.581294259759039,-1.8639865276434124,1.6395149491522385,T023_007,468,2,自宅で友人と雑談,雑談,自宅,付き合い,友人知人,2018年
812,1040,T023_013_1,2.0643108357059115,-1.5282523100371512,1.0715890441516225,T023_013,473,2,配偶者と車で移動中,雑談,交通機関_車,移動,家族,2018年
813,1041,T023_013_2,1.641644416741867,-0.903397734843438,0.2610711564549998,T023_013,473,2,配偶者と車で移動中,雑談,交通機関_車,移動,家族,2018年
814,1042,T023_017_1,1.908250625047352,-1.150655094997152,0.6625014715527826,T023_017,474,2,元同僚と車で移動中,雑談,交通機関_車,移動,元同僚,2018年
815,1043,T023_017_2,2.446408307549126,-2.351932202288091,1.4913310825137411,T023_017,474,2,元同僚と車で移動中,雑談,交通機関_車,移動,元同僚,2018年
816,1044,T023_020_1,2.168200478627157,-1.6380094590752847,1.0545547621207605,T023_020,475,2,飲食店で友人と飲みながら,雑談,公共商業施設_飲食店,食事・付き合い,友人知人,2018年
817,1045,T023_020_2,2.1234405032945367,-1.891800638544345,1.1170122305522876,T023_020,475,2,飲食店で友人と飲みながら,雑談,公共商業施設_飲食店,食事・付き合い,友人知人,2018年
818,1060,T024_008_1,1.8580345360276689,-1.3283875068547784,0.5983114821712011,T024_008,482,2,飲食店で同僚と飲みながら,雑談,公共商業施設_飲食店,食事・付き合い,同僚,2018年
819,1061,T024_008_2,2.4102523892385506,-1.565947762002818,1.1642158192703524,T024_008,482,2,飲食店で同僚と飲みながら,雑談,公共商業施設_飲食店,食事・付き合い,同僚,2018年
820,1088,W003_002_1,2.605087095413176,-2.164977870952713,1.7359167563688551,W003_002,491,2,研究機関で中学生たちが昼食を取りながら,雑談,公共商業施設_公共施設,食事,友人知人,2019年
821,1089,W003_002_2,1.57311803502388,-0.6280133604414754,0.4157784116499018,W003_002,491,2,研究機関で中学生たちが昼食を取りながら,雑談,公共商業施設_公共施設,食事,友人知人,2019年
822,1126,W007_002_1,2.100941080757435,-1.8664323614681908,0.9685458747864536,W007_002,504,2,飲食店で撮影の打合せ,会議・会合,公共商業施設_飲食店,仕事,仕事関係,2020年
823,1127,W007_002_2,2.355263109941653,-1.6569759830091786,1.2298322174543388,W007_002,504,2,飲食店で撮影の打合せ,会議・会合,公共商業施設_飲食店,仕事,仕事関係,2020年
824,1142,W009_002_1,1.945222873181707,-1.5037385643912735,0.9650393141131,W009_002,509,2,自宅で母・娘が雑談,雑談,自宅,休息,家族,2020年
826,1143,W009_002_2,2.1891022804377966,-1.5201423654568211,1.1291862269450608,W009_002,509,2,自宅で母・娘が雑談,雑談,自宅,休息,家族,2020年
828,1144,W009_002_1,2.065463113002157,-1.5934744791048905,1.0249597903139331,W009_002,509,2,自宅で母・娘が雑談,雑談,自宅,休息,家族,2020年
830,1145,W009_002_2,2.13120944708019,-1.459115089351129,0.9981937628874216,W009_002,509,2,自宅で母・娘が雑談,雑談,自宅,休息,家族,2020年
832,1146,W010_001_1,2.4058844518163496,-2.250599989732796,1.364800688897314,W010_001,511,2,事務所で書籍出版について打合せ,会議・会合,職場,仕事,仕事関係,2020年
834,1147,W010_001_2,2.426887585407804,-2.114411105439536,1.2376882523845762,W010_001,511,2,事務所で書籍出版について打合せ,会議・会合,職場,仕事,仕事関係,2020年
836,1148,W010_001_1,2.376300818648536,-2.3222802104548537,1.377747223465711,W010_001,511,2,事務所で書籍出版について打合せ,会議・会合,職場,仕事,仕事関係,2020年
838,1149,W010_001_2,2.548182780375195,-2.33626380917626,1.6365112135995077,W010_001,511,2,事務所で書籍出版について打合せ,会議・会合,職場,仕事,仕事関係,2020年
