話者,I(明瞭さ),F(親密さ),C(社会階層)
C001_001_1,1.62567701888553,-0.7104167789212779,0.23424896299198736
C001_001_2,2.1996604988056006,-1.2688725415226496,0.9374088795445127
C001_002_1,1.3039394682580774,-0.4193111175365042,-0.2483079602983075
C001_002_2,2.4020762278089007,-1.7347824302976838,1.3685649952190497
C001_003_1,2.2981198455393774,-1.4666587774684496,1.0084477296726502
C001_003_2,2.327623359775574,-1.2611468894594087,0.945216873333769
C001_004_1,1.7008026700826175,-1.085208702960127,0.4369528994860481
C001_004_2,2.179188835390553,-1.3707972134489173,0.9522630556584805
C001_005_1,1.811606840953178,-0.8651095610512224,0.41216576115904935
C001_005_2,2.030471889022495,-1.0924741426238433,0.9493272929644019
C001_006_1,1.9540355332612733,-1.0131946762349802,0.7188174634780239
C001_006_2,1.992425869791791,-1.0601637734414602,0.858530304716186
C001_007_1,2.196065066142139,-1.4059775115064186,1.083300084662469
C001_007_2,1.8660633286334178,-1.1948692327743502,0.6450415838990634
C001_012_1,2.133510554641319,-1.1710669340763649,0.8648426896504128
C001_012_2,2.2099039195036307,-1.4902056897636047,1.0495180938621027
C001_013_1,2.2581559736540116,-1.313085551477194,0.9660081870818903
C001_013_2,2.0509498197755565,-1.2961504432454938,0.7393773737408852
C002_003_1,2.0925572817354876,-1.2845695689549301,0.9624867691924536
C002_003_2,1.93052658464944,-1.0019109338650718,0.8881974430615527
C002_004_1,2.3297241004357114,-1.4505382246211078,1.15886384847233
C002_004_2,1.9450883454616539,-0.9812575120192305,0.6556243861902243
C002_005_1,1.9105173761829013,-0.7327458059035891,0.4365697705657941
C002_005_2,2.2561554705169846,-1.487877109255156,1.0878379824880644
C002_006_1,2.416732438831886,-1.5117435963555095,1.0885966617002434
C002_006_2,1.3395901430780368,-0.6153042266604737,-0.046542501268986264
C002_006_1,2.253239372584678,-1.5670367420093598,1.016489602739036
C002_006_2,1.269047252578113,-0.5380629732961337,-0.03180103964937342
C002_006_1,2.1659460763392775,-1.031722719929505,0.834530376513272
C002_006_2,1.222302430304905,-0.7801968185494741,0.08770789131476263
C002_007_1,1.940253112354048,-1.0155678281982012,0.709187964504557
C002_007_2,1.533870934133483,-0.8847484147245327,0.3417771497443993
C002_008_1,2.0885112466273,-1.1601185588174912,0.8480266628919974
C002_008_2,1.6308854268919406,-0.5545129169916946,0.26377389820345426
C002_013_1,2.0773727764207566,-0.8968268945623161,0.8869133732642873
C002_013_2,1.7714524600011363,-0.695803574314061,0.3039198196591035
C002_013_1,2.017983634892248,-0.8771853146853147,0.8736405180499288
C002_013_2,1.7698261641923616,-0.6930974424786875,0.4576720186127935
C002_014_1,1.7797845718637797,-1.0743962341383544,0.8077665736966317
C002_014_2,2.2931953949325945,-0.7079418142392487,0.6655789329560492
C002_014_1,2.1911546014916397,-1.5130931974016602,1.0604044342680956
C002_014_2,1.7072016997053574,-0.4790180694246313,0.07068889688537029
C002_015_1,2.3333347713732278,-1.3282474007575018,1.069253021471643
C002_015_2,1.9186349316191067,-1.0285059692652974,0.6482828030645837
C002_016_1,2.299974803750572,-1.4819650586752393,1.0853830314827768
C002_016_2,1.711438818547407,-1.0832170569017148,0.4011814748830032
K001_003_1,2.566614095398682,-2.167718495787859,1.4318191719550977
K001_003_2,1.848668559112,-0.7344156165672273,0.5065540397959304
K001_003_1,2.469905728788978,-1.7602705186247707,1.155643684488434
K001_003_2,1.92305882958275,-0.9194380061025702,0.6624887040724113
K001_004_1,2.3954589287279737,-1.3363627814498364,0.9840320168169135
K001_004_2,2.011774871083086,-1.1336539516512454,0.6911367767760414
K001_008_1,2.303350295614319,-1.3421986507038959,0.9475823035193197
K001_008_2,2.1624114788651654,-1.4770996385077035,1.0734395095223828
K001_009_1,2.272699546326772,-0.8628267231809466,0.5047956154373143
K001_009_2,2.088218474793814,-1.1243314158845497,0.6828042932176291
K001_010_1,1.955224092317949,-1.1889568558754553,0.7347472399767577
K001_010_2,2.363513299267047,-1.8087860746556792,1.293131048829442
K001_011_1,2.0277133879359193,-0.8398938976493349,0.6776991957183395
K001_011_2,2.06848420667086,-0.9559569476587514,0.6619127917150537
K001_013_1,1.534361569667028,-0.3613428632160702,0.0050386250033410485
K001_013_2,1.7800383818458456,-0.7908230064245046,0.4818212370724552
K001_014_1,2.0072232831900525,-0.7509545421799578,0.6224943114096868
K001_014_2,2.2957722755600476,-1.5272206415707859,1.3140058413135909
K001_016_1,2.462908151772477,-1.9222445057240742,1.1772937148600682
K001_016_2,1.3979357675763946,-0.7953050746775289,0.013205857901131794
K001_017_1,2.3445929876681832,-1.4451554428331363,1.08334827099781
K001_017_2,2.514692929778205,-2.3288869644178387,1.3573973768227037
K001_019_1,2.5474268056965172,-1.7451633262919266,1.388620480293498
K001_019_2,1.614913026898595,-1.0024227041993539,0.35243410671497866
K002_003_1,2.443247833295144,-1.9962151607553629,1.383897096418288
K002_003_2,2.7529156149151675,-2.654945380641883,1.6772244793771665
K002_003_1,2.5896161799251,-2.4382101240055665,1.6221515495362318
K002_003_2,2.5487477050465306,-2.3619881262062603,1.6363564677061537
K002_004_1,2.566684924407065,-2.4158781959476903,1.7467955885641644
K002_004_2,2.1081252759681153,-2.199364550558332,1.240199037315627
K002_007_1,2.213587745032976,-1.5561231010809229,1.1853518859035233
K002_007_2,2.2972734111557096,-1.7396104304774693,1.1935002260516658
K002_010_1,2.690538688609386,-2.2227751860688723,1.5801582065957056
K002_010_2,2.4737312750221,-1.8298441268240844,1.419801311399349
K002_012_1,2.2936181306118617,-1.610695223641355,1.1784710535532756
K002_012_2,2.1635801478042676,-1.7155674102812806,1.0269115449152308
K002_014_1,2.121945421857371,-1.1690301799032317,0.893705952038337
K002_014_2,1.9830440637997522,-1.2931062370600412,0.7172120072207627
K002_015_1,2.2906237602752992,-1.3330672099254857,1.1819723189767972
K002_015_2,2.02860087606287,-1.2095350342022557,0.8467610106954366
K002_016_1,2.2194754606864464,-1.5339827962373478,1.053269838994364
K002_016_2,2.381272186965321,-1.892849715463294,1.2354846960525194
K002_017_1,2.072766747551355,-0.9886590083225882,0.9418574988716859
K002_017_2,1.716197854933364,-0.8260548163311727,0.5148608951097287
K002_018_1,2.0606374239121297,-1.2469904364189415,0.8500407181913364
K002_018_2,1.9898777396492562,-1.4935464044253228,0.7779326244795429
K003_002_1,2.2065914988318514,-1.3238298185024617,1.0307871096271972
K003_002_2,1.0141854561744064,0.14976780185758487,-0.7587281178914055
K003_002_1,1.9192600779477638,-1.5549741165878912,0.9917446022399259
K003_002_2,1.5336496222105078,-0.5019132653061225,0.6415321195465475
K003_002_1,2.287024621875294,-1.4585882792847915,1.1277149340567467
K003_002_2,1.5778004687753824,-0.3929062099285584,0.17546619776965414
K003_002_1,2.0975308918840123,-1.1847161958735501,0.8782478422253026
K003_002_2,1.2389328169544405,-0.23059670352597542,0.059502189936972476
K003_003_1,2.02307739093413,-1.1510996611107267,0.8720209682178748
K003_003_2,2.0738896866412517,-1.1729233806578985,0.894707330216571
K003_005_1,2.12460595942457,-1.3889147247848639,1.0232826332188492
K003_005_2,2.21338821856279,-1.3527602647815107,1.0875109262045084
K003_006_1,2.0992465387021606,-1.101026408831806,0.6520258644110775
K003_006_2,2.190188305711154,-1.367602826933368,0.9641044369042441
K003_008_1,1.8897694616787153,-0.8228579217283151,0.45941908997021186
K003_008_2,1.920243841952581,-1.105608948566436,0.6910535839835865
K003_012_1,1.9698194336721502,-1.1846041689167295,0.6607943277824557
K003_012_2,1.8306219684937972,-0.8472301055738453,0.6015537973779667
K003_012_1,2.146605112981203,-1.2957393588542367,0.924499836561591
K003_012_2,1.8447091852415927,-1.149145361711473,0.702226277037621
K003_013_1,2.001131242031926,-1.108117713960762,0.7053312314141372
K003_013_2,2.0518761704741033,-1.1796530587595868,0.871438093651058
K003_013_1,1.6413885668964674,-0.9199858590619844,0.37743614574506684
K003_013_2,2.2369188941129607,-1.4270108208698051,1.1282541384857552
K003_014_1,2.01041265933164,-1.2539421813403417,0.7836511425796223
K003_014_2,2.0718331828257117,-1.1754897006806764,0.9624744635481126
K003_017_1,1.9916079019207726,-1.0885958597823004,0.6813067864991637
K003_017_2,2.052229922906631,-1.1573083384914669,0.902757103819066
K004_001_1,2.0260039615911856,-1.2722192314594072,1.0615040016430162
K004_001_2,1.4706123792706864,-0.14414087822853075,0.03424037056345125
K004_005_1,1.8568436710966707,-1.3589177891314446,0.8228105111085077
K004_005_2,2.1607746967839154,-1.714685376142489,0.8115360797381377
K004_007_1,2.0551937495689527,-1.19459012954319,0.952541182186447
K004_007_2,2.032647057647957,-1.4183042763944937,0.9992170084930609
K004_008_1,1.9686005838473837,-0.8856469212205562,0.6025352029126284
K004_008_2,1.8764506722508172,-0.6261698034730165,0.5166208236106946
K004_010_1,1.5540422312075854,-1.3944299309572685,0.4044128046768184
K004_010_2,2.41989658128324,-1.9516832917705733,1.3055090129071456
K004_011_1,1.9662713787822585,-1.0230217831070978,0.7553097767434344
K004_011_2,1.9565260019262822,-1.0495424551077186,0.9488479846935832
K004_012_1,2.0036206729881973,-1.8849631028573426,0.93492916205825
K004_012_2,2.3243707335949355,-1.9966319620176896,1.1229262575367622
K004_013_1,1.3604976393457295,-1.3358588089768508,0.17324081924055107
K004_013_2,1.517949355655765,-0.1414860600370342,0.1296412550188982
K004_015_1,2.090468817304446,-1.4636855718002724,0.9739859282760971
K004_015_2,2.236816813919574,-1.2057414319144526,0.9739375866954477
K004_017_1,2.1070073893241985,-1.1044521440108377,0.998742171326747
K004_017_2,2.114597943676745,-1.471879087341956,1.129612040622488
K004_020_1,2.080255642974896,-0.9853389540490932,0.9643308721374937
K004_020_2,2.3235460191981927,-1.3091178650852484,1.2908740153260807
K004_022_1,1.9422407613717818,-1.754915271714845,0.924561342971998
K004_022_2,2.288808747450773,-1.745387538341803,1.4268079427532734
K005_001_1,2.28682885501177,-1.7302322100581595,1.4417967870883388
K005_001_2,1.9848506502786911,-1.1938624142406824,0.9898210396742732
K005_002_1,2.028375353177159,-1.066104516686577,0.954811944787856
K005_002_2,1.9181646777763466,-0.8492765086307169,0.7010827623301604
K005_003_1,1.9615143500247771,-1.179518301680232,0.7950686664041708
K005_003_2,1.5980292639449383,-0.7499755930879622,0.23668624450915543
K005_005_1,1.8343779080848963,-1.3353606915296525,0.6876133539329615
K005_005_2,2.7413340113568947,-2.1041377889334285,1.5782340437538798
K005_006_1,2.1050778342745993,-1.2798806022234408,1.228724800339953
K005_006_2,1.6669419919411548,-1.1204143193008917,0.6435879717349139
K005_012_1,1.861458722856571,-0.8077908143841065,0.6993797883983943
K005_012_2,1.7128137171730935,-0.7854472086480087,0.7902575144472904
K005_016_1,2.0777346320440233,-1.1707399619793764,0.9645648813049946
K005_016_2,1.8237366661580507,-0.9935738661382651,0.6049680152862008
K005_019_1,1.8126507141532187,-1.2955458807769593,0.7260050706265844
K005_019_2,1.6676765322768587,-1.0640394088669947,0.6879240162822252
K005_019_1,2.2141303708928466,-1.364588207767899,1.1065323514116518
K005_019_2,2.1856138942906234,-1.5119359325778337,1.2396683175438235
K005_020_1,2.1054084614593886,-1.3387822640477955,1.0431509328741524
K005_020_2,1.767988424423615,-0.7817007147993061,0.7058073564097658
K005_021_1,1.9291041502149688,-0.9990797193143909,0.6693665870287279
K005_021_2,2.6243126048744827,-1.9041993023102741,1.5746825370511581
K005_021_1,1.793981440721241,-0.5858432684933417,0.2916447067917498
K005_021_2,2.486269138655301,-1.9006337985252,1.5809726192842184
K005_024_1,2.0780422168026242,-0.6723861449647207,0.5262019630677092
K005_024_2,1.5243172668915246,-0.29093327875562824,0.23353357648573225
K005_027_1,2.1685795773615393,-1.4328558960648712,1.0566143652764486
K005_027_2,2.210341825571688,-1.2502957131786108,0.9806595852198191
K005_028_1,1.6527106816961887,-0.8173022889896228,0.27146780534602405
K005_028_2,2.3784156667003526,-1.4994959942499517,1.2609014500136129
K005_031_1,2.395304150983127,-1.6150316291610494,1.025602014584754
K005_031_2,2.299192869318765,-1.2555812631920764,1.0756421285486049
K005_033_1,1.2912270261609942,-0.4987125045175283,-0.22502396056775145
K005_033_2,2.188691227890883,-1.7150437589044278,1.3599276556642985
K006_002_1,2.0947180028452115,-1.5938673341677099,0.8858680777301338
K006_002_2,2.263618218923101,-1.4806738687682635,1.1560753096909797
K006_002_1,1.9548480012455722,-1.2423112058465282,0.8767330183564398
K006_002_2,2.004867768840343,-0.9544817927170868,0.7541245343267692
K006_003_1,2.0919029090235317,-1.0863343668018128,0.8920475431932358
K006_003_2,2.1789533097112033,-1.2259793052475978,0.9958778339891321
K006_003_1,1.9787213303311204,-0.9964912960880861,0.7255797200210276
K006_003_2,2.021022300456324,-1.0946620327050753,0.793813394236582
K006_006_1,2.0768808221372823,-1.4760796891940728,1.0130299849390714
K006_006_2,1.8227630895667295,-1.1555981458370477,0.681441628022151
K006_009_1,2.5508432549367215,-2.6750833748909115,1.7599581612820132
K006_009_2,1.670931308233217,-1.3782686236232617,0.5394207416536774
K006_011_1,2.128339676066034,-1.2924379930902907,1.014483545551204
K006_011_2,1.9043417692129092,-1.309905960545853,0.8216563914329494
K006_013_1,1.8237363982329657,-0.870082463307611,0.6854374117736826
K006_013_2,1.2981848292693556,-0.05448442072645911,-0.2110077788883577
K006_016_1,1.9092973536605424,-1.047455756847737,0.745350130455159
K006_016_2,1.8771161155187812,-1.0093578186932615,0.906165189615006
K006_017_1,2.076425914383602,-1.7468273709559876,0.9119957781463521
K006_017_2,2.5407313309698956,-2.1028139124683056,1.5504344045655614
K006_018_1,2.311804463610933,-1.806013468109747,1.0709611129807175
K006_018_2,2.4280002188635095,-2.1452857598710184,1.2658862032121554
K006_020_1,2.237389903616531,-1.7904564192470804,1.0885914916583137
K006_020_2,2.265191087945143,-1.9028335681525224,1.1940042488983642
K006_021_1,2.028382137421223,-1.6619634916543147,0.844787791237259
K006_021_2,2.1501682740388377,-1.286756307756204,0.827331005368218
K006_023_1,2.281171652190135,-1.6048643798042737,1.030297636202327
K006_023_2,1.9405536245776127,-1.7023088173840368,0.8025657952999331
K007_001_1,2.024828160331192,-1.3562008226037194,0.8494080115027745
K007_001_2,1.6972546127728874,-0.9254476793762941,0.41754316028334004
K007_003_1,2.1518298635003443,-1.3764903602232372,0.9013445753888408
K007_003_2,1.5856888906253053,-0.6855443096654561,0.34250418923658477
K007_005_1,2.6011119276607984,-2.376598357185198,1.763970134649337
K007_005_2,1.421904223391762,-0.9594858306465298,0.3020067468212089
K007_006_1,2.1782212725977783,-1.2874031124196361,0.7279271649375396
K007_006_2,1.622890793099543,-0.5266326832151301,-0.1227556156562243
K007_007_1,2.4396663149353253,-1.862644539203258,1.35758619141965
K007_007_2,2.3036890672096777,-1.768171452431425,1.2532800797998567
K007_008_1,2.081726629717267,-1.2517156800447347,0.8526337925848512
K007_008_2,2.3414928754038584,-1.8052517054810633,1.4006910497280949
K007_013_1,1.91046823045374,-1.187987980275324,0.7464286636873235
K007_013_2,2.475647892993157,-1.8401694845699272,1.4014141122631976
K007_014_1,1.9547457508568231,-0.8779214206845786,0.5452559155780756
K007_014_2,1.9949327103418772,-1.0914374273537384,0.4824716597863834
K007_015_1,1.9293164525215973,-1.2121033447684395,0.7427648127758232
K007_015_2,1.8295162177367865,-0.9720038797772906,0.5399565442579047
K007_016_1,2.2854896534373226,-1.6215198507712012,1.1425409504126456
K007_016_2,2.3069635304855325,-1.5021563823814623,1.0471497138163803
K007_017_1,1.6092632523831358,-0.7444795870847565,0.23670363080041282
K007_017_2,1.8839780480965669,-0.7948113207547169,0.4717949401508888
K007_018_1,2.0723607058757305,-1.5691318627999846,0.9031033901163769
K007_018_2,2.55475913321215,-1.9856262716320325,1.368337516187071
K007_019_1,2.2700454961467553,-1.5079502974780181,1.1234871957840096
K007_019_2,2.536017555576758,-1.895332780999724,1.4386165549028782
K007_020_1,2.48482089865278,-2.0133839552770265,1.423102996137756
K007_020_2,2.5337767680789436,-2.234378885849291,1.400485096161345
K008_001_1,1.5759113757259282,-1.1283694001518603,0.42929880709921425
K008_001_2,1.9452855317876654,-0.41175211388205085,0.5781647798060775
K008_001_1,2.6170684989814843,-2.306345602294455,1.7795409121191932
K008_001_2,1.662600138261966,-0.36155251867153987,0.09097160423913891
K008_002_1,1.319067403493203,0.023451048399810548,0.19934194687424747
K008_002_2,1.7424468845429144,-0.6075632356624092,0.3758536271099084
K008_003_1,1.7718466254120642,-0.6163272157564906,0.18115026977384893
K008_003_2,1.0989227734789866,-0.1441717791411046,-0.9733710205296042
K008_004_1,1.9447689549476606,-1.3436101163831693,0.5412122603604634
K008_004_2,2.5600588048773454,-2.4963710591970965,1.8821434725173736
K008_004_1,2.3652722783327778,-2.2288670605815497,1.4186329902993935
K008_004_2,2.627485233860671,-2.4681707527818895,1.6238358255533702
K008_005_1,2.106391415723565,-1.3050003157761771,0.9517516756191473
K008_005_2,1.68276122613888,-0.6516605473965291,0.555154995703297
K008_010_1,2.447197443907306,-2.0891567970556313,1.2745428239368133
K008_010_2,2.5457178110439402,-2.061767150366144,1.4327898571122943
K008_013_1,1.8384369655706494,-1.1529519827695422,0.8096202043570463
K008_013_2,1.342495143660665,-0.09178261861313872,-0.03289815724106078
K008_015_1,2.004755155834007,-1.528568031285231,0.8048512500992842
K008_015_2,2.30129532932646,-1.692279610241342,1.2918307413592245
K008_016_1,2.295341791474879,-1.9004930373381168,1.1970403973819297
K008_016_2,2.3628046186001814,-2.0471731360858425,1.286444694369628
K008_019_1,1.5153992327274028,-0.26548890137679115,-0.01948469060024259
K008_019_2,1.9005110362074593,-1.1726536987079368,0.748250486977851
K009_002_1,2.0182040594989625,-1.1005830171135629,0.7301193281334658
K009_002_2,1.9893542788642182,-1.2643610993058505,0.670879297418871
K009_003_1,1.7051746686533367,-0.8173745073636178,0.41079949552079653
K009_003_2,1.791434678206718,-1.1141574488938673,0.45259264465569016
K009_006_1,1.332769100561668,-0.4646214495097542,-0.1435253821379275
K009_006_2,1.9233329686987233,-1.0719042309360092,0.6171828701537692
K009_007_1,1.7382662588353897,-0.8437613801893664,0.470499416622818
K009_007_2,2.2199534283938362,-1.5834717454693092,1.1861436963733065
K009_008_1,1.6177700164047202,-0.28820365972901274,-0.1797191228749433
K009_008_2,1.2542858328836495,-0.7814121271076524,-0.24568574023614934
K009_009_1,1.8937933080460256,-1.0268567361634429,0.43265288871983437
K009_009_2,2.1028520863113473,-0.8179675222629649,0.6670489812440965
K009_009_1,1.7759710930442638,-1.1367218808442427,0.6793141440572921
K009_009_2,2.140093156574705,-2.0616844602609725,0.8942505133470224
K009_010_1,2.6521893407139308,-1.9404307524536533,0.7858247785121638
K009_010_2,2.106570932999879,-1.3363944505754375,0.7769039402937163
K009_011_1,1.1655488613542495,-0.16709921399970326,-0.38654701757031906
K009_011_2,1.8482558843938275,-0.981887230223701,0.5270121642726727
K009_012_1,1.9594959159361294,-1.1199699635728437,0.715884946776139
K009_012_2,2.1578102631030176,-1.2591840363898428,0.8462060985379058
K009_014_1,2.2863390328709183,-1.6517467248908295,1.1421822433251407
K009_014_2,2.8373717528923814,-2.713744801067252,1.8869403428209486
K009_015_1,2.512452468226508,-2.5525661695552873,1.6107018620830773
K009_015_2,1.8487376265154043,-1.2157333890513995,0.9068186801140099
K009_016_1,1.6206490786284153,-0.7663215081723624,0.1319037116981837
K009_016_2,2.121700060439498,-1.0593166576037705,0.7423424654414611
K009_016_1,1.589296844854709,-0.9129901960784317,0.2187925019218256
K009_016_2,2.2030484797742886,-1.6185799571617372,1.165616912118366
K009_019_1,2.0064607561168772,-2.4674426176135436,1.2944200315065086
K009_019_2,1.7419434966205174,-0.8652688395266762,0.6169115919709746
K010_001_1,1.723735153940954,-0.8330804577770072,0.3969092374376503
K010_001_2,1.7288777596399192,-0.737338838796663,0.3411061017199689
K010_003_1,2.7154286462386628,-2.326713598702127,1.7824475737890744
K010_003_2,2.0833394168576898,-1.5480657864257588,1.009705342310046
K010_003_1,2.3833771169861944,-1.777717626678216,1.1149705914992782
K010_003_2,2.2903241626207644,-1.6719435437726495,1.0518467985576452
K010_004_1,2.4363344225596215,-2.441988851568641,1.671895825078347
K010_004_2,2.4918889876216648,-2.471146777750551,1.6600305016281272
K010_004_1,2.633459062352427,-2.4980997426610756,1.6217163813596778
K010_004_2,2.2864973136357394,-2.222283829713693,1.3421854907456905
K010_005_1,2.2981111591576115,-2.1616608097225267,1.412765801032879
K010_005_2,2.439546052588939,-2.337058990650344,1.6177617178899375
K010_005_1,2.7499542647071635,-2.5229778455777834,1.7588190250778786
K010_005_2,2.3752890527990718,-2.0764925373134333,1.3896688505593437
K010_006_1,2.397796669242776,-1.8338490656732558,1.2702126372463018
K010_006_2,2.304814270591396,-2.147764278557114,1.219829081391315
K010_008_1,2.524768229124385,-2.1697870423985077,1.4973591264054948
K010_008_2,1.3988480921526276,-0.9648524395669579,0.23109116959505285
K010_011_1,2.3765827167034943,-2.0067137851588748,1.3416394941704464
K010_011_2,1.7236871432586174,-0.7519465751840574,0.06491357116586963
K010_011_1,2.68445646338311,-2.359038370813021,1.7182975685216766
K010_011_2,2.2593039333941336,-2.236578734235798,1.4093839751479982
K010_012_1,2.3400017245839444,-1.7149722944702024,1.2479525800355074
K010_012_2,2.145613280738816,-1.7537542535878088,1.098951922718287
K010_012_1,2.2990154446226914,-1.7695539354998142,1.228087212580665
K010_012_2,2.0322876768699945,-1.8330535869700355,0.9266754933484647
K010_013_1,2.6196509099306566,-2.5118743289534233,1.8906115804181458
K010_013_2,1.2933136313261913,-1.0081348540758135,0.032585923786874846
K010_013_1,2.462793372610654,-2.3064330141868754,1.6020592517233516
K010_013_2,2.064371586885639,-1.8062762002689234,1.0872271657156536
K010_015_1,2.0205193390230614,-1.3152884775259106,0.7319929728674602
K010_015_2,2.116694491737882,-1.3624335427742866,0.8055687086366188
K010_016_1,2.1167447805709414,-0.8701869218704995,0.6414689773694603
K010_016_2,2.2034070741955647,-1.4899805252716454,1.189046242511011
K010_017_1,1.6309953084409288,-0.4215076596390112,-0.005940899621943076
K010_017_2,1.5162774621416688,-0.4180320873869265,0.12127870406272831
K011_002_1,1.9995195047546683,-0.96666000532907,0.6063466559550111
K011_002_2,2.1124890673005763,-0.6979766226866204,0.7012432359912347
K011_004_1,2.1218892459457437,-1.5569593698400237,1.0123742550331922
K011_004_2,1.9535350181903697,-0.9938934021297617,0.462870398497694
K011_005_1,2.47051603490163,-2.1286752286884023,1.5159967005959878
K011_005_2,1.559200536910196,-1.5040062276904385,0.4653318872430096
K011_007_1,2.3237071308728114,-1.8014297309109075,1.2625614685210806
K011_007_2,2.102510787461703,-1.0402115821070361,0.5667512083953608
K011_009_1,2.208748583379094,-1.2275333054820587,1.0181750309138844
K011_009_2,1.6222541301513427,-0.519126397698293,0.11055301208787556
K011_009_1,2.31256919599967,-1.5287698412698414,1.1125276452632922
K011_009_2,2.128609956714111,-0.6069560569617833,0.40980809416997294
K011_015_1,2.0705730890232736,-1.325900830236038,0.896943405574252
K011_015_2,1.7995312870374924,-0.9374988847848976,0.5167261154468491
K011_016_1,1.9592530552774776,-1.0466236991485336,0.7792758013106056
K011_016_2,1.834093185144722,-0.7513949725190413,0.4112662851065611
K011_016_1,2.0775969039043267,-1.1392244374365281,0.7187479058047745
K011_016_2,1.7463956253886443,-0.9664754873157397,0.4254813543254628
K011_018_1,2.1086166126122756,-1.50576358160116,1.067595825320662
K011_018_2,1.6146309332674655,-0.5828240591830168,0.12857259847678332
K011_019_1,1.7801175033447734,-0.6685797884312403,0.2853019281838121
K011_019_2,1.0159208780605478,0.33047790802524823,-0.6326288292567092
K011_019_1,1.466483166056863,-0.7569142631370995,0.16643272508522142
K011_019_2,1.2969158389963407,-0.7737618093329515,0.06470936252033713
K012_001_1,2.6672003835524745,-2.4611182287343465,1.710987153176447
K012_001_2,1.2173771946672316,-1.0523711503443907,-0.09792750228292359
K012_002_1,2.4731922241076476,-1.846979983612314,1.3421208706482417
K012_002_2,2.2321464014925967,-1.2839515753530966,0.8943606350209302
K012_002_1,2.7239259582081337,-2.3330009438845414,1.750454469073189
K012_002_2,1.79019679851375,-1.0714285714285714,0.49883675843350117
K012_002_1,2.4595068566132605,-1.9261334719978753,1.4751999201428554
K012_002_2,1.6160044855328526,-0.8724635055388754,0.3526073260263984
K012_002_1,2.3453397360134227,-1.6447372750304348,1.2147339046581132
K012_002_2,1.9483056927037177,-1.3241433195669157,0.8553677234562352
K012_003_1,2.040669281882955,-1.4426254589963279,1.069719537315798
K012_003_2,1.8307902527897975,-0.9173370876910697,0.9340999557717822
K012_003_1,1.756810420141371,-1.1569237777102945,0.7371482471309542
K012_003_2,2.5572330919735022,-1.2273755656108598,1.9137722742373902
K012_003_1,2.0302584473542247,-1.2137135227922942,0.80854692525095
K012_003_2,2.3411371237458196,-0.48808068459657683,1.588235294117647
K012_004_1,1.8382482782977219,-0.9461301535074157,0.6113674509633906
K012_004_2,1.6316576469055013,-0.2312464132484355,0.5040638149148174
K012_006_1,1.720282293569542,-0.8595575959933222,0.41339770669885323
K012_006_2,1.5925353825954316,-0.34428702360039726,0.24147760101690957
K012_007_1,2.107876865623921,-1.3853399685167316,0.9673016521539282
K012_007_2,2.0722561585450294,-1.158543280668578,1.4454255090445618
K012_007_1,1.8193322887790766,-1.2398319723618092,0.605986731676125
K012_007_2,1.8428942428839576,-0.7277310498581276,0.869278868330685
K013_003_1,1.3720330867466628,-0.322970827036857,-0.05321662963486205
K013_003_2,1.1507453616523242,-0.13477799689255374,-0.26719731378633216
K013_004_1,2.2238862410189784,-1.1090588481425026,0.8913749616423796
K013_004_2,1.7098902654032346,-0.8073831182568226,0.43353248253025495
K013_009_1,2.0355323219122297,-1.0609730015348613,0.7822258109284512
K013_009_2,1.8658185861321437,-0.8600500086648677,0.6567756110276683
K013_011_1,1.746303267465321,-0.7197456349991633,0.4075106167229586
K013_011_2,1.676760740857077,-0.6680565072237697,0.3168967808354202
K013_012_1,1.6725687985337607,-0.4161652353080608,0.3903445062625037
K013_012_2,1.740595360251044,-0.6237200441625356,0.48638252623126854
K013_017_1,2.0566574458792037,-1.3021408225031155,0.9919259242691952
K013_017_2,1.5606641123882503,-0.5650052569325803,0.21915858462149512
K013_019_1,1.764053208495837,-0.7486132501500953,0.43582814307468093
K013_019_2,1.7568027629094705,-0.8283720524208071,0.4016611949022458
K013_020_1,1.7105472027575572,-0.6889939189596004,0.5712872483424203
K013_020_2,1.7442125329646567,-0.6072633699900466,0.36712673896374165
S001_004_1,1.7560912108654616,-0.6146726088447035,0.25730171779672
S001_004_2,1.775850716229144,-0.8255254588513911,0.46149934261119785
S001_006_1,1.6943617442921535,-0.7624688279301743,0.25196553184437753
S001_006_2,1.7842958452344166,-0.7899033555435498,0.3939934649380375
S001_011_1,1.9447731579930776,-1.2370587402188151,0.8058779616430564
S001_011_2,2.1178308403297312,-1.1986077828248507,0.8479450950175161
S001_012_1,1.3758611743679918,-0.5903549557722839,0.0005456320716789803
S001_012_2,1.8505942558050377,-1.1711516872482335,0.925518113169888
S001_013_1,2.1824487820616234,-1.5103597530688995,1.008458209649154
S001_013_2,1.9274550134867163,-0.9711881817737124,0.5729568874351343
S001_015_1,1.9485217975389721,-1.3772779571688376,0.9088444121428971
S001_015_2,2.0255741154533284,-1.2685696778347837,0.9117643997043542
S001_017_1,1.838372793060658,-1.40545552139755,0.6984985648045919
S001_017_2,1.7733154389607757,-1.8097175084847275,0.702917571046388
S001_018_1,2.0950675526946707,-1.490288844621514,0.9324226319981925
S001_018_2,2.132645911626844,-0.9698547885386137,0.6746035907153719
S001_019_1,1.715977888918136,-0.9477453123202578,0.3902453236990851
S001_019_2,2.4306238113169774,-1.7272640845739926,1.4458608435514146
S002_001_1,1.9614254281362036,-1.076130055511499,0.7764503547188352
S002_001_2,1.5917556749192234,-0.8841820548279509,0.4341570543081156
S002_003_1,1.8957408252756223,-1.3547727522230757,0.8091463919803376
S002_003_2,2.654583646489757,-2.4730332367738983,1.9527315366575677
S002_004_1,2.2836070288852666,-1.445496333588705,1.0236453047795278
S002_004_2,1.7555413809599747,-1.05390407644853,0.41629621762679947
S002_005_1,2.317910104858881,-1.9525277595212565,1.172669849494416
S002_005_2,2.228114137903161,-1.8452829029235098,1.2521525688475772
S002_007_1,2.070842539667948,-1.3832920451417559,0.8850000984503908
S002_007_2,1.8320632156243408,-0.7692050552104895,0.6053442293348897
S002_008_1,2.098282999274507,-1.197955284860407,0.7660007013486743
S002_008_2,1.968631905621014,-1.2947542728724346,0.7828989334084938
S002_009_1,2.060490238155007,-1.4297585273067257,0.9837326689424207
S002_009_2,1.6852610145219393,-0.7734582081639865,0.1904421935656593
S002_010_1,2.0799467304544024,-1.0733253426970084,0.8823270237752282
S002_010_2,2.053560918187169,-1.8270539314516123,1.3439242640383868
S002_011_1,1.9699938763012859,-1.2183694484240686,0.8379539595676354
S002_011_2,1.7324140791042455,-1.2786835748792267,0.7530120481927712
S002_012_1,2.043534651944639,-1.2094550155353454,0.7373324541558188
S002_012_2,2.318752200297152,-2.0610862688200178,1.4904484802232263
S002_014_1,2.2719431581179963,-1.5960745030404853,1.166957453378024
S002_014_2,1.8204746978291684,-0.9372975561801296,0.43071481310858784
T001_002_1,1.7828391473253518,-0.8547875210257389,0.46838909157386865
T001_002_2,1.5619327646406744,-0.606343636277707,0.24278233879470681
T001_003_1,1.9396168499914168,-1.571381424097915,0.796159027923631
T001_003_2,2.238293924777283,-1.5138214768409506,1.0784392136509242
T001_005_1,1.9045385356155446,-1.0986512876846093,0.36671616855392597
T001_005_2,2.4412408810031945,-1.858119326986938,1.4966305588816795
T001_007_1,1.971505779694226,-1.195833816873622,0.8761915850446066
T001_007_2,1.5692866244261752,-0.858394387614045,0.2521333286893519
T001_008_1,2.5378449458967367,-1.9203475189674717,1.4012413808176063
T001_008_2,2.4394946084304547,-2.1841452368763044,1.2292082830640214
T001_009_1,2.108713189458034,-1.1561644927343726,0.8299982680752989
T001_009_2,1.736397138521569,-1.2114869798004377,0.6009191289864904
T001_011_1,2.2528025210752767,-1.4799229922992296,1.1623193476900893
T001_011_2,2.2897528497529827,-1.729600228137891,1.2763896360943403
T001_014_1,2.257376118276316,-1.6047571537166747,1.077499303247208
T001_014_2,1.5140584101847245,-1.0550050386294927,0.2412529750192087
T001_015_1,2.033564486607718,-1.6735497307731384,1.017316684651354
T001_015_2,2.040784636112443,-1.343504913008203,0.9031464869541456
T001_016_1,1.918002263517214,-1.5317460317460316,0.9022963447423876
T001_016_2,2.174027996966654,-1.5838329417483594,1.0015739340174152
T001_019_1,2.053176943851204,-1.0640653657656578,0.9403814443080768
T001_019_2,2.034084703218081,-1.285614371640389,0.828887153142868
T002_006_1,2.36903725289031,-1.7468688878976086,1.2709822428135922
T002_006_2,1.7056680955983299,-1.1221879135421262,0.3937803584389479
T002_006_1,1.9029688631426502,-0.9152295206695411,0.8591567680459468
T002_006_2,2.5020863543547094,-1.9502502036541374,1.1899652143151935
T002_006_1,2.202204099184464,-1.226970863330874,0.8037846913382833
T002_006_2,2.361575416091415,-1.7633589337234348,1.1097025791408293
T002_011_1,2.1554479806365143,-0.951534445938464,0.8448385938310519
T002_011_2,1.9380065598655498,-1.2086357813834325,0.8080330614229373
T002_011_1,2.2721330213784356,-1.3711023120978574,1.2020954349452975
T002_011_2,2.107447713472764,-1.53856137517305,1.1351469814739055
T002_011_1,2.1658863717662973,-1.2441052350846369,0.9015487855666697
T002_011_2,1.9793911824346686,-1.0786582879620081,0.6341373961352073
T002_012_1,1.9702357000085755,-1.161508030386668,0.7419820461106496
T002_012_2,2.1474506864838756,-1.409425771821751,1.0100215682558586
T002_013_1,2.0708223600108924,-1.3112159311730804,0.8837625877453646
T002_013_2,2.2309103634598824,-1.4628147176886008,1.039954278738462
T002_014_1,1.1246736052370268,0.20632291516635465,-0.309933387014128
T002_014_2,1.6381718347725045,-0.9853166037057027,0.4185407296351823
T002_015_1,1.797896251931335,-1.2072729872145747,0.6368973346697484
T002_015_2,2.259408938675841,-1.4733850478722152,1.1520396205192833
T002_018_1,2.3217098858306042,-1.574458307259074,1.1691186580503228
T002_018_2,1.5071313275647644,-1.0517304284374018,0.3194188070249455
T002_019_1,2.4579090090624343,-1.356061094630035,1.0776578207324565
T002_019_2,1.993798694343282,-0.8727260507213912,0.6117178176577875
T002_020_1,2.367189964331643,-1.8485636796369074,1.3950495804200647
T002_020_2,2.1342807768371275,-1.6846374757571234,1.0479921706499107
T003_001_1,2.002981141042535,-1.0755888376856118,0.6234974796432725
T003_001_2,1.859931113662457,-0.78984739296312,0.6540549343176637
T003_002_1,1.9107289571351669,-0.6359888045683373,0.30398407877610306
T003_002_2,2.44394821190383,-1.856417578930668,1.4424884963732076
T003_003_1,2.620403328704205,-2.1041896395216364,1.598108278643301
T003_003_2,1.9491151682152736,-1.7260767439106235,0.9191393045644142
T003_004_1,2.324992882674849,-1.4566371601644195,1.063616081509516
T003_004_2,2.2828286164950327,-1.5848510750213691,1.16506904687268
T003_006_1,1.7974931949104258,-1.223151004752772,0.4143764993055848
T003_006_2,0.7627867519705912,0.059226932668328965,-0.5219900077404828
T003_007_1,2.3059370259489045,-1.9155881507046306,1.131300011224964
T003_007_2,0.7050215746357325,0.18464880521361335,-0.5049621635032876
T003_012_1,1.8964745444421394,-0.78338324002951,0.6048385338304874
T003_012_2,1.7453272488591614,-0.17219797414148086,0.07815552138315095
T003_015_1,1.9697232969354526,-1.1747751787360186,0.6819112926393623
T003_015_2,2.229678092597613,-1.3040260720551635,0.915418511210395
T003_017_1,1.7391817931251725,-1.098278018027406,0.4453630670055813
T003_017_2,2.4367007322373104,-1.6740804988111992,1.3109316271545168
T003_018_1,1.8641348581203183,-1.016312677906722,0.6486188758227535
T003_018_2,1.7940320531212854,-0.5824296481049719,0.31927661547693675
T003_019_1,1.8787272363418055,-0.19284613408682275,-0.06407882555217612
T003_019_2,1.942420802806728,-0.12003504672897203,-0.33760944817756133
T003_021_1,1.8020098922494587,-0.6944711307522339,0.39936248822776554
T003_021_2,1.8463225628399824,-0.7696858366118954,0.48767976085095244
T004_001_1,2.088591886708562,-1.2932267703210112,1.0033217965548793
T004_001_2,1.8512438622239136,-0.9043426809151546,0.44691081305809577
T004_002_1,2.0493655600123795,-1.072551580678712,0.6120408435502842
T004_002_2,2.4450426406025096,-1.7883772073357505,1.3212190533622616
T004_003_1,2.3351457566298035,-1.5437567648690687,1.1570875121209498
T004_003_2,1.8161788253378597,-0.9536096548711231,0.5816928953958073
T004_005_1,2.3974128527753455,-2.2066177366305277,1.349299316181656
T004_005_2,1.8935531716739673,-1.079128905721628,0.6323741501270516
T004_005_1,2.0583621344706717,-1.4828822821455288,0.9211733402980687
T004_005_2,2.1615237891509347,-1.4660748969633803,1.2204046977235754
T004_006_1,2.605867762101979,-1.989521114562179,1.4430301171930506
T004_006_2,1.8688864728485945,-0.8518897845909869,0.3049277909502412
T004_010_1,1.9578173994644203,-1.386722985182508,0.875564784811282
T004_010_2,2.475778258698185,-2.3147879804759,1.6782490859349026
T004_010_1,2.057527577975067,-1.2270070509648687,0.7649403631154429
T004_010_2,2.430273934919381,-2.133183840666714,1.4271861870911697
T004_011_1,2.0611360744713405,-0.9823844779167733,0.7143454083764584
T004_011_2,2.073950078399797,-1.2610547553662501,0.9152590169481964
T004_013_1,2.186856504600354,-1.4697579246722619,0.9552518873087715
T004_013_2,2.0749940343189364,-1.3210222363039348,0.7926846888500381
T004_014_1,2.1097388517017066,-1.1565081749378934,0.8294692150526727
T004_014_2,2.2511432049215387,-1.7407270191343764,1.3344758108670414
T004_016_1,1.6643378500119506,-0.7111984282907663,0.18792414071384028
T004_016_2,2.1947843628100276,-1.3942706824983109,1.0913955012011354
T004_017_1,2.3316622456879594,-1.7793176435014866,1.2746002382098778
T004_017_2,1.3126373762070582,-1.7062719127386052,0.3394219880852738
T005_001_1,1.8668012108980827,-2.0197201017811706,0.34937611408199587
T005_001_2,1.5873699556026772,-0.11338693210821878,-0.26869005386940015
T005_002_1,1.7372230911934814,-0.7096751211171277,0.4638693794801241
T005_002_2,1.9184963838725044,0.21328996282527873,-0.1253983291706146
T005_004_1,1.9739579882048903,-1.5687212863705975,1.0582709236631194
T005_004_2,2.1807405796313413,-1.8858844613114059,1.306770327178491
T005_005_1,1.9781575523714279,-1.1191578910294788,0.7413854069058183
T005_005_2,1.635034175806708,-0.6383876600698487,0.6516661476175646
T005_006_1,2.2539835685356535,-1.2740264897818991,0.9682904288301065
T005_006_2,2.0453525896617135,-1.0714459887832237,0.7083053503469888
T005_007_1,2.656230432060113,-2.2220774385703645,1.6507517269402676
T005_007_2,1.939926423396856,-0.9704818974607902,0.891150501840501
T005_008_1,1.8845915269177613,-0.8743727831127259,0.46130273195540156
T005_008_2,2.121555323898204,-1.6154356349634915,1.0765233460058143
T005_009_1,1.968725394040696,-1.2943183686893602,0.8046661702655746
T005_009_2,1.472170577298722,-0.3283803863298663,-0.07944254141053965
T005_010_1,3.27580372250423,-1.8225255972696244,1.6952908587257614
T005_010_2,1.91152332572231,-1.1496366244884517,0.7906698423553546
T005_011_1,1.9812246614714164,-1.3292832938773615,0.8364947154756069
T005_011_2,1.8113485202002106,-0.6300542975970423,0.2804335634584517
T005_011_1,1.9658699961267685,-1.1652500449721173,0.7270682840397978
T005_011_2,2.1627346002235686,-1.0833979678895527,0.8483431790618516
T005_012_1,2.174976832629286,-1.4357491155942246,1.0780803153012426
T005_012_2,1.7077575177505837,-0.7105329604164242,0.45925752521410007
T005_013_1,2.4728738596893765,-2.5804980625649745,1.8049746289182906
T005_013_2,2.6795068902774446,-3.0271109193893246,2.05202469669489
T005_019_1,2.4320573331015765,-2.5399617895239612,1.7788900456474732
T005_019_2,1.81446848610054,-1.8003691608689476,0.9943727003823671
T006_001_1,2.2459554647260505,-1.8668318060525828,1.0677475871077426
T006_001_2,2.215309950161435,-1.366426139787924,1.017570842274459
T006_002_1,1.9095697303137393,-1.1455490223768505,0.6376694672829306
T006_002_2,1.8633344211556886,-1.4101515088101122,0.4700174512731019
T006_003_1,1.4012569216914799,-0.17706359433032706,0.035396200451053
T006_003_2,1.5778740901261323,-0.5247196364435972,0.36757695576660065
T006_004_1,1.9074612089032417,-1.4977330389024621,0.6968531756780627
T006_004_2,1.6164788316238239,-1.6084789057350035,0.4798925363109729
T006_005_1,1.756657515611831,-0.938881025399072,0.5013348307080021
T006_005_2,1.9643400792038372,-0.8917581222200732,0.5547563355189001
T006_006_1,1.8217466259012673,-1.4502330163300872,0.7345370141359564
T006_006_2,2.0688499971119967,-2.369354202936636,1.151505909892682
T006_006_1,1.8903324840562739,-1.341231261368626,0.9141846435677963
T006_006_2,2.169618829577861,-2.081836539483473,1.287041244553741
T006_008_1,1.3417397589420015,-0.676833037162945,0.054245742566540724
T006_008_2,1.8381094612625626,-1.0181957409568263,0.5637481361980884
T006_008_1,1.2715976718331043,-0.9675529233870969,0.12864738684995444
T006_008_2,1.1191540699737423,-0.34201199563794965,-0.5379693432709887
T006_009_1,1.4375026449055592,-0.5960096261473026,0.14403987496831935
T006_009_2,1.7598077953692854,-0.4913347549515687,0.291992524178476
T007_004_1,2.1995297779691043,-1.4570780978368507,1.0276028281179335
T007_004_2,2.158035855421112,-1.2412675066692076,0.9163769818318414
T007_005_1,1.8183563860377616,-1.0249873996820837,0.7562936858706023
T007_005_2,1.2116158084815671,-0.47547804079963196,0.0754637166553434
T007_005_1,1.5451799772243406,-0.8175308964885899,0.36454662231151763
T007_005_2,1.3346016516786334,-0.6541159817067479,0.15017717488019194
T007_006_1,2.500939116072732,-1.7380957162653383,1.2679522146516236
T007_006_2,2.055675793098455,-1.0452703568454098,0.6652119400106088
T007_007_1,2.136764122482494,-1.305179312116874,0.9554744660068922
T007_007_2,1.4268307308531818,-0.29225018925056756,-0.06632872650758007
T007_009_1,2.9477540710931356,-3.1129143259371514,2.333102693440332
T007_009_2,0.8807562035036155,-0.6029222975903408,-0.3282258975673773
T007_010_1,2.080518336793106,-1.0960183957573744,1.0700096190038053
T007_010_2,2.4179084048872626,-1.9086791562284422,1.644756748874428
T007_014_1,2.4724315537454387,-1.9849084133178634,1.3874005047563578
T007_014_2,2.1017860881609254,-1.6140062547868268,1.488894603195011
T007_014_1,2.4971858505147124,-1.7340846524432205,1.4600546162338035
T007_014_2,2.3863021732755527,-1.7035047326682016,1.529135033417688
T007_014_1,2.596158812894743,-2.14205966830353,1.6047703759187297
T007_014_2,2.543290638227695,-1.9223844023013001,1.8340792489902846
T007_015_1,2.4448532017509814,-1.944807863321566,1.4576549648811488
T007_015_2,1.891482156090061,-0.985473056866153,0.513568868407578
T007_016_1,2.6733413824786814,-2.743422644248216,2.0506288783359374
T007_016_2,1.5400659510659374,-1.2549951529513141,0.8127793882582425
T007_016_1,2.8812744200173963,-3.011497576558714,2.3210622660080396
T007_016_2,1.357057397920054,-1.1715325499125768,0.3855313412716243
T007_017_1,2.519427639843978,-2.280791117936635,1.6934695725892657
T007_017_2,1.6207382730784108,-0.6508767116128357,0.36885901115173386
T008_003_1,2.232426072444802,-1.3712204311331555,1.1059312891083886
T008_003_2,2.2241757108607665,-1.7584831860205223,1.3079235393864648
T008_004_1,2.2112297089769135,-1.3348158040618858,0.883809330731608
T008_004_2,1.6365940880901724,-1.093860268172195,0.4406444064440642
T008_005_1,2.147845798042609,-1.0357663347097403,0.7168995139249796
T008_005_2,1.471842308575724,-0.4012625845849152,-0.08623131064928588
T008_005_1,2.2062327200737273,-1.2306831539922232,0.843368703278725
T008_005_2,1.877329774632259,-1.1019443453442739,0.5688096734608361
T008_005_1,2.2037648907860192,-1.1492964717528111,0.7999893090053812
T008_005_2,2.103971624727893,-1.2400108643167551,0.7650329677007682
T008_006_1,1.8179063518380882,-0.5242363877822043,0.3022925888094427
T008_006_2,2.1325150496442813,-1.8268022734071194,0.8502553784243926
T008_008_1,2.1813672175504677,-1.2399711450489126,0.871076292593312
T008_008_2,2.0760751254647856,-1.2890988710428304,1.073703492869758
T008_009_1,2.2391501367315256,-1.200020396636124,0.9829557084599516
T008_009_2,2.2995556855789805,-1.6630120133159645,1.009339316332859
T008_010_1,2.4605567049303407,-2.02204235971486,1.2899233773522232
T008_010_2,2.4021756266750747,-1.5327620796354857,1.2281345018780183
T008_011_1,1.7324927220446145,-0.4263416531146151,0.1476782723352692
T008_011_2,1.782975158571404,-1.1149444745395447,0.766623451946368
T008_013_1,2.23244125825956,-1.3362640896320617,1.169789843869455
T008_013_2,1.574325722563289,-0.9556634597930658,0.5363348768969786
T008_014_1,2.0505907081249544,-1.2717049461545789,0.8352680506719331
T008_014_2,2.115000841528215,-1.0860286445983118,0.8298020229135709
T008_014_1,2.145397591299103,-1.312847285038638,0.8619963453039745
T008_014_2,2.2330338660920845,-1.3680332714068568,1.0115277586735933
T008_017_1,2.3490073264678655,-1.3487260423290037,1.164753144187532
T008_017_2,2.3216139709471024,-1.0359223815241183,0.8737568913864314
T008_017_1,2.3307798519396834,-1.2963066505140868,1.0886130203706292
T008_017_2,2.1880748469005566,-0.8004797343010022,0.7217601950286218
T008_019_1,2.4628432612123716,-1.9553908583666797,1.3118884886985618
T008_019_2,2.2219210851115268,-1.496614964886576,1.0898732247656309
T008_019_1,2.3007165218023458,-1.8645138486078892,1.0438330412038759
T008_019_2,2.247677275858406,-1.7083578454845199,1.2085899658127859
T008_020_1,2.080610844882782,-1.135339676049693,1.0807385664987503
T008_020_2,1.8861816092730892,-1.3629524062044276,0.9617118632662675
T008_021_1,2.3200160012256257,-1.3224811979131375,1.0111628776929484
T008_021_2,2.1636545467533397,-1.3353032266220015,1.0187041118916602
T008_022_1,2.3940070583114927,-1.6062932851550742,1.1672714558409403
T008_022_2,2.1176302936870877,-1.5581186030962295,1.127091901399343
T008_022_1,2.0956832955956464,-0.6378923766816144,0.23571118506728383
T008_022_2,2.4683900275809854,-1.6206480704697985,1.3555472022339166
T008_022_1,2.373929778303102,-1.379769272366761,1.0027978585039776
T008_022_2,2.3911868106763463,-1.8051201935191248,1.2365246699272703
T009_001_1,1.646419577135176,-0.35014346508478905,0.17614987623562112
T009_001_2,2.1833197645924716,-1.3072307170104096,1.2362825983110814
T009_002_1,1.6940827919871706,-0.5584127154019051,0.3559124641135363
T009_002_2,1.8391588915192871,-0.615605992057508,0.4414069411794444
T009_003_1,2.1390870428900066,-1.2385158289817233,0.890609867550572
T009_003_2,1.7810646734744007,-0.5867413328376239,0.3514867674195884
T009_004_1,2.533086549727462,-2.010879069141781,1.1817796753752836
T009_004_2,2.361525826775514,-1.8314318862999126,1.3149894922046816
T009_005_1,1.8794089764963549,-0.9325035288079044,0.5232406744352581
T009_005_2,2.476207080068268,-1.913912696106914,1.4780674453516893
T009_005_1,1.9943502824858759,-0.9066919853326348,0.47017946296046415
T009_005_2,1.818219393237993,-0.9679431546973308,0.6622920213058042
T009_006_1,2.067851905554366,-1.2798831440135792,0.7924764065634142
T009_006_2,2.0560321014218834,-1.387081093446186,0.9962342853832337
T009_008_1,2.103033493985663,-1.2043368154479264,0.7726613488034804
T009_008_2,2.004604986259315,-1.1110026359465002,0.7570949114061496
T009_008_1,2.00053453476385,-1.1886672643059915,0.6940961932983812
T009_008_2,2.366123231209472,-1.472589987587919,1.1568730050756106
T009_010_1,1.9317002314989937,-0.5696544276457884,0.42620277249252525
T009_010_2,1.8397487427791592,-0.9255252256250923,0.5767968371190928
T009_011_1,2.4349280695884916,-2.054521369309071,1.3335792839323983
T009_011_2,2.134701997734243,-0.6104916784509955,0.36465503000936067
T009_011_1,2.5047443218410548,-1.8589560991957108,1.3372470327042953
T009_011_2,1.736903207081701,-1.0165952890792291,0.38649957277129005
T009_014_1,1.970812494875789,-0.8266437103195957,0.6017373781384451
T009_014_2,1.7405991793603506,-0.9411604615719573,0.41262135922330057
T009_014_1,2.2088887394731977,-1.297975762418431,0.9518801784576162
T009_014_2,1.8093348287464412,-0.3995234965494575,0.2031223340726839
T009_015_1,2.086762557480562,-1.2930721834418748,0.786441706977928
T009_015_2,2.098416546708084,-1.0727306235968233,0.8908360101579185
T009_017_1,2.11734648507774,-1.1144564358324474,0.9997813042467979
T009_017_2,1.9628107697766335,-0.8447426337745952,0.6124445689982029
T009_018_1,2.044322389364813,-0.9278723634983458,0.6592427920678651
T009_018_2,1.975465901190823,-1.090897015850527,0.8247171414516347
T009_020_1,2.081722915089453,-1.176903205398566,1.0681101005011795
T009_020_2,2.0395827279013137,-0.9360578647431558,0.8739216588939369
T009_021_1,2.547355939780933,-2.1792755528065557,1.630991438721826
T009_021_2,2.187458610216711,-2.6047958171820063,1.1571649742725738
T009_021_1,2.5650041656701474,-2.310185476760297,1.7311532176279876
T009_021_2,1.9682945092367503,-2.2580960926666123,0.9824219950421011
T009_022_1,2.2318820213754282,-1.6200416563044024,1.1523061565098032
T009_022_2,1.8912797521939397,-1.0388422974823732,0.7359119438256494
T010_002_1,2.2149443151034145,-1.4463800406434395,1.110942659677637
T010_002_2,2.46224267981906,-1.805585726246238,1.4480949626251969
T010_002_1,2.135827922384044,-1.3628939325617515,0.9553390863071682
T010_002_2,2.101937960960526,-1.3145775881344564,0.9500564834610821
T010_003_1,2.142006989441403,-1.2666411658100358,1.0111300414400604
T010_003_2,2.259558318411658,-1.4588795828776053,1.1968880617735116
T010_004_1,2.1896912587961195,-1.2238601302708263,0.9504175519794503
T010_004_2,2.1301939058171744,-1.5206938770078386,1.0446718334543952
T010_005_1,1.7868691501984528,-0.8932035162573954,0.47565568614969583
T010_005_2,1.8320791481117236,-0.7802125907847921,0.5183306212309752
T010_006_1,1.7370350389398406,-0.6647683609616863,0.2805915329595975
T010_006_2,1.2709226615848819,0.18837304847986872,-0.5152980759121021
T010_006_1,2.131691597325766,-0.6545480067377878,0.8670777172354456
T010_006_2,1.4124540244632624,-0.4702574967405474,0.20377262730502432
T010_007_1,2.725927524761974,-2.6543860207524355,1.8079171391608497
T010_007_2,2.382463690155998,-1.9409743433109345,1.4171252548727278
T010_009_1,2.666267840084293,-2.440694771788438,1.6695408315409457
T010_009_2,2.1116519461210332,-1.303489110494379,0.9556307554444586
T010_013_1,2.1787594776007015,-1.3936352436884023,1.010531618779041
T010_013_2,1.9932490221587424,-1.0634522608378618,0.6095471885462589
T011_005_1,2.231661059739814,-1.4805522311506243,1.00932513684623
T011_005_2,2.1645154233209367,-1.3339684380565793,1.0309190403861757
T011_007_1,2.0283229302954795,-1.2187884805253872,0.7966105930767906
T011_007_2,1.5718352408063674,-0.45279668296550823,0.06691979904163393
T011_008_1,1.9424728500940558,-1.1031490309752536,0.7249672715917411
T011_008_2,2.0098028707818387,-1.3355897991335175,0.9366671608110552
T011_009_1,2.0188312437188003,-1.4035703337128842,0.88038765900934
T011_009_2,2.052352952667461,-1.145561307270339,0.8863060675733598
T011_012_1,2.0019375624682425,-1.1744790507146352,0.8076352233542756
T011_012_2,2.3116523754647083,-1.6631943543574705,1.3309806013452856
T011_013_1,2.0030841090165494,-1.1390998312461142,0.7735265894534821
T011_013_2,2.243378828176013,-1.298807044120432,1.149216490257779
T011_014_1,2.100115939400613,-1.3144568051002756,0.9741201900053061
T011_014_2,1.9695435633620957,-0.8141861784007128,0.5972159764523116
T011_015_1,2.177337264531697,-1.0506797889610393,0.880251565921474
T011_015_2,1.7443576632765825,-0.4027088119765802,0.2625462426665668
T011_017_1,1.8534537642735611,-0.8873396935788269,0.5040450726029129
T011_017_2,2.011971203704102,-1.5605180021633505,0.8436449024178359
T011_019_1,1.9840268850401352,-1.095640623113151,0.6922221548290568
T011_019_2,2.004253973728838,-1.9430340382223228,1.10958707977779
T013_001_1,2.386284952325871,-1.4509562492004602,1.248776299529778
T013_001_2,1.5962867437144375,-1.0739897220275634,0.4279093515572834
T013_003_1,1.96155855271853,-1.148991672519314,0.7913496245802468
T013_003_2,2.2250636948745477,-1.505570607449421,1.2476860375058716
T013_004_1,2.1902272237950324,-1.589943933387219,1.0193754376497646
T013_004_2,2.237329983103285,-1.9083219343418092,1.0902317491656088
T013_005_1,2.2322514571822336,-1.4568104227332062,1.157203807023301
T013_005_2,1.5278676734987413,-0.8947132041575775,0.2295097975392223
T013_006_1,1.837814438939926,-0.8822758749766045,0.4662556160978872
T013_006_2,2.134097755320183,-1.0811258278145692,0.9213202840145842
T013_007_1,1.9902878878569632,-1.0730733979989306,0.9481144794114249
T013_007_2,2.1158641762357697,-1.6790916059793024,1.1544412888061895
T013_008_1,1.1438433923475804,-0.4580368985891718,-0.06854715481938785
T013_008_2,2.1066572199362343,-1.240105898510915,1.5748217234308937
T013_009_1,1.3732507844966497,-0.6108955706433884,0.23385338030531785
T013_009_2,1.9693734777426546,-1.2753283622930631,1.3059529144117745
T013_013_1,2.284881120632592,-1.64588285632785,1.1526796248406046
T013_013_2,2.3219109138177,-1.831941559940002,1.1789946607631203
T013_014_1,1.939336237077464,-0.9204833845878245,0.5478497925435505
T013_014_2,2.3380394492304224,-2.0575572612583186,1.2678985254609214
T013_014_1,2.175456998502694,-1.320685093088498,0.8898273903792933
T013_014_2,2.5934506336678913,-2.1141599387527834,1.4004068605099784
T013_014_1,2.1946994815875516,-1.391005702436496,1.031356619390768
T013_014_2,2.5246161192229395,-2.224412959476865,1.397249636791744
T013_015_1,1.676425974342752,-0.6927116534620411,0.3639908012366546
T013_015_2,2.107588367279711,-1.4136940150614346,0.9915787904758356
T013_017_1,2.036504693460588,-1.3114407980502183,0.9906448760731292
T013_017_2,2.08119259949421,-1.0863800496501914,0.5942111452524564
T013_018_1,2.2405081862556555,-1.341192853638852,0.9930564913087245
T013_018_2,1.973274938122152,-1.4201056251535247,0.7251621450909704
T013_020_1,1.6631833198590693,-0.9832195451117371,0.4744721995175534
T013_020_2,2.2763385042188853,-1.6380317736249939,1.3288060911985087
T013_021_1,2.180928417596008,-1.1577594994054021,0.9601553734501709
T013_021_2,2.0862748952586894,-1.4682818523398236,1.2051348102352732
T014_001_1,2.088593244640059,-1.186968467879105,0.8639200584290546
T014_001_2,1.792895037270835,-0.9984488107549122,0.47543602716016464
T014_001_1,2.2394724613307964,-1.4545573713187099,1.1042540046776397
T014_001_2,2.0572433448547693,-0.9770970009372073,0.6807243412345082
T014_005_1,2.282004286912491,-1.7208287562553393,1.3372625456345522
T014_005_2,2.0006560603575534,-1.2869330224671474,0.7857453045271952
T014_005_1,2.299412262112307,-1.494749512306479,1.1674172765371862
T014_005_2,2.459509778276993,-1.8244067589824928,1.3867510211602831
T014_005_1,2.1943008122529446,-1.5759602757715037,1.1757024180082867
T014_005_2,2.4367267666804304,-2.091614624386103,1.572067397210097
T014_006_1,2.165920737467912,-1.0266958964430772,0.9069308629267455
T014_006_2,1.481893485474207,-0.4783857600301376,0.28708771595830745
T014_008_1,2.0199849190602754,-1.338611306591602,0.885465097636836
T014_008_2,2.153616869671348,-1.3215734039257652,0.9146434338662016
T014_010_1,2.4306456550578015,-1.400199639485977,1.0340323034935555
T014_010_2,1.8256402522362876,-1.152823608819559,0.552682118581838
T014_010_1,1.9903496148311182,-0.9236598136228263,0.6410374055202719
T014_010_2,2.045447610652473,-1.6472671724971457,0.8478400595379042
T014_011_1,2.3796225008306924,-1.8999774142548314,1.2203898900600703
T014_011_2,2.0406076301808764,-1.155374877889938,0.8540001226717916
T014_011_1,2.4326058914614173,-2.0152631745295944,1.353310198247992
T014_011_2,1.7166730856917722,-0.8576866014341727,0.5539814708302732
T014_012_1,2.1299369431205135,-2.0609757656321896,1.15672789734781
T014_012_2,2.4362211234240108,-2.4682890232047003,1.5187372234167626
T014_014_1,1.9386193961237177,-0.6733760622209416,0.5086011272966836
T014_014_2,1.7488737878903564,-0.7607343499197432,0.49502815686672386
T014_014_1,1.9165310197848668,-0.9693711360765805,0.5415927129031176
T014_014_2,1.4711854646845786,-0.27241182479120346,-0.0006956837361243611
T014_016_1,1.9634040697503112,-0.9495043224957714,0.5786941621226931
T014_016_2,2.2432647907068826,-1.4249434582230944,0.99478136262044
T014_018_1,2.1157537873485213,-1.4696335354386874,0.9756217775271693
T014_018_2,2.539306015455154,-2.0927500889861634,1.5195765952528033
T014_021_1,1.6365089003227766,-0.11982304216867451,0.08478136337597833
T014_021_2,2.2936731043043332,-1.6885814385814388,1.6222294891359637
T015_001_1,2.063687361523594,-1.1574004507888802,0.858594286175667
T015_001_2,1.9085182882322727,-1.21505376344086,0.7273584397392383
T015_003_1,2.02522762498929,-1.524547963899141,0.7632856631549461
T015_003_2,2.2333667456588118,-1.2507218256993045,1.1260985861673674
T015_004_1,2.250498358456986,-1.458631770917594,0.9303408195284355
T015_004_2,1.778543625090389,-0.32829852944184207,0.06866473283381704
T015_005_1,1.8057524614368106,-1.0940311109667782,0.5753899056403904
T015_005_2,1.822962609208641,-0.7763197109115971,0.3939039673780885
T015_006_1,2.196454040020155,-1.3167533482901628,0.9037552677824978
T015_006_2,1.9744620102574948,-0.73122913094486,0.47922609076228845
T015_007_1,2.0617894559475083,-1.5000886944181646,0.8454990002177742
T015_007_2,2.444031658859635,-3.113260484347313,1.8389750079088893
T015_008_1,1.9822490258611751,-1.1516539873125442,0.6338394608888508
T015_008_2,2.0671355532181006,-1.2688133895404652,0.8487778602880419
T015_008_1,1.9359975586411624,-1.2555179436371644,0.5984049181689785
T015_008_2,2.2513090414720494,-1.4394566727214448,1.117639945177501
T015_010_1,1.866987542027131,-1.1958655608362065,0.6089836505041999
T015_010_2,2.4580246061571858,-2.2911884579801467,1.5651195446396102
T015_011_1,2.368464376746503,-1.9279006557754257,1.2927240986279234
T015_011_2,2.825280066052429,-2.3197950697950693,1.5407510014600725
T015_012_1,2.0939959990647163,-1.2283476658476653,0.9245766661488268
T015_012_2,2.436725387076606,-1.5240890105141873,1.1810628797306197
T015_012_1,1.7378956178802971,-0.8882682350292661,0.5459205346775793
T015_012_2,2.325898592881151,-1.8834804642798764,1.469986245406581
T015_014_1,2.3454802653862243,-2.0241077759394948,1.1510869997217912
T015_014_2,2.3168308479628084,-1.4324427623238127,1.1623354739660365
T015_015_1,2.2395546360886156,-1.625811185053528,1.1005170158426942
T015_015_2,2.5897481861667493,-2.051364335848065,1.712981285690055
T015_017_1,2.112016293279022,-0.731324244598581,0.19393829693093592
T015_017_2,2.5202075592149416,-2.4602737060578552,1.4063571918591353
T015_018_1,2.125725414851759,-1.5383691166483833,1.0791229867843724
T015_018_2,2.0805025309507834,-1.192236598890943,0.7522403795466519
T015_019_1,1.923305909818434,-1.1773654126803956,0.6334833336727004
T015_019_2,2.354278180459442,-1.5555965902211024,1.277315719818846
T016_001_1,1.5367557034712285,-0.6094208836986956,0.32576305013592083
T016_001_2,1.8757804333700596,-0.5983029258607123,0.3794228851977952
T016_002_1,1.7461284166397266,-0.9536860436188737,0.6909249963550019
T016_002_2,1.8768439572337257,-0.7823184745906983,0.5004198630819373
T016_003_1,1.9639827200333106,-1.5590055674010899,0.9415697285733384
T016_003_2,2.34493460076349,-1.6999466713362412,1.2563172289512086
T016_004_1,1.8041264817413634,-1.1099729983564217,0.5880970792933197
T016_004_2,1.663915056165226,-0.11591255719369613,0.3078138095545091
T016_004_1,1.7727352374277205,-0.9017814155031294,0.48195689028820526
T016_004_2,2.0207407533286315,-1.0014542748917754,0.8489161616675999
T016_005_1,1.473159427360461,-0.23147252614398833,-0.03288092267429482
T016_005_2,1.6762266068867873,-0.30566532547779823,0.18958023975951577
T016_006_1,1.7631693101245356,-1.065987815218415,0.738114747640283
T016_006_2,2.37383325288029,-1.539881195881912,1.1721443758485541
T016_006_1,1.9510752754966396,-1.1742895204262878,0.7265758725906079
T016_006_2,2.4926721502258515,-1.647473014043178,1.164680532380339
T016_007_1,1.916556317568235,-1.111365605229307,0.8400165874593539
T016_007_2,2.1109437092398777,-1.2977050896686815,0.9196479177064739
T016_008_1,1.784262651307267,-1.7504421599513627,0.7013848335697004
T016_008_2,2.768155824999587,-2.801587737008428,1.9113913607814232
T017_004_1,2.089221468478759,-1.0629680054458819,0.7435453571594914
T017_004_2,2.566888088176418,-2.560184432228475,1.51962096603059
T017_005_1,1.8721679431317222,-0.8723481564587686,0.5776169592512558
T017_005_2,2.0578735446454304,-0.985191879866518,0.6313971139920784
T017_005_1,1.9208221855841088,-0.8316318517355114,0.673315454240697
T017_005_2,2.441726129799524,-1.5095275504238528,1.3017922988020765
T017_005_1,2.0837584890360508,-1.0535402586939981,0.8264771372663681
T017_005_2,1.747136398772575,-0.6438805694213351,0.2670356358880948
T017_006_1,1.8671587657705258,-0.7011076223583745,0.4767810941973141
T017_006_2,2.090834692092336,-1.4698376886056734,0.8851816447585371
T017_008_1,2.3006176912497716,-2.0115057132909184,1.3029097377741776
T017_008_2,2.042508728399972,-1.3662405958281965,0.9980128941093345
T017_011_1,2.596747652480232,-2.1442362433062323,1.6302006580265433
T017_011_2,1.8170056844562121,-1.061154574446881,0.7099671769687553
T017_011_1,2.735564014045027,-2.259282896263634,1.7980718358709067
T017_011_2,1.1534681534681537,-0.7246253405994553,-0.45462928808557745
T017_012_1,1.910611380003284,-0.9343358864188311,0.6061692521597849
T017_012_2,1.8607354040644328,-0.873643455760244,0.6222338589243802
T017_016_1,1.8204257395089638,-0.9188967267569889,0.5161541200502235
T017_016_2,2.4944288837572763,-1.798151513033755,1.2056006735542257
T017_017_1,2.2450922718260453,-1.3517921198796572,1.1862257114248815
T017_017_2,2.3454592032791086,-1.4717258405831175,1.0122119226151813
T017_018_1,2.141896692667945,-1.323878848728246,1.0133031094014742
T017_018_2,1.8088173724830356,-0.9085175982134429,0.5599895834977348
T018_001_1,2.3265377696824343,-1.3065009216382684,0.9946905853912019
T018_001_2,1.8595389123964159,-0.8287525138643429,0.3874348351194751
T018_004_1,2.07105593096555,-1.6861727546966936,0.6242792570554317
T018_004_2,2.5509081609482767,-1.9894244248371402,1.5333897395682856
T018_005_1,1.9994192191982902,-1.1336879268968065,0.6635777411797451
T018_005_2,1.8741500115711673,-1.0594190659491733,0.7220576512385468
T018_006_1,2.1674406200903236,-1.5467666635850974,1.1297459188284225
T018_006_2,2.185283548148824,-1.1539084181313604,0.7566778862893998
T018_006_1,2.0886893032966625,-1.3490816879216112,0.8999148263816021
T018_006_2,2.265753660061769,-1.2805514299859095,0.9750217057369932
T018_014_1,2.546498574138354,-1.9875703645225513,1.44646680021666
T018_014_2,2.2041680339553826,-1.6585546355485004,1.0289696917568885
T018_017_1,2.5317222588888324,-2.195619385976673,1.4257708284083614
T018_017_2,2.232505621922175,-1.624127127920583,0.9539527302363485
T018_021_1,2.2341003273138247,-1.530004098120719,1.1056512257850013
T018_021_2,2.308709792630005,-1.5427577199247884,1.0741180707818094
T018_022_1,2.297892488460281,-1.4534040462231863,1.1570821060851704
T018_022_2,0.999338444176363,0.010364095169430586,-0.5157079588718241
T019_002_1,1.9907802954242706,-1.2452409591297755,0.7014397922922594
T019_002_2,1.8102676481054856,-1.1648262061809826,0.638522476738537
T019_004_1,1.112685514740447,0.185690279214064,-0.3186659565969912
T019_004_2,1.594991614134521,-0.3030438675022382,0.05693950177935923
T019_005_1,1.670682730923695,-0.6858957569408066,-0.03373363918499604
T019_005_2,2.5095212384459793,-2.57162795174538,1.7001738822430807
T019_005_1,2.303688475401776,-1.9408781173707468,1.1385060095502701
T019_005_2,2.3456116140092766,-1.8656828535426964,1.3469402631483034
T019_008_1,2.358966345509907,-2.269658529652134,1.5574374342234347
T019_008_2,1.8327566715768557,-1.5306328093510682,0.7036695996180339
T019_008_1,2.4617842063861555,-2.7407590024176103,1.629649802954086
T019_008_2,2.590241325806345,-2.18239828971236,1.159588455722832
T019_010_1,2.0863274006688117,-1.2481197859610684,0.9065947989145927
T019_010_2,1.8718035700958673,-0.9147811748168572,0.46409349114030424
T019_011_1,2.4139393280417525,-1.4438094561976431,1.2039896111391675
T019_011_2,2.2042671967181917,-1.476019385026738,1.0538990342035341
T019_011_1,2.3451981195433174,-1.5324882238847328,0.8748152839349798
T019_011_2,2.522538220095237,-1.9467951453088703,1.4512881008555558
T019_015_1,2.0516966716571385,-1.162658281635081,0.869887446624996
T019_015_2,2.0956996692053234,-1.374315313169802,0.9307730400778674
T019_016_1,1.9715649091656817,-1.4364643758291493,0.9347908323658702
T019_016_2,2.2662444092563265,-1.8090115315182551,1.3419933038604537
T020_001_1,1.8481206375275276,-0.8250401870524622,0.40799346259564645
T020_001_2,2.0710496272916528,-0.9961866597724919,1.1403940886699506
T020_003_1,2.636562264193443,-1.9467282817884795,1.641303614403634
T020_003_2,1.4322805440035964,-1.402757406864183,0.23894564163746176
T020_004_1,1.649776848183117,-0.803510924173385,0.3439328452559464
T020_004_2,2.2904673924661405,-1.6515165274246277,1.030873792325744
T020_006_1,2.273839067436003,-1.664635642932528,1.2344236472600632
T020_006_2,2.457827575474634,-2.8987517337031896,1.7083812218194676
T020_007_1,1.9660899181009444,-1.0094826415606757,0.751461522713314
T020_007_2,2.4381019127339734,-2.210375317467783,1.477918849609037
T020_008_1,1.888628430459306,-0.7598502116574404,0.3587127639999185
T020_008_2,2.1454251438456624,-2.4300750772854407,1.125813936082628
T020_009_1,1.9740810743992792,-0.9496316641793414,0.595624671372349
T020_009_2,1.8757323919492042,-2.2990670018369914,1.1088900835736273
T020_010_1,1.8511607090735733,-0.8385284383899024,0.7008462404409765
T020_010_2,1.7551586315044658,-0.9003064003631415,0.4799130136202353
T020_010_1,2.0230657572925574,-1.4011833621638619,0.9739399468485979
T020_010_2,1.5002174686647423,-0.5526824366110084,0.22818818346314185
T020_010_1,1.964138512298157,-1.2889386136995256,0.8742789103077332
T020_010_2,2.11711811599827,-1.4756753183801172,1.0073404043311702
T020_010_1,1.7256030443123567,-0.7513233026299339,0.24708444128054233
T020_010_2,2.121376076095152,-1.4965119730852958,0.96651272119316
T020_011_1,1.9609744124685524,-0.9046329236739973,0.559830280282322
T020_011_2,1.9047602392361231,-0.9683600713012477,0.6108906065037253
T020_012_1,1.9050844197771704,-0.6349152265169274,0.617783384986698
T020_012_2,1.7883118019305357,-0.7493691213581096,0.3431235837545754
T020_013_1,1.7757804667645893,-0.9614464482885534,0.7914322904560455
T020_013_2,1.614807286373231,-0.6877804367334729,0.39483052159108495
T020_013_1,1.9099277467794604,-0.670475273611674,0.4617907846855616
T020_013_2,1.880739322418038,-0.8340210912425492,0.854288157997045
T020_020_1,2.1436763632572204,-0.7094966574911521,0.39374614276897746
T020_020_2,2.680015015216313,-2.6193795562177407,1.800540670752924
T020_020_1,1.0227101496071465,0.6882090761750408,-0.9493738059859904
T020_020_2,2.721225129774246,-2.8092256156446163,2.0555893166418517
T020_021_1,2.508192991592135,-1.9991883935232797,1.3464445589676741
T020_021_2,2.5599203737297525,-2.4428998600330827,1.536541603921694
T020_022_1,2.2205605479964214,-1.902824888700445,1.0549972008210926
T020_022_2,2.2676249144421625,-1.9109696546913146,0.923605301395799
T020_022_1,2.017553373099556,-1.3567061065671404,0.7114298305356351
T020_022_2,2.7587259375661053,-2.449334758850083,1.2566070676058028
T020_022_1,2.1865742911218766,-1.566286185793853,0.9617650116073593
T020_022_2,2.1309370326440105,-1.7187562587622676,0.7090974285421571
T020_022_1,2.1191661172406953,-1.666439885562766,0.8688098319749068
T020_022_2,2.4474829947685097,-1.999196989859129,0.9929775604806156
T020_025_1,2.1570579327281982,-1.343192242648401,0.8843239259020108
T020_025_2,2.357003642264377,-1.9603060400800199,1.308001973185814
T021_002_1,2.004650889909382,-0.9054192011570035,0.8668706228480663
T021_002_2,1.9545651070549086,-0.9691206952526036,0.8295788933271562
T021_003_1,1.9444849180593267,-0.8724207163374172,0.7764111687815207
T021_003_2,1.892679327463805,-0.9066575350283939,0.582227566167103
T021_005_1,1.7619680006466847,-0.501720645443455,0.38287118773150547
T021_005_2,2.4746770498804707,-2.095515060374187,1.484824467082728
T021_006_1,2.2274285260552915,-1.6806425780562497,1.2010342912063205
T021_006_2,2.102908982447057,-1.6399883324358286,0.8646455444208252
T021_007_1,2.091990603925134,-0.9937518669720207,0.8495795780675693
T021_007_2,1.5409987024402494,0.11944262830990486,-0.30255599034218633
T021_008_1,1.8224110879503597,-0.7101732631876823,0.5788961812689596
T021_008_2,2.4146389974201123,-1.697754607696304,1.4088489585524122
T021_010_1,0.9200572480065429,0.84265350877193,-0.639984070091597
T021_010_2,2.0530019849965195,-1.1708828609163873,0.8049432197728785
T021_010_1,2.037721324095458,-1.0254237288135593,0.747081712062257
T021_010_2,1.878325094727934,-0.7567906870577492,0.5695675530486165
T021_011_1,2.1761527561142207,-1.0228940327549867,0.8304656797866058
T021_011_2,2.046351100982112,-2.0239394529981163,1.092159942410261
T021_011_1,2.255683293350365,-1.4329940540094146,1.1137707162265869
T021_011_2,1.9922186634178929,-1.8394661175007776,0.9848104739132134
T021_014_1,2.2107179327798256,-1.3132067008803774,1.2739764295523495
T021_014_2,1.0140013126230585,-0.5531106324814645,-0.3450822912548637
T021_015_1,1.7647391822245284,-0.21705008667947356,0.20584771908339378
T021_015_2,2.0773238315045015,-0.48709020784229745,0.18472959499878716
T021_016_1,2.0409558847178686,-1.040743924975048,0.8711942461701315
T021_016_2,1.7236480423563996,-1.068436274668654,0.5162079684443758
T022_003_1,2.038762864805591,-1.465557478498007,1.1034660125029672
T022_003_2,2.1200401088669247,-1.3560331903014011,1.025298354176958
T022_005_1,2.17037431392681,-1.4517817596134484,1.0974285641973116
T022_005_2,2.1046857040497984,-1.165290356952584,0.7739936235511453
T022_007_1,2.410756451926549,-1.9233596138967695,1.4645308077911987
T022_007_2,1.9228848131448395,-1.1680775103287226,0.7517997788359551
T022_007_1,2.3243490020759574,-1.6149890290729565,1.3346010221816862
T022_007_2,1.813829863449442,-0.9629682259989769,0.5488401361517116
T022_008_1,2.0363516192994053,-1.315341926244182,0.7741093079649319
T022_008_2,2.397941587555136,-1.673300761603679,1.3492086487269566
T022_008_1,1.9216719936905902,-1.482530804150454,0.5642391214598298
T022_008_2,2.249893815014171,-1.554585152838428,1.3146148030426932
T022_008_1,2.0116865093857275,-1.3681334080717489,0.7926493995080305
T022_008_2,2.1346805058984737,-1.397427893619678,1.187718084939172
T022_009_1,1.9966166232753382,-1.2426969876498197,0.9063466251345593
T022_009_2,1.6380027187954627,-0.5884689646440667,0.16286272454376505
T022_011_1,2.3532637316698426,-1.8233336219773557,1.4933323206128406
T022_011_2,1.8847196247662288,-1.0987054050829255,0.7522123009927885
T022_012_1,2.1673354494819423,-1.6696203031259866,1.3570546772330845
T022_012_2,2.4351235019913915,-1.8391430389592025,1.4529952603257188
T022_013_1,2.2343601985525368,-1.1068886252409906,0.9378629062664955
T022_013_2,1.4448846422745283,-0.10796387520525451,0.014020805065581047
T022_013_1,2.361282829418156,-1.5306908184218246,1.3729401237789869
T022_013_2,2.045910044278723,-1.04371921182266,0.700361827227499
T022_013_1,2.2127517317001417,-1.4812493416201409,1.2998241031927933
T022_013_2,2.581912063839775,-2.9188181296615037,2.0461514872738418
T022_013_1,2.2488940180804,-1.6439246812463058,1.3467669749797533
T022_013_2,1.3408515257508142,-0.16602795311091081,-0.08359059605794389
T022_015_1,2.4702292664321734,-1.6944740234265536,1.2942528411494316
T022_015_2,2.1575024671900547,-1.4209165790396074,0.8971509217606065
T022_017_1,2.4860357416825294,-2.121548054100893,1.3808289665348739
T022_017_2,2.07337987342834,-0.930695639276179,0.6099495447859838
T022_017_1,2.252056230206648,-1.7547220723151642,1.1701649175412285
T022_017_2,2.0716207383988694,-1.076478032905442,0.6734625769849214
T023_001_1,1.7404316797648551,-0.8719581560985262,0.3164681306110268
T023_001_2,2.2494928061879587,-1.554556995340052,1.3977714192662896
T023_002_1,1.9797150486805664,-0.723173215928506,0.40021846347356893
T023_002_2,2.146291167685033,-1.4075510381185863,1.0575352595121843
T023_004_1,1.7367513699413322,-1.124378675441053,0.5700303983412696
T023_004_2,1.6563928418972522,-1.056262914211372,0.43823757801190694
T023_005_1,1.8919202995588482,-0.6137490426861223,0.28184242154912054
T023_005_2,1.922196759278004,-1.2410938809723389,0.5571581110158383
T023_007_1,1.9979633401221992,-1.235886825007414,0.6391003366639172
T023_007_2,2.5821829733277775,-1.8649965143092073,1.6395473800162992
T023_008_1,0.6682971220566489,0.002560819462227858,-1.059515803631473
T023_008_2,2.0379194012388706,-1.6161264078103563,0.9301324026192345
T023_008_1,2.4455404952106448,-1.968645154924018,1.4951626107017932
T023_008_2,1.917503557072012,-1.3802143287836428,0.8765891729406249
T023_009_1,1.9013760630725993,-0.7289421543517133,0.5096086100920773
T023_009_2,2.0012609262465,-0.9065059528835601,0.6626955372746256
T023_011_1,1.930711072190172,-1.1965812534959914,0.7787566289523248
T023_011_2,1.722478503155331,-1.5002564979480166,0.7839036132740537
T023_012_1,2.0345353709040714,-1.296116736721437,0.9761479407078366
T023_012_2,2.2125578676273085,-1.428842059118237,1.1702248431143767
T023_013_1,2.065400226281934,-1.4999212424786568,1.0458497336431605
T023_013_2,1.634660939617111,-0.8937949244535722,0.2536042422345378
T023_017_1,1.8928934906763337,-1.117491964644436,0.6268504982272184
T023_017_2,2.4467483352487145,-2.3444334479849434,1.4889026395922553
T023_020_1,2.1464582353358117,-1.5942595588424107,1.0106939132898103
T023_020_2,2.117586373876245,-1.8669061731156344,1.0986243356564904
T024_001_1,1.7679070950241587,-0.8478260869565216,0.5705759810821459
T024_001_2,2.3305649121904812,-1.7106303202269963,1.3914714776280042
T024_003_1,1.7395033053421478,-0.9380612479852637,0.5417799314501831
T024_003_2,2.064207757026386,-1.4699527866160316,1.003374694979492
T024_003_1,1.7132230345004489,-0.34698815284498613,0.2152878156619335
T024_003_2,2.0919175403161163,-1.4899597129548026,1.0371623778813608
T024_004_1,1.8997504271363526,-1.3746840850033817,0.7817676596200923
T024_004_2,2.2331077471603313,-1.4856995721755664,1.2006853369624255
T024_005_1,2.123189196397183,-1.6048367681047766,1.0623804797753624
T024_005_2,1.9299436722280527,-1.177525808089355,0.578531459570287
T024_006_1,1.6269261050500505,-0.9923986486486484,0.5361338949235201
T024_006_2,1.2619356176455343,-0.331219806763285,-0.19828030068993935
T024_007_1,1.6957330975757294,-0.8433309169989126,0.48122282860049953
T024_007_2,0.9898484518889132,0.06749234622877827,-0.7474500790116365
T024_008_1,1.8477941956789081,-1.3088846316522775,0.5767143623457786
T024_008_2,2.4143279503327957,-1.5842506224461839,1.1854694890284558
T024_009_1,1.7797845718637797,-1.7008800654932463,0.7415790602874922
T024_009_2,2.6133098445142307,-2.574990214413082,1.812766329407137
T024_010_1,1.9243638572797155,-1.3825016282603975,0.7304352562207246
T024_010_2,1.8700741540472199,-1.0952228459480837,0.6945952592648641
W001_001_1,2.413100090867095,-2.484856153705991,1.6392538630898632
W001_001_2,3.667024192587296,-3.1489077128845295,2.5827270593757334
W001_001_1,2.312572487234716,-2.394060204264469,1.4477165449024383
W001_001_2,-0.0,0.0,-0.0
W001_001_1,1.8374087636086602,-2.285035859662725,1.06594483366812
W001_001_2,2.8765743073047862,-2.247742663656885,1.7798789712556726
W001_002_1,2.6608045096180075,-2.4843113494559894,1.9600503098986017
W001_002_2,-0.0,0.7231182795698924,3.6410256410256405
W001_003_1,2.9920840985371417,-2.7035792817004647,2.182200728551689
W001_003_2,-0.0,0.0,-0.0
W001_003_1,3.568649755431691,-3.1183311993171148,2.5642232683254877
W001_003_2,-102.66666666666683,-1.012237762237762,4.008196721311475
W001_003_1,2.995815274248991,-2.5460671067106717,2.019642333626502
W001_003_2,-0.0,0.0,1.935897435897436
W001_003_1,2.804170444242974,-2.6159442241316007,1.9613884519505846
W001_003_2,2.8769898697539795,-1.8797169811320757,0.7165450121654499
W001_004_1,2.478023676601626,-2.7358741812423517,1.781992670802946
W001_004_2,2.961740660565963,-3.230314721165042,2.3771428073932843
W002_001_1,1.9784473524093547,-1.334214475748687,0.8127321908544622
W002_001_2,1.8584923566599993,-1.1740502663886958,0.7642884206231237
W003_001_1,2.682900325990319,-2.0213873702742773,1.6051723937708302
W003_001_2,2.1762151730792425,-1.4759918845807032,0.7684635478508668
W003_002_1,2.5516449885233365,-2.119679034828136,1.727368298096016
W003_002_2,1.5612724964528415,-0.6215287718293738,0.4298920278065374
W004_001_1,2.421534685204521,-1.786069020517654,1.5014253864990312
W004_001_2,1.6621773288439958,-0.6793478260869565,0.6692759295499021
W004_001_1,2.3821040410681067,-1.882728382728382,1.4019016503309036
W004_001_2,0.5030060120240482,-0.7243690851735016,-0.7639549978364346
W004_002_1,2.4831668560482116,-1.8304460728514511,1.409976103006741
W004_002_2,0.7784171461929781,-0.4279350938593701,-0.8269262497937633
W004_003_1,2.386988435244884,-1.811334144363341,1.3959244243050586
W004_003_2,2.232376437538408,-1.872034747744738,1.0954695365387954
W004_004_1,2.3148055535710035,-1.620031945879921,1.155144580029438
W004_004_2,2.4600237650653543,-2.487175525339926,1.6399867153769507
W004_004_1,2.6091013917567243,-1.6763572032108156,1.1960611405055845
W004_004_2,0.6930946291560102,0.758230452674897,-0.9214559386973181
W004_005_1,2.775432305823839,-2.124944046553267,1.8209160831133047
W004_005_2,1.5177733065057009,-1.625965250965251,0.32860665844636233
W004_005_1,2.3855545765582264,-1.7502841813304235,1.391890039075889
W004_005_2,2.5155493187270834,-2.0064396612561755,1.3284582845828456
W004_006_1,2.355453670819921,-1.692127117444439,1.3053532885842367
W004_006_2,1.2276882890727034,-0.7319325481798715,0.346197664483053
W004_007_1,2.547198020312419,-1.7404206084530043,1.3312300675559823
W004_007_2,0.0,0.0,-2.720720720720721
W004_007_1,2.270969032359054,-1.5410739625514829,1.2245878285644791
W004_007_2,0.308595098377632,-0.24536238136324418,-1.0898889140784402
W004_008_1,2.496032938099698,-1.9843804659623592,1.5986389760586717
W004_008_2,0.0,0.0,-2.720720720720721
W004_008_1,2.0182331561082574,-1.3641946150212563,0.8885464663993778
W004_008_2,0.9230657675295482,-0.8604230448093516,-0.291481109036058
W004_009_1,2.2841812204440672,-1.7141510915658864,1.2814083729368382
W004_009_2,1.6034335739866978,-1.4191613471274491,0.4653537975397809
W004_010_1,2.5798304537854566,-1.7845812182741119,1.4241131435918408
W004_010_2,-0.0,0.0,-3.713114754098361
W004_010_1,2.4245034312048457,-1.785904678548695,1.4088755971257676
W004_010_2,2.317196492926685,-1.8240663467556852,1.258038671082149
W005_001_1,2.017590938521425,-1.3657938061069175,0.9029862377456707
W005_001_2,1.763148079074972,-1.0256384676775738,0.7064344068597663
W006_001_1,1.7264358279566094,-0.48176061467609654,0.2188623089094235
W006_001_2,1.8890836350910905,-0.5051987731369091,0.37809867129923297
W007_002_1,2.0908983564269206,-1.8518380954106506,0.9566770454153463
W007_002_2,2.3548371858091293,-1.653271543158841,1.227736977066853
W007_003_1,2.2174172695412566,-1.7261636166123504,1.068395263372805
W007_003_2,2.345277894361068,-1.7186874615147782,1.3421237862907502
W007_004_1,1.4648334214701217,-0.17354368932038836,0.13303659742828872
W007_004_2,2.390007392268557,-1.968349335939746,1.4289227742252828
W007_004_1,2.2146835083062775,-1.5190450728147706,1.0747305124603463
W007_004_2,2.3203269821010726,-1.7349990195437612,1.2590635676595265
W008_001_1,2.5566032644969625,-2.224846316123764,1.6617275468312598
W008_001_2,2.543820861097748,-2.3472717862104666,1.5161959198150208
W008_001_1,2.4247445070101845,-1.9179416582441708,1.5122198701912137
W008_001_2,2.575520462230053,-2.1057449981998664,1.122099790486537
W008_001_1,2.3782953335155566,-1.6737813291853791,1.4069599462348703
W008_001_2,2.632665737545178,-2.416679577955782,1.5270058435057927
W009_001_1,2.1024976488071734,-1.3535732669869596,0.9511267949104154
W009_001_2,2.1931307658562047,-1.4304060446444553,0.9521704617472518
W009_002_1,1.9118367887659802,-1.4402467736309732,0.8873893707894849
W009_002_2,2.1414953508112906,-1.4496080409810619,1.0803823741497922
W009_002_1,2.068111240090881,-1.5839482302805505,1.027773924416876
W009_002_2,2.1083569461310727,-1.4410928167367185,0.9699735177050791
W010_001_1,2.4060332727544713,-2.2331941849973953,1.3544040824377546
W010_001_2,2.4302004726389375,-2.0852303939880024,1.2249203843551821
W010_001_1,2.3745282320728185,-2.325284747614844,1.3725322522750787
W010_001_2,2.549485450821371,-2.325611527415574,1.635799605705671
W011_001_1,1.751297604902758,-1.172399227612841,0.6174171938965389
W011_001_2,1.5784881947410159,-0.554383690784822,-0.009805108340395309
W011_001_1,1.7058779286224661,-1.13819372883851,0.4925903749719332
W011_001_2,1.5700099304865938,-0.43534230544177893,0.0172439872939038
