,話者,I(明瞭さ),F(親密さ),C(社会階層)
0,C001_001_1,1.630626627748802,-0.7383708262977287,0.25278988130198987
1,C001_001_2,2.197615457336844,-1.2876598326229665,0.9190771296108394
2,C001_002_1,1.3188958073132708,-0.4393318340104469,-0.24000655606344848
3,C001_002_2,2.4158466526363687,-1.7469686346483,1.3846281042982187
4,C001_003_1,2.2946278797959594,-1.47133709161001,1.00880283821909
5,C001_003_2,2.33438354601367,-1.2598467708761825,0.9324962659387392
6,C001_004_1,1.7022496483077394,-1.0811416897571966,0.43668704704799216
7,C001_004_2,2.178890444148383,-1.3756947868573224,0.9504106234060954
8,C001_005_1,1.821100177447976,-0.8608883843042642,0.42183755945781615
9,C001_005_2,2.015882603400303,-1.0812527074390579,0.9275330788552437
10,C001_006_1,1.9453387095067256,-0.9826657691013126,0.7045190336285427
11,C001_006_2,2.0059409442805345,-1.0873075568927444,0.8700470599572763
12,C001_007_1,2.2037680834361337,-1.4176504337002607,1.097426201869195
13,C001_007_2,1.9289763622901726,-1.3131478390723819,0.7643287501931095
14,C001_012_1,2.139247417250117,-1.1912518413945492,0.8730699172245234
15,C001_012_2,2.2114800350582704,-1.4966303111243016,1.0525289299180858
16,C001_013_1,2.2624995555785397,-1.317396409998322,0.978473258766743
17,C001_013_2,2.0509508463385093,-1.2983748560661572,0.7376913059059004
18,C002_003_1,2.0925572817354876,-1.2845695689549301,0.9624867691924536
19,C002_003_2,1.93052658464944,-1.0019109338650718,0.8881974430615527
20,C002_004_1,2.3171317943288177,-1.4700243129289383,1.1663887216071396
21,C002_004_2,1.9219425699378758,-0.9993288760573366,0.6581849672703192
22,C002_005_1,1.9140440757908435,-0.7212051665243379,0.43387715412457456
23,C002_005_2,2.2313876759380653,-1.480941510896718,1.0796347190062965
24,C002_006_1,2.4218367413566075,-1.5449865905355136,1.128773554150094
25,C002_006_2,1.3218741889760635,-0.5972529207451845,-0.06662418860260462
26,C002_006_1,2.2209971604717196,-1.5810395240976003,1.0163428687981229
27,C002_006_2,1.275591769377546,-0.5407570598838372,-0.024229074889868155
28,C002_006_1,2.186099714507194,-1.0854465888689404,0.883199426653087
29,C002_006_2,1.2618873953666072,-0.822892550728585,0.1128898416430398
30,C002_007_1,1.945615876347677,-0.9998878072355698,0.7088336712238567
31,C002_007_2,1.5280202161771888,-0.8674693740560492,0.33031214264537656
32,C002_008_1,2.103382378575902,-1.1825151795821753,0.8637806246855281
33,C002_008_2,1.6157773597691347,-0.5361602376642064,0.24904925223396546
34,C002_013_1,2.100626914339898,-0.9260864838420355,0.9055288232166951
35,C002_013_2,1.8107754685790887,-0.7755377664276596,0.4016283005537208
36,C002_013_1,2.0238428889717817,-0.8936575391893518,0.8813757274319881
37,C002_013_2,1.7837840984503615,-0.6950457951706912,0.4663574434447
38,C002_014_1,,,
39,C002_014_2,2.274165903594656,-0.8038080237190774,0.6905107438790317
40,C002_014_1,2.190110477750851,-1.517530970250475,1.063540932948581
41,C002_014_2,1.717091626250226,-0.4694064290260979,0.07025009032154435
42,C002_015_1,2.3356398268096457,-1.3517498897067362,1.0766516318096135
43,C002_015_2,1.9129830239518608,-1.0340495513397059,0.6459785038557988
44,C002_016_1,2.3024987035840065,-1.4921295205560137,1.0914594297114157
45,C002_016_2,1.716432637896787,-1.104676640761409,0.4215425645951066
46,K001_003_1,2.5268941065591553,-2.180901453765491,1.412622737666452
47,K001_003_2,1.8298078556998194,-0.7548158924450689,0.5249650991686682
48,K001_003_1,2.4509177652516474,-1.7889719497976817,1.15941256689701
49,K001_003_2,1.918085926875342,-0.9260889609327371,0.660258749748624
50,K001_004_1,2.3939900062546826,-1.3557218358069991,0.990956036862562
51,K001_004_2,2.0040946104574315,-1.1489445813260766,0.6996639648455527
52,K001_008_1,2.2895595836929887,-1.3243893777374425,0.9329680347198824
53,K001_008_2,2.161418680531607,-1.4786315011612359,1.0751090777410743
54,K001_009_1,2.29034562481329,-0.9134739338936729,0.5593345608257044
55,K001_009_2,2.0417434730883373,-1.0787705003113974,0.6206833546500998
56,K001_010_1,1.9460791646188145,-1.2092401327923274,0.7470075860007684
57,K001_010_2,2.3629090641373307,-1.827369099693151,1.3063461176836098
58,K001_011_1,2.019986517619693,-0.8445991797716346,0.6754932579446719
59,K001_011_2,2.086490998547246,-0.9748506055667409,0.6867673706322858
60,K001_013_1,1.5745219309523488,-0.4509077237082393,0.06046850936208142
61,K001_013_2,1.8107691473456708,-0.8216114504287737,0.512699076008729
62,K001_014_1,2.0126563730607905,-0.768403377704232,0.6199899952416389
63,K001_014_2,2.3040140155613957,-1.5294180454933728,1.3253004888638864
64,K001_016_1,2.4583152746788235,-1.9386201672783134,1.182251285944969
65,K001_016_2,1.4049472804074232,-0.8894703901933704,0.037366355099650514
66,K001_017_1,2.3431280477502154,-1.4513666729394057,1.0807628563124942
67,K001_017_2,2.510260984529071,-2.3356737061021593,1.3540839057775218
68,K001_019_1,2.5676784677508784,-1.7478683581158367,1.3947217478588465
69,K001_019_2,1.6675524767848078,-1.1195409720591687,0.40205817619415807
70,K002_003_1,2.4554546561827557,-2.035503276399184,1.3861689767906835
71,K002_003_2,2.7587921998911313,-2.6653937542430413,1.6824092430346824
72,K002_003_1,2.6071303153712706,-2.455181531258491,1.630948764416882
73,K002_003_2,2.5511917759809277,-2.368697810403214,1.6412224201726737
74,K002_004_1,2.5693167679888673,-2.415843969630726,1.748129293786309
75,K002_004_2,2.1312864608890028,-2.2301662376329747,1.2609592132086334
76,K002_007_1,2.2271319145811437,-1.5751675271888386,1.2049976607865263
77,K002_007_2,2.294384388674593,-1.736073892768974,1.1894755766119223
78,K002_010_1,2.6993870515001896,-2.2273895505871995,1.5853354859079833
79,K002_010_2,2.4690532834862733,-1.83793580747725,1.4162348758844558
80,K002_012_1,2.2789570348959747,-1.6307664584334454,1.1829921503555123
81,K002_012_2,2.1705368718952003,-1.747613221363291,1.0364941808082777
82,K002_014_1,2.1398020829472593,-1.2005535154621148,0.9308101117465191
83,K002_014_2,1.9978816690477363,-1.3238628923130653,0.7439859535504477
84,K002_015_1,2.30198812864035,-1.341865305972074,1.1977673368972084
85,K002_015_2,2.031401480220378,-1.2200037320395591,0.8482862665598039
86,K002_016_1,2.2178376600853187,-1.541689880128678,1.0585939258605628
87,K002_016_2,2.394287648183192,-1.9173083870477061,1.2534655729270874
88,K002_017_1,2.0948111765344066,-1.009688934217236,0.9532909123145715
89,K002_017_2,1.727904725587398,-0.7842928011075218,0.4801881830401492
90,K002_018_1,2.0753303648845107,-1.2699581742134933,0.8662211279165201
91,K002_018_2,1.9881546676871162,-1.5413796666207467,0.7655756481899274
92,K003_002_1,2.194500004651552,-1.2892701162188167,1.0051848135139654
93,K003_002_2,0.999238230663755,0.18128453038674017,-0.783472908889113
94,K003_002_1,1.9192600779477638,-1.5549741165878912,0.9917446022399259
95,K003_002_2,,,
96,K003_002_1,2.2827078218169063,-1.4332692045764097,1.1130642101485193
97,K003_002_2,1.5537615203257842,-0.42776942591374584,0.19037557570865574
98,K003_002_1,2.110680184164569,-1.1870299068767907,0.8922255890733115
99,K003_002_2,1.2763654256191574,-0.23426239932174656,0.09325806101400495
100,K003_003_1,2.062213496244226,-1.1885203013813312,0.9301885801334242
101,K003_003_2,2.0756295688552826,-1.1771667451719263,0.8885631581279259
102,K003_005_1,2.138684732973888,-1.401144306224925,1.0329010233161167
103,K003_005_2,2.2156930986152594,-1.382056863011835,1.1003891668652206
104,K003_006_1,2.1499390417174653,-1.1689765847253628,0.7236911977440441
105,K003_006_2,2.208767451915701,-1.398480099410216,0.9872178494763547
106,K003_008_1,1.8765620184816245,-0.8224719879465912,0.449427820338189
107,K003_008_2,1.927070471821219,-1.088638378277503,0.6736267848580887
108,K003_012_1,1.9308830994224255,-1.1162755879790942,0.5816603215469308
109,K003_012_2,1.8686688288494238,-0.8821770673921666,0.636034340150024
110,K003_012_1,2.156669801890413,-1.3012807566730624,0.9205385672492431
111,K003_012_2,1.8629839872009557,-1.1593742440876027,0.7163228013909992
112,K003_013_1,2.0236669048011575,-1.172587544406583,0.778754431490077
113,K003_013_2,2.0644191260301015,-1.202785056980925,0.8944290715628868
114,K003_013_1,1.7698103884874314,-1.123360362508943,0.6128538169341993
115,K003_013_2,2.2199125585778994,-1.3978744833813774,1.0890587681525772
116,K003_014_1,2.0544802681146237,-1.2980395167895167,0.8372430221117493
117,K003_014_2,2.0854692481027346,-1.172444324389219,0.9683109725798436
118,K003_017_1,1.994777336606422,-1.068143995795743,0.6756264336907728
119,K003_017_2,2.0339922014585743,-1.1664582682088152,0.8930791499293098
120,K004_001_1,2.0255953282563786,-1.2847152525798402,1.0701400029637076
121,K004_001_2,1.4714844474343551,-0.15133865583812248,0.03721198851833023
122,K004_005_1,1.8538926269422722,-1.390178143473398,0.8539357543025268
123,K004_005_2,2.166040035071555,-1.7144183168316836,0.8063243451692322
124,K004_007_1,2.052210165203599,-1.2146794812474384,0.9480342378244547
125,K004_007_2,2.04700453021691,-1.4526063298882768,1.0380167888332483
126,K004_008_1,1.9667753686945648,-0.9098448847843635,0.6123335653501579
127,K004_008_2,1.8940108581644028,-0.6693807007859531,0.5359670977181947
128,K004_010_1,1.51775624534154,-1.3592430996869962,0.3728488567182778
129,K004_010_2,2.4194623745278925,-1.9552685722683516,1.3093099186511958
130,K004_011_1,1.9683809214196264,-1.0341391665929403,0.7655138799654384
131,K004_011_2,1.953802608476079,-1.0394739922281002,0.9421846944643297
132,K004_012_1,2.003714835403534,-1.881161133260417,0.9339101326579408
133,K004_012_2,2.3144454380105968,-1.999333220182819,1.1331007403265212
134,K004_013_1,1.3604976393457295,-1.3358588089768508,0.17324081924055107
135,K004_013_2,1.4984571075910305,-0.14465333967951763,0.11665406903502111
136,K004_015_1,2.0331149572666227,-1.3374900844570952,0.8362080382670748
137,K004_015_2,2.1247820897545475,-1.0105345415746205,0.7717388850001131
138,K004_017_1,2.117391477129724,-1.1297323588179617,1.0186321440850543
139,K004_017_2,2.1386549987130934,-1.5129362799980526,1.1622084628374243
140,K004_020_1,2.0974812733343327,-1.0099707712615502,0.9965463405402847
141,K004_020_2,2.3158381125818814,-1.3069142673659422,1.2975461784302038
142,K004_022_1,1.9474742397587332,-1.7542337805677228,0.9136441543602081
143,K004_022_2,2.2927492481939376,-1.735624685253857,1.426129173281793
144,K005_001_1,2.2961395858406504,-1.7321328656279589,1.447352525590275
145,K005_001_2,2.0168342071088454,-1.2443383866741529,1.0122837204856134
146,K005_002_1,2.0354176391224557,-1.0722358127564153,0.956389517128582
147,K005_002_2,1.9325875982035998,-0.8909170079555622,0.7427533659875535
148,K005_003_1,1.9788145578913656,-1.1890866612071875,0.8088538962215162
149,K005_003_2,1.5841751259586507,-0.7049324721080445,0.19180149423581183
150,K005_005_1,1.8484539238697828,-1.3419321407651064,0.6870541880845087
151,K005_005_2,2.743983938317105,-2.106954027298635,1.5817438948617044
152,K005_006_1,2.1209804574379207,-1.299038630047818,1.2463815417833066
153,K005_006_2,1.7055908613741804,-1.1777800206342794,0.7028583665832602
154,K005_012_1,1.8368906317165388,-0.786684355688999,0.6615376526874742
155,K005_012_2,1.7071298816400675,-0.7729157272408437,0.7682418258783332
156,K005_016_1,2.082101818234946,-1.1668703445065176,0.967114769890966
157,K005_016_2,1.8514840359034148,-1.0494343197904477,0.6557864333585707
158,K005_019_1,,,
159,K005_019_2,,,
160,K005_019_1,2.2218966729047938,-1.404231832277201,1.1088291519344957
161,K005_019_2,2.18692935092392,-1.5234568155595845,1.2482974891846574
162,K005_020_1,2.1092356169652504,-1.354753850087524,1.0593627107952808
163,K005_020_2,1.7585083234181216,-0.77423512868587,0.7015585194065632
164,K005_021_1,1.9291041502149688,-0.9990797193143909,0.6693665870287279
165,K005_021_2,2.6120285184752294,-1.8804736076200552,1.5533804271767016
166,K005_021_1,1.8137159619020695,-0.6123801861050868,0.32676915482528823
167,K005_021_2,2.507681860623037,-1.9321666717880959,1.6024267279258722
168,K005_024_1,2.0780422168026242,-0.6723861449647207,0.5262019630677092
169,K005_024_2,,,
170,K005_027_1,2.16480567097152,-1.4419655722804767,1.0538035968947512
171,K005_027_2,2.1958234779760173,-1.2526888366918039,0.9783044798902589
172,K005_028_1,1.693313470789726,-0.8668893670026043,0.33398722541270986
173,K005_028_2,2.37696808110155,-1.515191808174156,1.270465027752941
174,K005_031_1,2.3732370141038865,-1.6315281976441156,1.0284531406571378
175,K005_031_2,2.301554702101004,-1.2306989771066734,1.078734996517963
176,K005_033_1,1.3050398483706696,-0.5236861083566214,-0.19880697600291436
177,K005_033_2,2.1856459400253496,-1.718921442745418,1.3579364963183087
178,K006_002_1,2.1185679218192766,-1.6123038066029225,0.9108737685296011
179,K006_002_2,2.261719717960848,-1.4872587387707907,1.161268586316877
180,K006_002_1,1.9791298889804243,-1.2986729057993247,0.9445788775271251
181,K006_002_2,1.9920398906611394,-0.9453826169107226,0.717192268565615
182,K006_003_1,2.1078731786629974,-1.0645063963311607,0.8915147004093781
183,K006_003_2,2.212944090809319,-1.2964708056171466,1.0732309037536691
184,K006_003_1,2.0090418921431437,-1.061816448059783,0.7889505678153277
185,K006_003_2,2.050535003551657,-1.140413567523972,0.8555988381256893
186,K006_006_1,2.153465004263557,-1.5974938597289188,1.1391709939800554
187,K006_006_2,1.8820942790093642,-1.2009579060982192,0.7562582345191037
188,K006_009_1,2.5550195735743033,-2.6901146333453236,1.7674857630756458
189,K006_009_2,1.6641608939646322,-1.408612621882503,0.5466521723108669
190,K006_011_1,2.1405909310493403,-1.3246773441144455,1.0408878809207265
191,K006_011_2,1.9317217598526837,-1.3663081540770383,0.8728612081697344
192,K006_013_1,1.8250661311810936,-0.841117390972275,0.6618581718731938
193,K006_013_2,1.3167659537051284,-0.08009202986629674,-0.17818157906273294
194,K006_016_1,1.8835223966910093,-1.048389707641851,0.7411198285645808
195,K006_016_2,1.893548556197604,-1.0283780956825384,0.9332062453148048
196,K006_017_1,2.0694069730725726,-1.7653446158263284,0.9229911873506921
197,K006_017_2,2.5374282031057263,-2.1110787455092734,1.5541466091510896
198,K006_018_1,2.3147975240725187,-1.8130063459629027,1.0809593473670556
199,K006_018_2,2.43823481092375,-2.171461348393929,1.2808034624161129
200,K006_020_1,2.2305011233056677,-1.800486268309918,1.091538189384808
201,K006_020_2,2.271756807472583,-1.9402886841269122,1.2115587181061072
202,K006_021_1,2.032937358423041,-1.6675971307085593,0.8572160213314256
203,K006_021_2,2.1468652216213373,-1.27665864378401,0.8206912853916057
204,K006_023_1,2.277558859658828,-1.6036134272896183,1.0285659998525332
205,K006_023_2,1.936976139834317,-1.7077599078191437,0.8049605319849442
206,K007_001_1,2.0527976751313983,-1.3800974377481052,0.8869556346489532
207,K007_001_2,1.7042051976427506,-0.9393796132495575,0.43573600319400524
208,K007_003_1,2.1754051477597707,-1.4213567678319883,0.922092160846151
209,K007_003_2,1.6000669409934827,-0.7014716187806583,0.3553473940536504
210,K007_005_1,2.607095870190714,-2.373012160898035,1.7634637157932962
211,K007_005_2,1.421904223391762,-0.9594858306465298,0.3020067468212089
212,K007_006_1,2.1788490021529676,-1.278257052911975,0.7244978818079297
213,K007_006_2,1.662403115574052,-0.6520245032123115,0.013562799179394014
214,K007_007_1,2.4437230758357935,-1.8608659963061769,1.3596984156546423
215,K007_007_2,2.3023829021626443,-1.766971731221224,1.2491069340623007
216,K007_008_1,2.0682592324123905,-1.2271013344240504,0.8280627091051262
217,K007_008_2,2.344112559937773,-1.814116591105637,1.4078248945286107
218,K007_013_1,1.9040565385768866,-1.1905994409359149,0.7351279581369914
219,K007_013_2,2.505191995113417,-1.883114477421479,1.4560079402824582
220,K007_014_1,1.9602263388978889,-0.8396414342629481,0.5237348438743501
221,K007_014_2,2.020870027582998,-1.2127021387584767,0.5737873072596119
222,K007_015_1,1.9569192427683295,-1.2417549263301995,0.7745530678362256
223,K007_015_2,1.8337936770990084,-0.9550711068373907,0.5296278438289067
224,K007_016_1,2.2900536705432644,-1.648364847020482,1.1523865221741516
225,K007_016_2,2.3079249848759833,-1.4943913532297626,1.0432654005294133
226,K007_017_1,1.6065224077546605,-0.7522688710886636,0.23841184280929825
227,K007_017_2,1.8961246988195073,-0.833662784485522,0.4821961248018057
228,K007_018_1,2.066754013064256,-1.5725401229938503,0.8941462220632258
229,K007_018_2,2.5576707919513915,-1.9900727389176083,1.3727912763298207
230,K007_019_1,2.276327847949954,-1.491551560522986,1.1108297313781124
231,K007_019_2,2.538170962042283,-1.8926493002632672,1.438298760237172
232,K007_020_1,2.4951787767740083,-2.0210646577885685,1.434344563593922
233,K007_020_2,2.5317173112700275,-2.2340433844903576,1.3902228635059046
234,K008_001_1,1.6324971092453875,-1.2279699101211412,0.4295275197282985
235,K008_001_2,1.9783280041540265,-0.5044388249219843,0.6224061870268504
236,K008_001_1,2.646640365319499,-2.3980532161601364,1.815141389765485
237,K008_001_2,1.6239674567265783,-0.3219439040207522,0.05247295846750868
238,K008_002_1,1.4039851373974113,-0.07450542437779221,0.32625294452116005
239,K008_002_2,1.800012994607238,-0.6727397946406212,0.47803118154876945
240,K008_003_1,1.7977164381142958,-0.7065217391304351,0.27964022894521673
241,K008_003_2,,,
242,K008_004_1,1.917240182754034,-1.296161593554163,0.4968430719779586
243,K008_004_2,2.5553601798737424,-2.4799557722839647,1.8681006260410078
244,K008_004_1,2.354090768862807,-2.2410714285714284,1.3948209076231193
245,K008_004_2,2.6329479278086216,-2.4771572647511086,1.632825495735748
246,K008_005_1,2.105198937722803,-1.2888181500650935,0.9431095744172335
247,K008_005_2,1.6785935645176542,-0.646295368166061,0.5506074148675014
248,K008_010_1,2.4476981928505475,-2.0846829895679515,1.2685400253825336
249,K008_010_2,2.5411670663469224,-2.071073390140813,1.4364725076760965
250,K008_013_1,1.8701235842664,-1.18877486380337,0.8626373626373622
251,K008_013_2,1.32778613791272,-0.05459503365049881,-0.055375933219681865
252,K008_015_1,1.9768852686712282,-1.5468601969862183,0.7975568909467046
253,K008_015_2,2.314712987769105,-1.7160393163307128,1.3103995789680254
254,K008_016_1,2.267909288271154,-1.9132725089024212,1.1970270712142228
255,K008_016_2,2.353513949113866,-2.0470461161202067,1.2804045733654474
256,K008_019_1,1.5366605052372149,-0.3180107908561692,0.044621600173147535
257,K008_019_2,1.9074242479356882,-1.176831005984611,0.7564260372167109
258,K009_002_1,2.023251024834128,-1.112597132818711,0.7455086740139659
259,K009_002_2,1.975590133660017,-1.2537451150673034,0.6611214475940314
260,K009_003_1,1.7003762533570597,-0.8066356167251035,0.3975410373830547
261,K009_003_2,1.8255931280192157,-1.1802313186227482,0.5250619860509085
262,K009_006_1,1.3505207929492646,-0.4538093298024036,-0.15864715882746896
263,K009_006_2,1.899020430124543,-1.060481088879132,0.5712548561321497
264,K009_007_1,1.7745815719833662,-0.8411439366351056,0.5039578138226076
265,K009_007_2,2.2277544248818635,-1.6100656333432217,1.2208113794194857
266,K009_008_1,1.6625127938086948,-0.3637688370770543,-0.11285872953315915
267,K009_008_2,1.2979033804343296,-0.8651310434641053,-0.15251637509327623
268,K009_009_1,1.9279947447606536,-1.006698484467889,0.4199104010819494
269,K009_009_2,2.0360379957943584,-0.8306429167826331,0.5673035483407554
270,K009_009_1,1.7712546357847598,-1.0809575040344273,0.6754957703508527
271,K009_009_2,,,
272,K009_010_1,2.6046790219152984,-1.8597346330896292,0.775869291998324
273,K009_010_2,2.1024259851767853,-1.3416824944602723,0.7800338409475465
274,K009_011_1,1.152121421179717,-0.15420665866826633,-0.41468995499961875
275,K009_011_2,1.8380722944823242,-0.9821679550245961,0.5239566551168584
276,K009_012_1,1.975052669579883,-1.1475194980985322,0.7378985795974625
277,K009_012_2,2.1628937835679984,-1.2901351402505956,0.8684933518386058
278,K009_014_1,2.2906218746611082,-1.6653903221174557,1.1422848343398855
279,K009_014_2,2.8410513892500653,-2.7136557779008137,1.8689996408762615
280,K009_015_1,2.518128531817065,-2.6102091359383603,1.6240654042345044
281,K009_015_2,,,
282,K009_016_1,1.6124169464885332,-0.7875833881424407,0.11383600018992424
283,K009_016_2,2.1296804491853347,-1.0470047449584812,0.7512324872165276
284,K009_016_1,1.6166227152859867,-0.974979149291076,0.27075659682386305
285,K009_016_2,2.208051526079893,-1.6322162706587924,1.1717171717171713
286,K009_019_1,2.0064607561168772,-2.4674426176135436,1.2944200315065086
287,K009_019_2,1.7386187256211953,-0.8373955431754874,0.5600495809867692
288,K010_001_1,1.8010502726026023,-0.9793402162353773,0.5249716105185812
289,K010_001_2,1.7100502163205717,-0.740600942571386,0.3348083068800029
290,K010_003_1,2.715762349351417,-2.3174265112086765,1.7733186505447704
291,K010_003_2,2.082151603584051,-1.5678182981445936,1.0075524721173268
292,K010_003_1,2.3991343937946152,-1.827509253211409,1.1059033590001115
293,K010_003_2,2.2903241626207644,-1.6719435437726495,1.0518467985576452
294,K010_004_1,2.4475961450875374,-2.4618726564753386,1.6723855912180579
295,K010_004_2,2.4918889876216648,-2.471146777750551,1.6600305016281272
296,K010_004_1,2.6338157523515675,-2.493473787476371,1.6204100238720744
297,K010_004_2,2.2930192494397446,-2.252929375163551,1.3725733288604307
298,K010_005_1,2.2937375334356696,-2.1639542113155095,1.4044178402893814
299,K010_005_2,2.440428058744508,-2.3559985000517227,1.6272127193266845
300,K010_005_1,2.728228819417102,-2.510246187060381,1.7371834087850238
301,K010_005_2,2.3747980132696904,-2.07942345334836,1.3897725074764542
302,K010_006_1,2.430964396925956,-1.8551359241014413,1.3074155720890352
303,K010_006_2,2.3026538589356083,-2.1541585648874113,1.2164176747417954
304,K010_008_1,2.533865652309357,-2.248327161696875,1.5222669415267818
305,K010_008_2,1.3779769920357048,-0.9575869336143304,0.22169052905596784
306,K010_011_1,2.373844177307574,-2.0066898276152236,1.3424380130422722
307,K010_011_2,1.7140848255991186,-0.7406817115143932,0.05882815108719085
308,K010_011_1,2.683571615817386,-2.362971378458104,1.7135473231165272
309,K010_011_2,2.2689739099462765,-2.2587826797385624,1.4282419726805036
310,K010_012_1,2.336167882159638,-1.738177591290542,1.2374935385675716
311,K010_012_2,2.145613280738816,-1.7537542535878088,1.098951922718287
312,K010_012_1,2.2990154446226914,-1.7695539354998142,1.228087212580665
313,K010_012_2,2.048994934853939,-1.8889027899411979,0.9519066049108557
314,K010_013_1,2.6444932417203826,-2.5574766475056454,1.9422346900696166
315,K010_013_2,1.3007058958017774,-1.0138029911166084,0.041370081430442296
316,K010_013_1,2.4633786877911414,-2.304419928080159,1.6006554389162475
317,K010_013_2,2.0694491960314743,-1.8299252068746017,1.0900204728834648
318,K010_015_1,2.0148829922647606,-1.2973137973137976,0.7153947111222805
319,K010_015_2,2.111111728769088,-1.3766235205461235,0.8050016109142211
320,K010_016_1,2.1318765169533487,-0.8942248650744917,0.6563062551693939
321,K010_016_2,2.1886594474690626,-1.4578146801791878,1.1691089218202388
322,K010_017_1,1.780921131607379,-0.4670342562177382,0.0737202452034071
323,K010_017_2,1.5475148930557692,-0.4748003125542628,0.151023628950944
324,K011_002_1,2.00813742172217,-0.9170422664765673,0.5557546057650076
325,K011_002_2,2.0900184128571753,-0.6667414520326661,0.6293912333983045
326,K011_004_1,2.131036184548738,-1.5693511387842047,1.0167303556998257
327,K011_004_2,1.9586043179615404,-1.018057181073399,0.49270912201003875
328,K011_005_1,2.4712062514542508,-2.1307968481705952,1.510267913238085
329,K011_005_2,1.5523876384371822,-1.4980616463147467,0.4607773885319916
330,K011_007_1,2.324276409149695,-1.8015036945233203,1.2628299321866083
331,K011_007_2,2.0900167606559803,-1.0546641859779684,0.5734818075877252
332,K011_009_1,2.1925173005333116,-1.2166867581602372,1.0076553797394607
333,K011_009_2,1.5981377649812263,-0.5802374441405987,0.16338496690299362
334,K011_009_1,2.337647415686959,-1.5828822733423547,1.1460953709994304
335,K011_009_2,2.115212711528993,-0.6330011903390549,0.41984342762384075
336,K011_015_1,2.099749076227647,-1.3747055880307042,0.9411894098166333
337,K011_015_2,1.810630868106037,-0.9901432882207325,0.535546482468926
338,K011_016_1,2.0073823407962457,-1.1351429830182636,0.8367866267023394
339,K011_016_2,1.8596996254202474,-0.786546520188006,0.44650693783641743
340,K011_016_1,2.0787009967000687,-1.1398923493024127,0.718966976000859
341,K011_016_2,1.7585027624667242,-1.0030844281547635,0.4658818808972186
342,K011_018_1,2.1278531958608133,-1.5378643675586907,1.0882760817825752
343,K011_018_2,1.6528281438872912,-0.5773644798958163,0.13663875300555495
344,K011_019_1,1.7866128371657597,-0.6446921684019918,0.27104865869237016
345,K011_019_2,,,
346,K011_019_1,1.466483166056863,-0.7569142631370995,0.16643272508522142
347,K011_019_2,1.319911748483177,-0.6972573839662446,0.022695367337388726
348,K012_001_1,2.679708165251198,-2.4907186338120586,1.7312096501721288
349,K012_001_2,1.2069047951072773,-1.0429775355224513,-0.1144424835126924
350,K012_002_1,2.4731922241076476,-1.846979983612314,1.3421208706482417
351,K012_002_2,2.2321464014925967,-1.2839515753530966,0.8943606350209302
352,K012_002_1,2.735062283657352,-2.339858793324775,1.7619343362316175
353,K012_002_2,1.794428413356187,-1.0636141583818994,0.4969495045649259
354,K012_002_1,2.4553323925908157,-1.9440880181462372,1.4867630502391007
355,K012_002_2,1.6545595155391855,-0.9129852221875324,0.4000418727591527
356,K012_002_1,2.3377387312116533,-1.6760195511959146,1.2209961052755811
357,K012_002_2,1.9450773271902349,-1.3167251853090338,0.848279633212753
358,K012_003_1,2.040669281882955,-1.4426254589963279,1.069719537315798
359,K012_003_2,,,
360,K012_003_1,1.756810420141371,-1.1569237777102945,0.7371482471309542
361,K012_003_2,,,
362,K012_003_1,1.9832438026711348,-1.2875143733231125,0.8497698560376064
363,K012_003_2,,,
364,K012_004_1,1.8568313385880895,-0.96148712703323,0.6344411064823777
365,K012_004_2,1.6500748838782255,-0.2465422899252091,0.5239342996235052
366,K012_006_1,1.74110821157489,-0.909007256283521,0.4558990769881779
367,K012_006_2,1.5837281394396678,-0.37548195558297365,0.23628019135778444
368,K012_007_1,2.1343623449043228,-1.4108023423053213,1.003681124228255
369,K012_007_2,2.094254617516373,-1.226600380531517,1.513612063904082
370,K012_007_1,1.7376081341478415,-1.1870494954348871,0.4947394176657695
371,K012_007_2,1.9217878557775392,-0.8647993397297018,0.9978080475966805
372,K013_003_1,1.3947227405078408,-0.3479276011114543,-0.023964340545212997
373,K013_003_2,1.1630209794451476,-0.1282233226644119,-0.27429519322537177
374,K013_004_1,2.2220007460690074,-1.1045561186891857,0.8791625552684893
375,K013_004_2,1.7333132020060273,-0.8330874716767367,0.4581947912106114
376,K013_009_1,2.048794681544174,-1.0817976706665318,0.8049891924005513
377,K013_009_2,1.8676396042330294,-0.8738433142942663,0.6729155463288352
378,K013_011_1,1.7488349577972349,-0.7086042196939495,0.39655251860441876
379,K013_011_2,1.6996294947220478,-0.6719706871484584,0.33928111737924804
380,K013_012_1,1.6938062695607814,-0.42567790550574774,0.39723592471132907
381,K013_012_2,1.746560959696476,-0.6159794941302491,0.48431969844731
382,K013_017_1,2.068495145087411,-1.317929944810397,1.0004361342846275
383,K013_017_2,1.593215780538233,-0.6094186975629249,0.25014256482506475
384,K013_019_1,1.7610780003364217,-0.7455920888034446,0.4326161636808405
385,K013_019_2,1.7760526611966805,-0.8554643820298625,0.44432553468231845
386,K013_020_1,1.7579910070157494,-0.7821344967014258,0.6428593218529307
387,K013_020_2,1.7605687004229336,-0.6313120094772696,0.3923042655084079
388,S001_004_1,1.7897403419886002,-0.6641292159061503,0.3248334131788681
389,S001_004_2,1.7911558394297975,-0.8254310344827585,0.4712861115983059
390,S001_006_1,1.6799917750091131,-0.7761127430929983,0.26597711021078724
391,S001_006_2,1.8035025230038586,-0.8681917376413179,0.4537567859369533
392,S001_011_1,1.9359912772251564,-1.255050145814069,0.8121083358625982
393,S001_011_2,2.1202753944028387,-1.2013382979871565,0.8460495128919168
394,S001_012_1,1.3808505102483306,-0.5981462527010124,0.02082253326421294
395,S001_012_2,1.8606446888885195,-1.1906810390295355,0.9343097207000761
396,S001_013_1,2.181877480023917,-1.5266083339310048,1.0248544882686812
397,S001_013_2,1.9009365140726517,-0.9869633041152878,0.568387241353552
398,S001_015_1,1.9836495551509086,-1.4507750628682956,0.9529692241005633
399,S001_015_2,2.046702044622324,-1.3177697000083564,0.9638523311451034
400,S001_017_1,1.852771684574488,-1.4486662073038683,0.7089158892380785
401,S001_017_2,1.7940550383421812,-1.7955119781663802,0.6947497571698786
402,S001_018_1,2.0913350630051952,-1.4935989299703831,0.9230879764342418
403,S001_018_2,2.1287397457822275,-0.9876973842815812,0.6868863716974439
404,S001_019_1,1.721011410636238,-0.9504787724965391,0.3957980246624978
405,S001_019_2,2.4372275062232904,-1.7570215045534552,1.4721745549366798
406,S002_001_1,1.9457851187765933,-1.16147000248942,0.821832596910156
407,S002_001_2,1.581632868833393,-0.8955339237967912,0.45947028805195883
408,S002_003_1,1.9143965072324283,-1.378625193712641,0.8432235248252621
409,S002_003_2,2.643400205064711,-2.46969696969697,1.9466828759986103
410,S002_004_1,2.300235007157126,-1.4651137496242623,1.0461183400564502
411,S002_004_2,1.7295054915535226,-1.0690292805183692,0.4063348208124394
412,S002_005_1,2.313946033642839,-1.9631795085960881,1.1731656074831533
413,S002_005_2,2.23525730906057,-1.8530669975951166,1.261896672869486
414,S002_007_1,2.0939319608991993,-1.42742308505577,0.9294823010899271
415,S002_007_2,1.8541297927021057,-0.8009143943366541,0.6186713539442126
416,S002_008_1,2.092878945426492,-1.215757483084216,0.7849699744279816
417,S002_008_2,1.938632889277135,-1.2868743064511292,0.7762597613638073
418,S002_009_1,2.079000906929431,-1.441376898806232,0.9939357829614269
419,S002_009_2,1.7642500747281045,-0.9666681793428933,0.3275411489615328
420,S002_010_1,2.0917672270837055,-1.0848678197881052,0.8998318071388525
421,S002_010_2,2.02028260428639,-1.6027192297684099,1.1598981369789572
422,S002_011_1,1.9808636477815076,-1.225615252862165,0.8281271344656437
423,S002_011_2,1.6853063652587748,-1.2281354865771812,0.6540650843088819
424,S002_012_1,2.0602972472619685,-1.2579150667923573,0.7511554730812232
425,S002_012_2,2.338001452659507,-2.099077596726725,1.5089610249397194
426,S002_014_1,2.2686176468927775,-1.6090771694750852,1.1744913663028054
427,S002_014_2,1.8341911541811986,-0.9716758182258287,0.4650710316979345
428,T001_002_1,1.798835360505585,-0.8718514256488943,0.49181817454027266
429,T001_002_2,1.6002718709391524,-0.6559270045114934,0.2906439606993689
430,T001_003_1,1.9513994917492943,-1.5765222175375093,0.7999830125449781
431,T001_003_2,2.2411053001660646,-1.5149357912532662,1.0819769156150776
432,T001_005_1,1.9254648646953687,-1.1115730475486576,0.3862969208669038
433,T001_005_2,2.4321942622148245,-1.8444194694194695,1.4695345005724498
434,T001_007_1,2.002623244740651,-1.2394345586513693,0.9186401609138021
435,T001_007_2,1.5962388406613726,-0.9180087847730601,0.29088928709462025
436,T001_008_1,2.54407411678776,-1.9440691512656565,1.4197791704624025
437,T001_008_2,2.4474577289245283,-2.2177223505056136,1.2498250384915317
438,T001_009_1,2.0990079777079664,-1.1549255364577775,0.8174565994298029
439,T001_009_2,1.7594029478670028,-1.2954517629774729,0.6401216560114207
440,T001_011_1,2.246003264377349,-1.493968368385346,1.161968314012177
441,T001_011_2,2.2978253102764357,-1.7360933375989762,1.282192228875049
442,T001_014_1,2.256684895860154,-1.610586147352264,1.0732442986459496
443,T001_014_2,1.4838488038094875,-1.0568557111946248,0.22184098663769264
444,T001_015_1,2.038820397508464,-1.6709614992870239,1.0204008036680232
445,T001_015_2,2.061408528072143,-1.3912405131911818,0.953607776915704
446,T001_016_1,1.9272452105865419,-1.5097571552471811,0.8897582837410914
447,T001_016_2,2.1397803276676686,-1.5444089586028458,0.9677287748357878
448,T001_019_1,2.036148032615801,-1.0593465358619534,0.926865146988025
449,T001_019_2,2.0397379890507428,-1.3126846493180622,0.8532618064921761
450,T002_006_1,2.342103205289727,-1.760460612767135,1.270425786742115
451,T002_006_2,1.7288057421233172,-1.1047573145838059,0.39331457124806146
452,T002_006_1,1.8572291988449396,-0.9329756980351605,0.8662628145386762
453,T002_006_2,2.542615581554583,-2.0225915954582696,1.2415040626297371
454,T002_006_1,2.1307111722051597,-1.256745740604875,0.7888286300824213
455,T002_006_2,2.3672486144711367,-1.7899084354131671,1.1191754524643005
456,T002_011_1,2.1614666639671194,-1.0070239334027056,0.8241185735632643
457,T002_011_2,1.9581489928828557,-1.3096126798658438,0.9109030173593995
458,T002_011_1,2.2833908858313503,-1.3815696274259808,1.2069365606368923
459,T002_011_2,2.101842755499985,-1.5076378321432753,1.1128046972302943
460,T002_011_1,2.1547281796894504,-1.261159337792325,0.912855117573914
461,T002_011_2,1.975714691433371,-1.0893829182523245,0.6366605885691511
462,T002_012_1,1.9535710229739929,-1.1945738394378191,0.7548290638224027
463,T002_012_2,2.150060355077738,-1.4070802445755097,1.0121994198498114
464,T002_013_1,2.074687467951468,-1.3279017166556568,0.8970208527751389
465,T002_013_2,2.2144203595214513,-1.4910227562689928,1.0529321588051863
466,T002_014_1,1.1397153469898127,0.2030822411061502,-0.3020642705512044
467,T002_014_2,1.619807282964455,-0.9364157932779181,0.40027839897768214
468,T002_015_1,1.771307889056804,-1.2207082783641159,0.6306886608721979
469,T002_015_2,2.2637529646087313,-1.4932972216954297,1.1668199702096598
470,T002_018_1,2.3343595753344393,-1.609230586934197,1.214000912499256
471,T002_018_2,1.4932563645553456,-1.026904537357225,0.29518583320078434
472,T002_019_1,2.452602468275528,-1.3752984718242598,1.0921162864075027
473,T002_019_2,2.0060028768504155,-0.8866797191466378,0.6150731718350633
474,T002_020_1,2.363664009004128,-1.8561282580789193,1.4023170825443185
475,T002_020_2,2.140352084910915,-1.6788903299827902,1.0449156463776086
476,T003_001_1,1.9957667083415587,-1.0636966126656844,0.6111718647478239
477,T003_001_2,1.8838308042910348,-0.8074520783975877,0.6850789096126249
478,T003_002_1,1.9478059739693434,-0.707227166452975,0.3810948476643124
479,T003_002_2,2.444035879806637,-1.855410274752934,1.4416032207916443
480,T003_003_1,2.618293210079259,-2.1080635217131203,1.6012855401926016
481,T003_003_2,1.9484401979590018,-1.7246928876469658,0.9156958900673877
482,T003_004_1,2.314305030604698,-1.4598093876147202,1.059626703911628
483,T003_004_2,2.2744860842979175,-1.602183521340458,1.1762179073347565
484,T003_006_1,1.7953944725211983,-1.237800802139037,0.4255619754544302
485,T003_006_2,0.7627867519705912,0.04350235522305327,-0.5273027936105833
486,T003_007_1,2.3115294421029726,-1.939689745893224,1.1462703868879907
487,T003_007_2,0.7050215746357325,0.18464880521361335,-0.5049621635032876
488,T003_012_1,1.8976408207177438,-0.8198577537306919,0.6364802350310227
489,T003_012_2,1.7712808018636066,-0.2718905682681756,0.15197561911256965
490,T003_015_1,1.9706103185669845,-1.2135448098974049,0.7116919468926125
491,T003_015_2,2.267464563340601,-1.3719277954479738,0.9971069546945995
492,T003_017_1,1.734558346893149,-1.0929081552276427,0.4408098042840914
493,T003_017_2,2.433007899336748,-1.6718313791178117,1.3082727814900008
494,T003_018_1,1.8740701749525563,-1.0150195129995057,0.6525815104670776
495,T003_018_2,1.808047829620752,-0.6246241731809978,0.3728720332224086
496,T003_019_1,1.8787272363418055,-0.19284613408682275,-0.06407882555217612
497,T003_019_2,,,
498,T003_021_1,1.7945826396568274,-0.6931412298484412,0.3936691659993687
499,T003_021_2,1.8554190386179308,-0.7835152328703163,0.5009076137078947
500,T004_001_1,2.0869938903731735,-1.2986354465328662,1.0099186537258187
501,T004_001_2,1.8982497125440314,-0.9548327674637,0.5036051127052906
502,T004_002_1,2.0431319571370063,-1.066716614282582,0.6180843136536321
503,T004_002_2,2.4540207328053936,-1.8123625613947303,1.3369224784222704
504,T004_003_1,2.349427462986175,-1.5723867890848842,1.1799474024218708
505,T004_003_2,1.8244175416239576,-0.9634433095745463,0.6011141650218589
506,T004_005_1,2.40033337963606,-2.2177843725142266,1.345121838513909
507,T004_005_2,1.9001072998511643,-1.0827904451682948,0.6397560471366548
508,T004_005_1,2.056309973469101,-1.490663968676998,0.9275606413368339
509,T004_005_2,2.179590516854202,-1.5022259088630556,1.2567705029858423
510,T004_006_1,2.6106775379048095,-1.9967225027343691,1.4509008637185676
511,T004_006_2,1.8622498769715825,-0.8546467228899662,0.3046191531552549
512,T004_010_1,1.9569425515696102,-1.3780087527352298,0.8726682326931048
513,T004_010_2,2.4730881464436765,-2.3146659521257593,1.6721593388260052
514,T004_010_1,2.0592839930068827,-1.235188537894868,0.7981515827858289
515,T004_010_2,2.433900045949671,-2.186310185351163,1.4513597667428588
516,T004_011_1,2.0926617426921745,-1.0174672489082974,0.7597747939988839
517,T004_011_2,2.06423297434949,-1.2364121232644771,0.898795830848314
518,T004_013_1,2.1661772236105583,-1.4577425438290146,0.9387241822746715
519,T004_013_2,2.0282449063261856,-1.3367451083311466,0.785937888562192
520,T004_014_1,2.1067052503444104,-1.1648883662863279,0.8417150929931105
521,T004_014_2,2.275474909106983,-1.7890021082220662,1.3712122884067885
522,T004_016_1,1.6895949136472646,-0.7771463253144999,0.259801194317718
523,T004_016_2,2.1798368113573443,-1.3925543767863202,1.0739387740191422
524,T004_017_1,2.3609203602960847,-1.8153581545932824,1.3177863702271624
525,T004_017_2,1.3315284149306859,-1.7172613164657045,0.3549297886162609
526,T005_001_1,,,
527,T005_001_2,1.573010472950437,-0.15129720010274858,-0.24811532866023076
528,T005_002_1,1.7634862318576985,-0.7290538614990025,0.471653030193324
529,T005_002_2,1.9810842689266526,0.11528629856850711,-0.024020502128399207
530,T005_004_1,1.9961415211562354,-1.6219128024193552,1.1079626507586564
531,T005_004_2,2.1926630583347,-1.8958774904620597,1.3220605797416136
532,T005_005_1,1.9609335272234167,-1.1013650241408697,0.7326994706920209
533,T005_005_2,,,
534,T005_006_1,2.2494579243455064,-1.28911160965882,0.9759591125868775
535,T005_006_2,2.0615730845892326,-1.1164473143608427,0.7352085919443659
536,T005_007_1,,,
537,T005_007_2,1.931791482799424,-0.9510423058566851,0.8749092741074704
538,T005_008_1,1.9081537225907959,-0.909786601364352,0.495495594471666
539,T005_008_2,2.1187571018079487,-1.6311420982735725,1.0903984021114954
540,T005_009_1,1.9646141682040754,-1.314316380449141,0.8303702472930682
541,T005_009_2,1.5113573672974983,-0.4158308099924299,0.010975084883553778
542,T005_010_1,,,
543,T005_010_2,1.9296638989619626,-1.1932076275196366,0.8063716478276853
544,T005_011_1,1.9706079373846828,-1.3387921374544778,0.8212550749806381
545,T005_011_2,1.8274580207042566,-0.6799712822104937,0.32799009958878195
546,T005_011_1,1.9555080361454094,-1.1626883281902343,0.7225253312548713
547,T005_011_2,2.1530553286445775,-1.056625699204286,0.8302332975636892
548,T005_012_1,2.1709485330531098,-1.4200810823777765,1.0661103205421962
549,T005_012_2,1.7250892759988525,-0.7385219136045323,0.4829582501827658
550,T005_013_1,2.488888535006489,-2.6157546840820465,1.832646633047517
551,T005_013_2,2.6943138820261603,-3.033004823999397,2.062132356412459
552,T005_019_1,2.4400396830716846,-2.566607247379343,1.7894729798452933
553,T005_019_2,1.8103391624986307,-1.7763120263120264,0.9948041566746596
554,T006_001_1,2.2559693221847015,-1.8799773826074326,1.0786649473279186
555,T006_001_2,2.2201561735426067,-1.3756953218581298,1.0262203993062688
556,T006_002_1,1.8774249485206465,-1.144713379136728,0.6238682695274798
557,T006_002_2,1.910419633583536,-1.4745668922657815,0.5043626098671968
558,T006_003_1,1.4325565040729813,-0.21472996986788254,0.08372627723003757
559,T006_003_2,1.5930212957239986,-0.4955717779589417,0.3385897387989983
560,T006_004_1,1.8875313827588065,-1.514265071176077,0.7025781034833732
561,T006_004_2,1.611789056099349,-1.6217398620225474,0.4849069548066204
562,T006_005_1,1.7740326518839733,-0.9779741362211911,0.5447962946397509
563,T006_005_2,1.9069084084918293,-0.8945943950987874,0.5319204056204585
564,T006_006_1,1.884179273568966,-1.483063357029095,0.8070658005111099
565,T006_006_2,2.082022723688906,-2.395359785912515,1.1785080665218617
566,T006_006_1,1.9648084809777766,-1.4232239208633088,0.9977030830448707
567,T006_006_2,2.1911223894369734,-2.0882701421800944,1.3204871176614017
568,T006_008_1,1.3805387986087916,-0.71726375505129,0.12412292736466618
569,T006_008_2,1.8395840330385245,-1.0674430667391195,0.5491915252974342
570,T006_008_1,1.2715976718331043,-0.9675529233870969,0.12864738684995444
571,T006_008_2,1.1191540699737423,-0.34201199563794965,-0.5379693432709887
572,T006_009_1,1.5060594354065615,-0.6831223748439094,0.230199080289052
573,T006_009_2,1.7679881170945928,-0.47053371508277364,0.2699084056688964
574,T007_004_1,2.2120483533324817,-1.495140364860078,1.0620567966175047
575,T007_004_2,2.162936407390436,-1.2507863139515412,0.9355341863709575
576,T007_005_1,1.8280610600541065,-1.0370391951210034,0.7772575642301164
577,T007_005_2,1.2051567701927348,-0.4565220180661056,0.06359460050700645
578,T007_005_1,1.5776943396853351,-0.8631771210425855,0.41610026192765487
579,T007_005_2,1.3379098376641105,-0.6462585034013607,0.1505899222268976
580,T007_006_1,2.5086756741695417,-1.762340128907118,1.2796549245147373
581,T007_006_2,2.0303908786875153,-1.0482864788187498,0.6571241364805612
582,T007_007_1,2.1305220696898437,-1.27330547646341,0.9426765191882808
583,T007_007_2,1.4475919301063493,-0.33449318487233615,-0.023603900829654283
584,T007_009_1,2.950933526359152,-3.120287956939004,2.33931505402204
585,T007_009_2,0.8777462869719771,-0.6000209084731587,-0.33454229624392257
586,T007_010_1,2.099510499883453,-1.1524951854642882,1.1170068889734164
587,T007_010_2,2.4255642141483658,-1.9246009956805035,1.66584881733473
588,T007_014_1,2.473629001431225,-1.9751308900523552,1.380724902772105
589,T007_014_2,2.1078115122140995,-1.6165210688591989,1.498980945294555
590,T007_014_1,2.494424994851578,-1.7642311697327313,1.444229529335912
591,T007_014_2,2.4383534599058927,-1.8025958930647032,1.6445187078173116
592,T007_014_1,2.582114669005238,-2.0944075563452733,1.5621662492320778
593,T007_014_2,2.6228199661035485,-1.9428783382789319,1.850667679947888
594,T007_015_1,2.444929116684842,-1.949533648726969,1.4619231781642943
595,T007_015_2,1.8879452419858194,-0.9896767524376272,0.5234091450512179
596,T007_016_1,2.664277910627927,-2.7199023366192048,2.0271175833066204
597,T007_016_2,1.5705611875946568,-1.2433939787740957,0.8475525046988642
598,T007_016_1,2.8797920577883764,-3.014334872936718,2.3225168493744293
599,T007_016_2,1.3532153895123784,-1.17132446004981,0.3843030290601095
600,T007_017_1,2.5249847581494413,-2.296203672471224,1.7036636395776497
601,T007_017_2,1.6180353016307747,-0.6502243034786712,0.3701109050005918
602,T008_003_1,2.2435029562620117,-1.412582652664333,1.1207621422111413
603,T008_003_2,2.268873898322607,-1.8114178040334081,1.3435423213641753
604,T008_004_1,2.204013165419171,-1.3291956806943184,0.8768110426023188
605,T008_004_2,1.6861723996162807,-1.1658953364186542,0.5324675324675324
606,T008_005_1,2.1284603991388127,-1.0029210558178956,0.7021425741367221
607,T008_005_2,1.5039859592734346,-0.4392964572192515,-0.034287883260933634
608,T008_005_1,2.208638602827719,-1.2517145063130166,0.8579922850425685
609,T008_005_2,1.9295062867864008,-1.1753059755219588,0.6667119688321103
610,T008_005_1,2.2037648907860192,-1.1492964717528111,0.7999893090053812
611,T008_005_2,2.127061922776493,-1.2900473645858634,0.8219100608358041
612,T008_006_1,1.8463573112529474,-0.5271533496550187,0.3212532815888597
613,T008_006_2,2.208790329036907,-1.8687270501835986,0.9183172238947869
614,T008_008_1,2.190621905416135,-1.2755165435955695,0.9054819910534475
615,T008_008_2,2.084598826844982,-1.3063076333853814,1.0931334151135808
616,T008_009_1,2.2643329024276118,-1.2615495137046862,1.0216681719510068
617,T008_009_2,2.282510047970958,-1.6419042732536828,0.989043272606334
618,T008_010_1,2.476304998529335,-2.054600740349022,1.31385645624186
619,T008_010_2,2.413222255994452,-1.5577310694703044,1.2560477832638772
620,T008_011_1,1.723415049555181,-0.4710069568959335,0.1748852174541776
621,T008_011_2,1.7936902780875268,-1.1330004076640847,0.7739036664270308
622,T008_013_1,2.2324348247950905,-1.338962666847347,1.1683698627807724
623,T008_013_2,1.5812409878464673,-0.9516624503071919,0.5407101455889731
624,T008_014_1,2.031126037331776,-1.2669658283739678,0.8258211634564068
625,T008_014_2,2.120098334578583,-1.0886100019015024,0.8354235740714046
626,T008_014_1,2.1273089020362335,-1.3265869485582709,0.864698009473698
627,T008_014_2,2.2402621992522307,-1.372469054404696,1.0193634008804937
628,T008_017_1,2.3620029488747414,-1.3628962666908893,1.1800917577777261
629,T008_017_2,2.3155521425828858,-1.0255836264790534,0.8561477676102812
630,T008_017_1,2.3134610367536026,-1.3088170486023665,1.0869990996825187
631,T008_017_2,2.192861756854565,-0.8101447254245691,0.72502371289515
632,T008_019_1,2.500050221692902,-2.027521630236794,1.3537566955973752
633,T008_019_2,2.2447773873421637,-1.5043821545380214,1.0980314050011566
634,T008_019_1,2.2991197271290713,-1.8615309848663777,1.0419757693813092
635,T008_019_2,2.248704591570426,-1.7165749020257217,1.217813435053313
636,T008_020_1,2.07560000795371,-1.1150338103475386,1.0740351433897903
637,T008_020_2,1.886882943372957,-1.360439338976219,0.9608485096514559
638,T008_021_1,2.3307098065719343,-1.3489512394442928,1.0313958059168362
639,T008_021_2,2.187163092896784,-1.3889214722759406,1.0584702756876279
640,T008_022_1,2.404408346063706,-1.6237213603593401,1.1834593734008072
641,T008_022_2,2.1093521265432496,-1.5432289255773284,1.112490623625876
642,T008_022_1,2.010237856977908,-0.5164308871205424,0.12597165066300844
643,T008_022_2,2.31462746632385,-1.6273819835426593,1.3075130396182442
644,T008_022_1,2.377532591704482,-1.38867493079793,1.0043167429038806
645,T008_022_2,2.4055114599126015,-1.8414356535815457,1.2643534888453611
646,T009_001_1,1.6406778550425503,-0.3537155993217683,0.1763512297295081
647,T009_001_2,2.18233322856758,-1.3209119932239834,1.2496715921051558
648,T009_002_1,1.7307938095635018,-0.6486109592037624,0.39956259343336464
649,T009_002_2,1.848033532506912,-0.613832962363416,0.44740657831141367
650,T009_003_1,2.1505717088160448,-1.2679337578225345,0.9022765587094471
651,T009_003_2,1.7881872047684675,-0.5960197491576188,0.3546964315118438
652,T009_004_1,2.54444273477971,-2.0380213976164674,1.18525468254239
653,T009_004_2,2.35470480858193,-1.8028196785960762,1.2948756293305412
654,T009_005_1,1.861522922029259,-0.9211754924533128,0.510576860683927
655,T009_005_2,2.4840949697003185,-1.9119769645720948,1.4812392047333798
656,T009_005_1,2.0658745048988947,-1.001669783596046,0.5335353257127115
657,T009_005_2,1.7797504931788504,-0.898200809362353,0.5801173799900339
658,T009_006_1,2.1003804555498333,-1.3282103600342268,0.8316203043665658
659,T009_006_2,2.0566326380512487,-1.3613039453893319,1.0082058495984991
660,T009_008_1,2.1151043596393726,-1.3060067545834673,0.8321185816067477
661,T009_008_2,1.9932315559900728,-1.078721091124728,0.7252261256309024
662,T009_008_1,2.00053453476385,-1.1886672643059915,0.6940961932983812
663,T009_008_2,2.3907564139980364,-1.558005852842809,1.2051451536142983
664,T009_010_1,1.9550773246725655,-0.599861595859911,0.44869891854230365
665,T009_010_2,1.8241399482931062,-0.9017397147763757,0.5546101426904105
666,T009_011_1,2.441928167026844,-2.1025595701053525,1.3407219985032603
667,T009_011_2,2.1800174692175482,-0.6718507429585273,0.4052271068440848
668,T009_011_1,2.3826949234346895,-1.8081037138456273,1.2088386702731
669,T009_011_2,,,
670,T009_014_1,1.9992995433022327,-0.8683006175562417,0.6773491150689513
671,T009_014_2,1.7701090950200669,-0.9930494746059544,0.4385029738525412
672,T009_014_1,2.245790391091706,-1.332182598203512,0.9953395697544829
673,T009_014_2,1.8265365690934867,-0.3304167992363983,0.2101138426002309
674,T009_015_1,2.094800526779614,-1.2960363092190759,0.7919938292359721
675,T009_015_2,2.1073025082491452,-1.1114440542913093,0.9336903289217264
676,T009_017_1,2.15479609617676,-1.155009192437505,1.0347779413990994
677,T009_017_2,1.976169314982017,-0.8660020500611716,0.6276364481173556
678,T009_018_1,2.0592275382742065,-0.9644912585514167,0.6824178525579739
679,T009_018_2,1.9817795940484524,-1.108308076305937,0.8336860114357753
680,T009_020_1,2.093861560882994,-1.2269410391126678,1.093670750914284
681,T009_020_2,2.0629202641444953,-0.948187305140299,0.8916805524884058
682,T009_021_1,2.555673838520964,-2.1753389270869747,1.643539923138448
683,T009_021_2,2.2243123580555615,-2.651045911437109,1.1971776222496684
684,T009_021_1,2.562377969357264,-2.3068731006246836,1.7244005895061567
685,T009_021_2,2.0366493234050953,-2.3742257824758437,1.068023894961731
686,T009_022_1,2.2570333594634615,-1.6367362380982402,1.1731502428374805
687,T009_022_2,1.8837932024810218,-1.0520754942874735,0.7381052342966814
688,T010_002_1,2.206368384854174,-1.4666053391944287,1.130106115575587
689,T010_002_2,2.46846277017055,-1.8149223045117902,1.4602213845645757
690,T010_002_1,2.1363082498374277,-1.3783181943990135,0.956662166765496
691,T010_002_2,2.111836956572677,-1.3319686687977867,0.9708554622006164
692,T010_003_1,2.1236440136062145,-1.2895134253526233,1.0122796136478809
693,T010_003_2,2.2696067823122283,-1.4746223084266514,1.2118305113045589
694,T010_004_1,2.1924219844013786,-1.2385892861419099,0.9552277727487997
695,T010_004_2,2.131210692088164,-1.5373500362328565,1.0614369905450538
696,T010_005_1,1.8129244032083642,-0.9167886774036118,0.5067183048024994
697,T010_005_2,1.8565804045320031,-0.8064803453424599,0.5466566958633504
698,T010_006_1,1.7130602167636104,-0.6484392295771528,0.24768176881735396
699,T010_006_2,1.4106321994483806,-0.044148489932886135,-0.3003973794436692
700,T010_006_1,2.1405081471942946,-0.7887540920469862,0.8353508512941638
701,T010_006_2,1.3929773099818825,-0.5272757147551761,0.16379457430472605
702,T010_007_1,2.717873479592575,-2.641023589284,1.7991037728272914
703,T010_007_2,2.398254814781963,-1.9617503194817785,1.4570647239875112
704,T010_009_1,2.6718305053397575,-2.4499350674153013,1.6774277863841232
705,T010_009_2,2.091418100376667,-1.2741150072804523,0.9353466329986473
706,T010_013_1,2.1832026723600046,-1.3989513297105343,1.0154175425294445
707,T010_013_2,2.0036434479019096,-1.0584945159384551,0.6156062923967585
708,T011_005_1,2.2433427255519724,-1.511912368220578,1.021383423072658
709,T011_005_2,2.159492002385162,-1.3310422992139086,1.0140720001671502
710,T011_007_1,2.030512512898815,-1.2293507030141944,0.7994476157463057
711,T011_007_2,1.5608820145938818,-0.5149993315061168,0.06384727650936889
712,T011_008_1,1.9585700429541362,-1.1290553034123387,0.7530610033589769
713,T011_008_2,2.0171525010234688,-1.3548539976054275,0.9547996194354955
714,T011_009_1,2.0397524002862037,-1.4311833783006764,0.9158362062276216
715,T011_009_2,2.032446270167292,-1.0941104920348428,0.8232651122283358
716,T011_012_1,2.0204048437666513,-1.2052696900576945,0.8276053401486357
717,T011_012_2,2.3335174336417017,-1.7055386711381262,1.363830458146654
718,T011_013_1,2.034407601230546,-1.2275464633706246,0.8583459907959464
719,T011_013_2,2.2781048861931574,-1.3858754714568817,1.2087988152345384
720,T011_014_1,2.117330209240073,-1.3367563831729388,0.9903610991224281
721,T011_014_2,1.9869460312222884,-0.8490789044669057,0.6193286989428652
722,T011_015_1,2.2347723291713764,-1.1219262998832338,0.9799434589991554
723,T011_015_2,1.7527485905864288,-0.4027088119765802,0.2681887821830272
724,T011_017_1,1.8645900199331058,-0.8916890160765921,0.5165915008892326
725,T011_017_2,2.0150265365001236,-1.5552396320521895,0.83409705951012
726,T011_019_1,1.9984551432549724,-1.1146586913470478,0.7165100180670304
727,T011_019_2,1.9956800324722388,-1.9101277372262777,1.0811911501357514
728,T013_001_1,2.3997203047377447,-1.4776405658239726,1.2597667354331474
729,T013_001_2,1.6052479528202266,-1.0788229732923655,0.43784030841381516
730,T013_003_1,1.9411480301035045,-1.1497794285424539,0.7788294072030609
731,T013_003_2,2.244006372727796,-1.53609312050589,1.2867435526971909
732,T013_004_1,2.190218637286844,-1.6017526557343236,1.0254823737500887
733,T013_004_2,2.21486435988769,-1.9369662506158651,1.0919875814708966
734,T013_005_1,2.2348869463424568,-1.4526979235083108,1.151609461141739
735,T013_005_2,1.5601000296140304,-0.958769210900168,0.26187667911670226
736,T013_006_1,1.9507551843038218,-0.9921594558851312,0.5814110607084256
737,T013_006_2,2.0533818622990596,-0.9308632543926664,0.798443424466174
738,T013_007_1,2.0291204246888888,-1.1617020467168835,1.034975634089252
739,T013_007_2,2.129758391276074,-1.68719618899475,1.1873571215584928
740,T013_008_1,1.1438433923475804,-0.4580368985891718,-0.06854715481938785
741,T013_008_2,2.1285050779717314,-1.2706132229604619,1.624833670549206
742,T013_009_1,1.3989393550594473,-0.663054106910039,0.28996785653865653
743,T013_009_2,2.0061815214182777,-1.3421921199202367,1.3513045286026122
744,T013_013_1,2.2768361922078864,-1.6891799462417205,1.1775156116518872
745,T013_013_2,2.2992698046194233,-1.8172026476876668,1.1529877609791215
746,T013_014_1,1.946643005917694,-0.9199532836223163,0.5602454891002233
747,T013_014_2,2.3507652929580667,-2.0569291694024945,1.258941271051926
748,T013_014_1,2.1912919744997628,-1.3419646000704157,0.9075504730087853
749,T013_014_2,2.5906052107036395,-2.132839782092471,1.3967301397346095
750,T013_014_1,2.197398281419483,-1.3942116227062464,1.0483623061434648
751,T013_014_2,2.548033559245169,-2.25302940007946,1.4091959218522423
752,T013_015_1,1.66287117660192,-0.7005104543503587,0.37464429096614393
753,T013_015_2,2.1288731820716706,-1.4267911994605798,1.0029801780593781
754,T013_017_1,2.0228539496496682,-1.2948900130733818,0.9732702153828551
755,T013_017_2,2.072425711030874,-1.1212479951118914,0.5906166942721772
756,T013_018_1,2.25087857162802,-1.3566334490114296,1.0051749846504692
757,T013_018_2,1.987307104452599,-1.4578132723677706,0.7432298367720233
758,T013_020_1,1.6744730679156907,-1.0083539851307057,0.5007528457569609
759,T013_020_2,2.2735838139727504,-1.6740283543320469,1.3344348291768597
760,T013_021_1,2.2199423399069675,-1.2163354143994498,1.0246728246972463
761,T013_021_2,2.110197918084935,-1.4951211719018824,1.235547811472776
762,T014_001_1,2.0955806095480245,-1.1908637437647676,0.8718273266271395
763,T014_001_2,1.9096071935636538,-1.1336846213895393,0.6511191529285616
764,T014_001_1,2.2444390233084213,-1.4577421614993868,1.1100349387466275
765,T014_001_2,2.0572433448547693,-0.9770970009372073,0.6807243412345082
766,T014_005_1,2.2734313756232165,-1.6927814732692779,1.315095871588283
767,T014_005_2,1.9015996921554617,-1.2355636053697,0.7015063857657453
768,T014_005_1,2.3136316511503705,-1.5045174452493963,1.1824580117546166
769,T014_005_2,2.497885818601676,-1.8899059871350812,1.4477904767836562
770,T014_005_1,2.213708708237974,-1.572918397872694,1.1785915551752206
771,T014_005_2,2.4097637017487,-2.0828795202839134,1.5546193894211515
772,T014_006_1,2.169531650095178,-1.0272023214697514,0.902279438729227
773,T014_006_2,1.5292287174927761,-0.5219614335800545,0.4145044557136527
774,T014_008_1,2.0400508997177678,-1.3786590918947046,0.9234819749812523
775,T014_008_2,2.145263880496691,-1.3183157789575841,0.9102715297582031
776,T014_010_1,2.4341183459259366,-1.3951544998825098,1.031802258833688
777,T014_010_2,1.8370421023639247,-1.199183920205531,0.5743772647075561
778,T014_010_1,2.0127832726648776,-0.9680548118580539,0.6756687305743858
779,T014_010_2,2.0507612474525185,-1.6434748694295596,0.8573186152216262
780,T014_011_1,2.3727643372470193,-1.9154279022866991,1.2303504676711121
781,T014_011_2,2.017032508170861,-1.1658672569999586,0.859630155886411
782,T014_011_1,2.414143921257783,-2.0294319853333054,1.356486545613651
783,T014_011_2,1.693383829534887,-0.8946866094312905,0.5767099792566512
784,T014_012_1,2.1298075372118377,-2.0625369603784742,1.1610280940163225
785,T014_012_2,2.4462168754084943,-2.4961805776280377,1.5330444663926677
786,T014_014_1,1.9457753497471488,-0.6758094825093953,0.5160164572772019
787,T014_014_2,1.7372892364448826,-0.7403511466011468,0.4897985604059856
788,T014_014_1,1.9097155235145793,-0.9721309827054565,0.5646550268481307
789,T014_014_2,1.5012406570154209,-0.30379345726702073,0.027468019811005197
790,T014_016_1,1.9598488595931842,-0.9612287078611644,0.5853431950548468
791,T014_016_2,2.252546044918445,-1.462374509888405,1.033424755158674
792,T014_018_1,2.1337231029363415,-1.4843495039488284,0.9930525782835397
793,T014_018_2,2.545703760652129,-2.0959216574055017,1.5255663504487698
794,T014_021_1,1.621184163672267,-0.14190391459074722,0.07011153375024153
795,T014_021_2,2.301433811270423,-1.7222544610474388,1.6163262296290832
796,T015_001_1,2.0733693265130984,-1.1684503136526394,0.8766827345026398
797,T015_001_2,1.9071860345341682,-1.2313460717335611,0.7448814218572741
798,T015_003_1,2.0117054622872,-1.5309684684684686,0.7575065530285194
799,T015_003_2,2.2291868836836324,-1.2442839603409932,1.120849833354624
800,T015_004_1,2.2388411355266435,-1.4574965142840188,0.9214068686808655
801,T015_004_2,1.7761690267288126,-0.34847428345440484,0.07600588351884441
802,T015_005_1,1.8308875143487129,-1.1369912551778554,0.6129745425747796
803,T015_005_2,1.813589880835,-0.7876382247459649,0.3992890773011196
804,T015_006_1,2.2195409166082207,-1.3489127438141844,0.9528117486291533
805,T015_006_2,1.9902592686041087,-0.7770148890174466,0.5154977773025159
806,T015_007_1,2.054765398089649,-1.498134402413369,0.841600047845936
807,T015_007_2,,,
808,T015_008_1,1.9700169049668406,-1.172374006614344,0.6502208857705014
809,T015_008_2,2.0595874673354677,-1.2560071708636487,0.832667794579712
810,T015_008_1,1.9119719795754742,-1.2779328050005578,0.5961781472017071
811,T015_008_2,2.241438657830901,-1.411418275695154,1.0909472146316388
812,T015_010_1,1.8919734886902375,-1.2139122812509782,0.6412795903300288
813,T015_010_2,2.439194884372366,-2.281287096203875,1.5546598953913948
814,T015_011_1,2.3798152948567055,-1.9154898182236542,1.3029894244780766
815,T015_011_2,2.8403894603246767,-2.3707187289215312,1.5717282037715878
816,T015_012_1,2.0939959990647163,-1.2283476658476653,0.9245766661488268
817,T015_012_2,2.4621461001808718,-1.580189361087019,1.2453530232899857
818,T015_012_1,1.7245147917844357,-0.9022882768930033,0.5337374497265698
819,T015_012_2,2.3218557749167457,-1.841036587881038,1.4275398354779214
820,T015_014_1,2.35016270387894,-2.022793653299653,1.153737405917725
821,T015_014_2,2.3031865350782286,-1.405092072759937,1.1357332130574507
822,T015_015_1,2.2560074034346047,-1.6881532736850906,1.1411018462120095
823,T015_015_2,2.5983733209468105,-2.04720378610755,1.7147374599988636
824,T015_017_1,2.1529235382308842,-0.8289900957947718,0.2222563598377781
825,T015_017_2,2.562100147129325,-2.556474325386429,1.4912737949919164
826,T015_018_1,2.161728378576865,-1.5522710409158365,1.1205246461038094
827,T015_018_2,2.0502133044844966,-1.1643669813604456,0.7171939253287729
828,T015_019_1,1.9240829933224939,-1.1942727605416175,0.649894814239905
829,T015_019_2,2.357722782559823,-1.5823207850394467,1.2939043596098203
830,T016_001_1,1.5854592505813854,-0.7126981928962127,0.3873033041415162
831,T016_001_2,1.8510757194747134,-0.5204173533131489,0.32615808009853514
832,T016_002_1,1.767176333546715,-0.9787737817089454,0.7078556307769697
833,T016_002_2,1.8834214547567634,-0.7768839482182149,0.505153309155545
834,T016_003_1,1.9662926394742162,-1.5585293503860718,0.9428889786273014
835,T016_003_2,2.3334041725643666,-1.6906973581041076,1.2474010307708334
836,T016_004_1,1.813744689825555,-1.1539737060286623,0.6333053238100953
837,T016_004_2,1.7064379653012365,-0.20925592173017504,0.40964012801253985
838,T016_004_1,1.8134470085119756,-0.965081602776121,0.5249856796050296
839,T016_004_2,2.017942820718229,-1.0161306911684036,0.8645179053879645
840,T016_005_1,1.4640433134137403,-0.24545398317664513,-0.014808009716296713
841,T016_005_2,1.7389399345547318,-0.3641352063213349,0.2806056582199104
842,T016_006_1,1.778462200476528,-1.1003632844723652,0.7585454777029501
843,T016_006_2,2.3685028618538286,-1.5298237047697374,1.1659199560556512
844,T016_006_1,1.9594935438129777,-1.1943392465616904,0.7572097917867251
845,T016_006_2,2.490889596335983,-1.6299844401076002,1.1520876592030258
846,T016_007_1,1.9109388194772294,-1.1025024507855758,0.835990752182405
847,T016_007_2,2.0918918458082363,-1.3069753201911791,0.9237097502577516
848,T016_008_1,1.801074889619275,-1.7575414148197896,0.7144124355833401
849,T016_008_2,2.7697349923645604,-2.814773701448574,1.9210233470323153
850,T017_004_1,2.08386402787413,-1.068292569371159,0.7356138356356386
851,T017_004_2,2.6008325662777483,-2.553915095896742,1.537648481635493
852,T017_005_1,1.8901677079907924,-0.919702965208901,0.615608612181263
853,T017_005_2,2.06312339320264,-1.0210332946594942,0.6594571221828065
854,T017_005_1,1.9402633071618354,-0.8439528257084058,0.6945399614398439
855,T017_005_2,2.449982026158852,-1.5211970074812973,1.3160133306328365
856,T017_005_1,2.064801631146701,-1.067000860000905,0.8119128318282113
857,T017_005_2,1.7091757757614727,-0.654467725265433,0.2643036892835097
858,T017_006_1,1.8688531362722092,-0.7319424964936885,0.5092328262205033
859,T017_006_2,2.0936039747376953,-1.5017166766489796,0.9167296431240259
860,T017_008_1,2.324390380716558,-2.0427368152378516,1.3352732104833416
861,T017_008_2,2.059013522345819,-1.3936094884050276,1.034288177933325
862,T017_011_1,2.59246554679312,-2.1494447320966272,1.6278779863366852
863,T017_011_2,1.8275249069586015,-1.1253237190880006,0.7334210055922983
864,T017_011_1,2.73137817762126,-2.2321657162806936,1.7789929839042509
865,T017_011_2,,,
866,T017_012_1,1.923744604571078,-0.9903813041981023,0.6485053643518005
867,T017_012_2,1.865007666689455,-0.903760245503632,0.6413647802422889
868,T017_016_1,1.85561801480695,-1.0003393921110193,0.6154210297097191
869,T017_016_2,2.4920478275810414,-1.781331089136686,1.1970041013184063
870,T017_017_1,2.2442039172269124,-1.3574474875246603,1.184555602450845
871,T017_017_2,2.350786068268266,-1.4685105458567025,1.0099482255856853
872,T017_018_1,2.1542566767988487,-1.3425603671307131,1.0221600655220902
873,T017_018_2,1.8100903988277777,-0.9566915327722518,0.5925917038601204
874,T018_001_1,2.345861384775952,-1.3461810144465205,1.0158837406380978
875,T018_001_2,1.8483839894745908,-0.8433173256829236,0.40043185054215985
876,T018_004_1,2.076775441492658,-1.6970478891305003,0.6276252627143724
877,T018_004_2,2.5489516060135164,-2.0004773192643284,1.5390100225750305
878,T018_005_1,2.00117865353421,-1.1659750556379822,0.6572324112698372
879,T018_005_2,1.8782722969172339,-1.0780009132782724,0.7321735929400762
880,T018_006_1,2.176835423096896,-1.564679133812481,1.1381630344795417
881,T018_006_2,2.1670610664682126,-1.1613354192324332,0.7441740031071982
882,T018_006_1,2.0846340293225163,-1.3576288864607131,0.8877364246491759
883,T018_006_2,2.265466935915293,-1.2724153177746167,0.962686998487636
884,T018_014_1,2.5541122150127724,-2.009137395169552,1.4681283217786902
885,T018_014_2,2.212666192813969,-1.6660002636319697,1.0192487694222065
886,T018_017_1,2.519210781891602,-2.167515859090295,1.401176430587195
887,T018_017_2,2.2336644517314,-1.6142466434609646,0.9580107950289078
888,T018_021_1,2.2238739027359515,-1.526175591727609,1.0999497591394036
889,T018_021_2,2.3057801651475756,-1.545488826638612,1.0802038575535824
890,T018_022_1,2.3018134770337033,-1.4477493057093687,1.158410221831497
891,T018_022_2,1.0127632836328886,-0.02608740840825233,-0.48474948380857796
892,T019_002_1,2.0084837580684347,-1.2961104715055733,0.7464342417761216
893,T019_002_2,1.8310109470420297,-1.1790843806104128,0.6611972388819729
894,T019_004_1,1.14740183562211,0.13614649681528626,-0.22855970455478053
895,T019_004_2,1.594991614134521,-0.3030438675022382,0.05693950177935923
896,T019_005_1,1.670682730923695,-0.6858957569408066,-0.03373363918499604
897,T019_005_2,2.501178223514264,-2.559570249532529,1.6915273980359478
898,T019_005_1,2.29836707577188,-1.946606608469136,1.1407957378398734
899,T019_005_2,2.345215116029683,-1.868280292113426,1.3386561516513389
900,T019_008_1,2.3585952272136645,-2.27535392076454,1.5618230966148114
901,T019_008_2,1.8327566715768557,-1.5306328093510682,0.7036695996180339
902,T019_008_1,2.4563057080219552,-2.701293759512938,1.6214589122033787
903,T019_008_2,2.57580607515588,-2.146997252387805,1.1224354292543655
904,T019_010_1,2.109706911892419,-1.2953333474972382,0.96293298974561
905,T019_010_2,1.9157188624983779,-0.9900185069264896,0.5336945987633251
906,T019_011_1,2.4139393280417525,-1.4438094561976431,1.2039896111391675
907,T019_011_2,2.2008027011530866,-1.4624307769760028,1.0525602473423399
908,T019_011_1,2.3471218539745826,-1.5027901785714286,0.8570618666288706
909,T019_011_2,2.517183011288458,-1.9254072355336682,1.437921020685058
910,T019_015_1,2.0722388508847818,-1.204315590983115,0.8986478504150958
911,T019_015_2,2.115030450250235,-1.4233663603949531,0.9729741357058044
912,T019_016_1,1.992548836659198,-1.459789752048805,0.9728404301414105
913,T019_016_2,2.29692504505514,-1.8462831562523219,1.3739531066385628
914,T020_001_1,1.8748254124042123,-0.7843897754137114,0.3760048080534888
915,T020_001_2,2.098515882076422,-1.0020036194415718,1.1547064305684993
916,T020_003_1,2.6330883102467975,-1.9562179314069672,1.6480061523150347
917,T020_003_2,1.4386174461572914,-1.397632617273126,0.2380580937523215
918,T020_004_1,1.6530474951787237,-0.7496739388190656,0.3418578974068213
919,T020_004_2,2.2926896509472976,-1.6565308477046392,1.0363333435235849
920,T020_006_1,2.2919617574709865,-1.7056836984170103,1.2664590582087887
921,T020_006_2,2.457827575474634,-2.8987517337031896,1.7083812218194676
922,T020_007_1,1.9967430458850746,-1.05040470093287,0.8052101767369172
923,T020_007_2,2.449479442107174,-2.208074046137407,1.4876914100077276
924,T020_008_1,1.8987586121920916,-0.7794880169844446,0.3667172535427902
925,T020_008_2,2.1952397378406343,-2.5469406118776243,1.21112043322401
926,T020_009_1,1.9703035618025442,-0.9772406944711386,0.6031087749754865
927,T020_009_2,1.8717364124439213,-2.2850720293918587,1.0969405209911536
928,T020_010_1,1.8564844776529188,-0.8355502986116498,0.7068776651930674
929,T020_010_2,1.7821755258200462,-0.974247196189891,0.5451745379876798
930,T020_010_1,1.9916483870318566,-1.3829169318905155,0.9322789129300307
931,T020_010_2,1.5227263705291572,-0.4276346422474005,0.25163889108285276
932,T020_010_1,1.9649088332936882,-1.3157229212928698,0.8945590878106213
933,T020_010_2,2.0766706212371524,-1.4363900762349622,0.9716126746529083
934,T020_010_1,1.7691259013110945,-0.8264882716572105,0.32641296717789414
935,T020_010_2,2.1063716948253655,-1.5143500988506515,0.9894384554581993
936,T020_011_1,1.9725882426179162,-0.9257565816452059,0.5639874177393315
937,T020_011_2,1.9103873178498494,-0.9823900651465797,0.6382744125146438
938,T020_012_1,1.9226671845306627,-0.6692811536767946,0.631317327130237
939,T020_012_2,1.7914322288708284,-0.7058703031721875,0.33292805883399545
940,T020_013_1,1.80751206546828,-1.0204269414795732,0.8161173353168147
941,T020_013_2,1.614807286373231,-0.6877804367334729,0.39483052159108495
942,T020_013_1,1.957907999280039,-0.7441730847182816,0.546717236430731
943,T020_013_2,1.9616132745821921,-0.9702778208908889,0.9819919437643158
944,T020_020_1,,,
945,T020_020_2,2.675209085661355,-2.622868712702472,1.8009300206373453
946,T020_020_1,,,
947,T020_020_2,2.721225129774246,-2.8092256156446163,2.0555893166418517
948,T020_021_1,2.512753506769501,-2.031337442718683,1.369857028177744
949,T020_021_2,2.5564033488732236,-2.42685226618935,1.5227777598918257
950,T020_022_1,2.216679385735899,-1.8924965458603464,1.0447461976424046
951,T020_022_2,2.272094209487481,-1.9066605359957958,0.9235549069037188
952,T020_022_1,1.9866914331203689,-1.4027878641168403,0.7213264932209599
953,T020_022_2,2.7943033149339755,-2.572725638259619,1.2950306785735977
954,T020_022_1,2.184888842097875,-1.5769471270756616,0.9491439375372012
955,T020_022_2,2.134021155750091,-1.7688650617034196,0.6989442086740498
956,T020_022_1,2.1058027680241045,-1.6701913864417075,0.8608849474584406
957,T020_022_2,2.4725378237257387,-2.04354756734279,1.016836580664638
958,T020_025_1,2.157144566741641,-1.351172535470117,0.8879922213838328
959,T020_025_2,2.347293347990455,-1.9568959385447044,1.293433432718573
960,T021_002_1,2.007252506856475,-0.9232913649743248,0.884666329244785
961,T021_002_2,1.9549974398037815,-0.9682185775829489,0.8119654880559871
962,T021_003_1,1.9450074504600008,-0.8932104051021611,0.7947223415443405
963,T021_003_2,1.895532804282292,-0.9170822227954034,0.595585169850922
964,T021_005_1,1.7544477552757871,-0.5043586405690643,0.3881844984908692
965,T021_005_2,2.468055811049607,-2.10483297401818,1.47258274751841
966,T021_006_1,2.2242419661080257,-1.6778846153846156,1.1947187386122244
967,T021_006_2,2.1102430310191025,-1.6623016588532278,0.8862175322841227
968,T021_007_1,2.164371265163756,-1.165596886687557,0.9889831808189761
969,T021_007_2,1.5699632771938714,0.08289386947923494,-0.24809000083955993
970,T021_008_1,1.813053424929464,-0.7128676852718012,0.5713449265179462
971,T021_008_2,2.418197118763853,-1.7120868213714144,1.4218304191967222
972,T021_010_1,,,
973,T021_010_2,2.052518673593342,-1.173864330820941,0.8070166400494558
974,T021_010_1,,,
975,T021_010_2,1.8992682126238152,-0.7842740395631252,0.5867069835522509
976,T021_011_1,2.16768414271252,-0.9888179563290369,0.8059475909397273
977,T021_011_2,2.0374105238795854,-2.0244956772334297,1.089637425357131
978,T021_011_1,2.256590345571682,-1.4315163139875429,1.1126168127473526
979,T021_011_2,2.03040225437082,-1.9026720552460175,1.0389929139780683
980,T021_014_1,2.2210138567584776,-1.324078143311569,1.2861726144643315
981,T021_014_2,1.0301602459833563,-0.5774574432576771,-0.30769633837060645
982,T021_015_1,1.7847993269424465,-0.2564609518429607,0.2584179266936418
983,T021_015_2,2.059469451380171,-0.5064593825268232,0.20869708903638023
984,T021_016_1,2.057226687522261,-1.0691368710081783,0.9014546015905499
985,T021_016_2,1.7260480328788208,-1.0833006632036333,0.5289662959962689
986,T022_003_1,2.036506389285762,-1.4451849692601229,1.0869078403668255
987,T022_003_2,2.1078520509678356,-1.3399021864211738,1.0120491436689376
988,T022_005_1,2.1913349036567946,-1.4525628577269014,1.109082264655239
989,T022_005_2,2.098369639676668,-1.2160037421535492,0.804168818935918
990,T022_007_1,2.426073564902198,-1.934800881649731,1.4890923074037248
991,T022_007_2,1.9506585346317131,-1.2357227299595324,0.8416855190694912
992,T022_007_1,2.3502113027272484,-1.6121247997771428,1.3512786002691783
993,T022_007_2,1.8702118843851354,-1.0459955789831663,0.6233706967856021
994,T022_008_1,,,
995,T022_008_2,2.398840759905652,-1.673324649008539,1.3527963226441935
996,T022_008_1,1.8979286870615584,-1.4554150453955903,0.5351746346296755
997,T022_008_2,2.2603194967192457,-1.5819868894838887,1.3429147171909015
998,T022_008_1,1.9719523774742533,-1.3429792600896862,0.7565475329185354
999,T022_008_2,2.1431899954034646,-1.4080443523055655,1.200230932270412
1000,T022_009_1,2.0216805958666995,-1.255071087852545,0.9123390982519025
1001,T022_009_2,1.6561679157529456,-0.6172604579762059,0.17565919340084415
1002,T022_011_1,2.360444928830008,-1.8335498875373966,1.5129924147064941
1003,T022_011_2,1.8886074416445486,-1.0942491371699172,0.7675616294773332
1004,T022_012_1,2.1757832073921146,-1.6546401965446185,1.3324337291591695
1005,T022_012_2,2.4245853979631025,-1.8618649587494573,1.4772901389952937
1006,T022_013_1,2.2684568863869767,-1.1925424233402797,1.0026493073953524
1007,T022_013_2,,,
1008,T022_013_1,2.4223878893918074,-1.6022253646918727,1.475929149950798
1009,T022_013_2,,,
1010,T022_013_1,2.186694060717472,-1.4199669966996695,1.2479661656160763
1011,T022_013_2,,,
1012,T022_013_1,2.2774945688412807,-1.650322909585316,1.3769036077388355
1013,T022_013_2,,,
1014,T022_015_1,2.4389278621537054,-1.639928016777192,1.2440033085194373
1015,T022_015_2,2.1713923789603924,-1.4274740039724265,0.9206286201523038
1016,T022_017_1,2.4951042429894086,-2.115158225452343,1.3811845431563738
1017,T022_017_2,2.1011645721912564,-0.9482200949781254,0.642918833668162
1018,T022_017_1,2.264268301018432,-1.7924986508364813,1.1688019626550354
1019,T022_017_2,2.0603923737536682,-1.0708216591545865,0.6441844776302474
1020,T023_001_1,1.7489691819879436,-0.8857064649380384,0.33103525937789335
1021,T023_001_2,2.2483984270161153,-1.5567970132571645,1.3970461313573488
1022,T023_002_1,1.971459952405518,-0.7086135284810128,0.3890936866925708
1023,T023_002_2,2.1260372268382617,-1.4198002997707635,1.0396139695727584
1024,T023_004_1,1.7172678735370932,-1.1041215904657187,0.5446217125763425
1025,T023_004_2,1.6069185622469906,-1.0643328517318131,0.4074463609591923
1026,T023_005_1,1.8878592799873586,-0.6337791962271052,0.27826733631482925
1027,T023_005_2,1.9100348032660248,-1.2737575637337568,0.5692653623404855
1028,T023_007_1,1.9985800762274863,-1.2351663373304822,0.6395310951521154
1029,T023_007_2,2.581294259759039,-1.8639865276434124,1.6395149491522383
1030,T023_008_1,,,
1031,T023_008_2,2.039112686561179,-1.6198911169295611,0.9349393536395827
1032,T023_008_1,2.441262141990974,-1.980861837859306,1.504493147949377
1033,T023_008_2,1.9112017040244882,-1.3668149764942916,0.8440201627664666
1034,T023_009_1,1.9621883032244705,-0.8002346622798531,0.5767677750480404
1035,T023_009_2,2.0012609262465,-0.9065059528835601,0.6626955372746256
1036,T023_011_1,1.933492948463592,-1.2231898815584974,0.7973552297375386
1037,T023_011_2,1.723998955106915,-1.5263053895173642,0.8078289163210054
1038,T023_012_1,2.0406415030055243,-1.2797081973507392,0.9815632429285334
1039,T023_012_2,2.2261372851441386,-1.41378875724729,1.1713845958554152
1040,T023_013_1,2.0643108357059115,-1.5282523100371512,1.0715890441516225
1041,T023_013_2,1.641644416741867,-0.903397734843438,0.26107115645499984
1042,T023_017_1,1.9082506250473519,-1.150655094997152,0.6625014715527826
1043,T023_017_2,2.446408307549126,-2.351932202288091,1.4913310825137411
1044,T023_020_1,2.168200478627157,-1.6380094590752847,1.0545547621207603
1045,T023_020_2,2.1234405032945367,-1.8918006385443453,1.1170122305522876
1046,T024_001_1,1.820039779769969,-0.9570764345656608,0.692924013554649
1047,T024_001_2,2.362900933033522,-1.7534121002240781,1.4349080418319502
1048,T024_003_1,1.7395033053421478,-0.9380612479852637,0.5417799314501831
1049,T024_003_2,2.0283356769520573,-1.498745819397993,0.9943419174025698
1050,T024_003_1,1.8055042720364085,-0.3595006702412869,0.2950644693023654
1051,T024_003_2,2.154070994771199,-1.536019380339156,1.1019015587607524
1052,T024_004_1,1.9145500085902103,-1.4305040837620984,0.8235219739527824
1053,T024_004_2,2.240581115596172,-1.5346392413648526,1.236183402177067
1054,T024_005_1,2.127663203030783,-1.6161941165086124,1.0836880640217945
1055,T024_005_2,1.984285745079865,-1.2875542876607342,0.711663299084304
1056,T024_006_1,,,
1057,T024_006_2,1.2636462599139495,-0.3269927536231882,-0.18638657192874072
1058,T024_007_1,1.7223709548635573,-0.9068672275054863,0.5586779945850061
1059,T024_007_2,1.1396406640891519,0.04124310194597758,-0.7163338838012313
1060,T024_008_1,1.8580345360276687,-1.3283875068547784,0.5983114821712011
1061,T024_008_2,2.4102523892385506,-1.565947762002818,1.1642158192703524
1062,T024_009_1,,,
1063,T024_009_2,2.604629598966785,-2.5931426315096737,1.8198562641917062
1064,T024_010_1,1.938616607954859,-1.4157069787874985,0.7662767079718471
1065,T024_010_2,1.8960826000324145,-1.1238622572815535,0.7288282455104642
1066,W001_001_1,2.4134757425466136,-2.4854888344502255,1.6425005833950546
1067,W001_001_2,,,
1068,W001_001_1,2.310586031333565,-2.3713083328341225,1.4423419076626156
1069,W001_001_2,,,
1070,W001_001_1,1.8551649380404525,-2.2905858350335175,1.0796866558616962
1071,W001_001_2,,,
1072,W001_002_1,2.671649801678208,-2.4811100140310764,1.964141031337393
1073,W001_002_2,,,
1074,W001_003_1,3.01115289019183,-2.7201941986234024,2.205536594615092
1075,W001_003_2,,,
1076,W001_003_1,,,
1077,W001_003_2,,,
1078,W001_003_1,,,
1079,W001_003_2,,,
1080,W001_003_1,2.7846883714867015,-2.61449027728767,1.9420766603698083
1081,W001_003_2,,,
1082,W001_004_1,2.5170028078031237,-2.76797646717025,1.825345099044341
1083,W001_004_2,2.9660894188689784,-3.234593423045454,2.381969457792972
1084,W002_001_1,1.9887631708603088,-1.3360826338241367,0.8147329522888571
1085,W002_001_2,1.8785870324411886,-1.1912718057520038,0.777772833793124
1086,W003_001_1,2.7048412832936854,-2.0612213989468287,1.6374940136197447
1087,W003_001_2,,,
1088,W003_002_1,2.605087095413176,-2.1649778709527134,1.7359167563688553
1089,W003_002_2,1.57311803502388,-0.6280133604414754,0.4157784116499018
1090,W004_001_1,2.4246842308470153,-1.79256712508186,1.5097025054106596
1091,W004_001_2,,,
1092,W004_001_1,2.3900632618423083,-1.8884683882457702,1.4168323485760688
1093,W004_001_2,,,
1094,W004_002_1,2.4723929300200487,-1.8279619616771008,1.4089120329088938
1095,W004_002_2,0.8733219428850378,-0.5079241765071473,-0.7160682659797135
1096,W004_003_1,2.3953446273803376,-1.8282174816798198,1.407705341935028
1097,W004_003_2,2.254499166008252,-1.8979284998329435,1.1263669501822597
1098,W004_004_1,2.3199733276178227,-1.6179178802969085,1.1572100090214137
1099,W004_004_2,,,
1100,W004_004_1,2.6261418774226772,-1.6633486336464558,1.1988817459888712
1101,W004_004_2,,,
1102,W004_005_1,2.775432305823839,-2.124944046553267,1.8209160831133047
1103,W004_005_2,,,
1104,W004_005_1,2.393408513524388,-1.771879139450966,1.3968687587520943
1105,W004_005_2,2.543648074551186,-2.039916340334639,1.3335755153936972
1106,W004_006_1,2.350884939910014,-1.6940928270042193,1.2940945163365982
1107,W004_006_2,,,
1108,W004_007_1,2.575448271137675,-1.8027877636844605,1.3940740234441749
1109,W004_007_2,,,
1110,W004_007_1,2.2905971747134237,-1.556628446723015,1.2436751230199437
1111,W004_007_2,,,
1112,W004_008_1,2.496032938099698,-1.9843804659623592,1.5986389760586717
1113,W004_008_2,,,
1114,W004_008_1,2.0182331561082574,-1.3641946150212563,0.8885464663993778
1115,W004_008_2,0.9230657675295482,-0.8604230448093516,-0.291481109036058
1116,W004_009_1,2.2793311593700136,-1.7056035162409333,1.271554710855061
1117,W004_009_2,1.5945029038008167,-1.3877698642332519,0.4437849560552449
1118,W004_010_1,2.555494169986333,-1.7719890197872583,1.4073054863565255
1119,W004_010_2,,,
1120,W004_010_1,2.429392430078038,-1.7894642430040657,1.414745987691565
1121,W004_010_2,2.342250280883848,-1.8446450809464505,1.2853575603017746
1122,W005_001_1,2.058206024086883,-1.4280768143705052,0.9251745166322621
1123,W005_001_2,1.7916594805284396,-1.1216691464899227,0.7152668085983105
1124,W006_001_1,1.7253912725463214,-0.439495230001317,0.1725058581693744
1125,W006_001_2,1.9081270275399034,-0.505776192824411,0.35740480907618244
1126,W007_002_1,2.100941080757435,-1.8664323614681908,0.9685458747864536
1127,W007_002_2,2.3552631099416526,-1.6569759830091786,1.2298322174543388
1128,W007_003_1,2.2213669416533905,-1.7392122533705154,1.0728081882283707
1129,W007_003_2,2.348795622743463,-1.7249966080669856,1.3421198317809655
1130,W007_004_1,,,
1131,W007_004_2,2.3843195742129812,-1.9573595082062285,1.4227255479991825
1132,W007_004_1,2.2220859774983874,-1.521518244935485,1.0825631154451887
1133,W007_004_2,2.3146117336756067,-1.7389969293756395,1.253758912582663
1134,W008_001_1,2.5568809252451508,-2.2365886070173833,1.669284054114247
1135,W008_001_2,2.547199879365711,-2.3639986045175325,1.52446886497078
1136,W008_001_1,2.4257704555622817,-1.930305833886115,1.5191549394507626
1137,W008_001_2,2.565652224870102,-2.0890890761515797,1.1052754738566337
1138,W008_001_1,2.3873659719222804,-1.697795903981471,1.431810589874008
1139,W008_001_2,2.646936806372099,-2.43068612319349,1.5444514723452103
1140,W009_001_1,2.1026264414947273,-1.3769982366374696,0.9588245530082219
1141,W009_001_2,2.2171565570565863,-1.46959093371862,0.9871585352462033
1142,W009_002_1,1.945222873181707,-1.5037385643912735,0.9650393141131
1143,W009_002_2,2.1891022804377966,-1.5201423654568211,1.1291862269450608
1144,W009_002_1,2.0654631130021572,-1.5934744791048905,1.0249597903139331
1145,W009_002_2,2.13120944708019,-1.459115089351129,0.9981937628874217
1146,W010_001_1,2.4058844518163496,-2.250599989732796,1.3648006888973139
1147,W010_001_2,2.426887585407804,-2.114411105439536,1.2376882523845762
1148,W010_001_1,2.376300818648536,-2.3222802104548537,1.377747223465711
1149,W010_001_2,2.548182780375195,-2.33626380917626,1.6365112135995075
1150,W011_001_1,1.8650183977793555,-1.2560975609756095,0.7346690564588397
1151,W011_001_2,1.644711804063593,-0.6749644381223333,0.128486177079527
1152,W011_001_1,1.7638266068759343,-1.1802639472105576,0.5657844558004727
1153,W011_001_2,1.5700099304865938,-0.43534230544177893,0.0172439872939038
